task_id,method,control_index,control_r,alpha,one_minus_alpha,gamma,graph_family,n,p,graph_seed,init_id,init_seed,device_seed,initial_parameters,final_parameters,final_objective_loss,final_mean_ratio,tail_mean_ratio,peak_mean_ratio,best_ratio_so_far,final_optimal_mass,shots,steps,tail_window,optimizer_learning_rate,optimizer_learning_rate_decay_power,optimizer_learning_rate_decay_offset,optimizer_momentum,optimizer_gradient_clip,optimizer_tilt_learning_rate_penalty,simulator
CVaR|r=-0|erdos_renyi|g=0|init=0,CVaR,0,-0.0,1.0,0.0,-0.0,erdos_renyi,8,2,0,0,20262429,910000,"[3.0045084741480124, 0.6658867766369198, 2.9231716237466285, 4.046416608096568]","[2.7388184911279856, 0.8740489947534433, 3.373770713831004, 4.467947553771474]",0.8855999999999999,0.8734857142857143,0.8740657142857143,0.8774,1.0,0.35900000000000004,5000,100,10,0.18,0.35,6.0,0.7,2.5,0.0,lightning.qubit
QTL|r=-0|erdos_renyi|g=0|init=0,QTL,0,-0.0,1.0,0.0,-0.0,erdos_renyi,8,2,0,0,20262429,910000,"[3.0045084741480124, 0.6658867766369198, 2.9231716237466285, 4.046416608096568]","[2.7388184911279856, 0.8740489947534433, 3.373770713831004, 4.467947553771474]",0.8855999999999999,0.8734857142857143,0.8740657142857143,0.8774,1.0,0.35900000000000004,5000,100,10,0.18,0.35,6.0,0.7,2.5,0.0,lightning.qubit
CVaR|r=-0|erdos_renyi|g=0|init=1,CVaR,0,-0.0,1.0,0.0,-0.0,erdos_renyi,8,2,0,1,20262430,910001,"[5.1541213316333945, 3.721852295442659, 4.903726068591482, 1.2222919096378122]","[4.58313089621601, 3.6176340076170104, 5.332330750450071, 1.009716192822749]",2.6886,0.6159142857142855,0.6207057142857143,0.6254,1.0,0.0242,5000,100,10,0.18,0.35,6.0,0.7,2.5,0.0,lightning.qubit
QTL|r=-0|erdos_renyi|g=0|init=1,QTL,0,-0.0,1.0,0.0,-0.0,erdos_renyi,8,2,0,1,20262430,910001,"[5.1541213316333945, 3.721852295442659, 4.903726068591482, 1.2222919096378122]","[4.58313089621601, 3.6176340076170104, 5.332330750450071, 1.009716192822749]",2.6886,0.6159142857142855,0.6207057142857143,0.6254,1.0,0.0242,5000,100,10,0.18,0.35,6.0,0.7,2.5,0.0,lightning.qubit
CVaR|r=-0|erdos_renyi|g=0|init=2,CVaR,0,-0.0,1.0,0.0,-0.0,erdos_renyi,8,2,0,2,20262431,910002,"[0.7781164276219816, 3.2262615747046017, 1.0811483388068108, 2.98222281407082]","[0.29798207159045725, 3.7147178427217504, 1.0931553450363118, 2.888363598816894]",0.7902,0.8871142857142856,0.8898942857142857,0.8935428571428572,1.0,0.387,5000,100,10,0.18,0.35,6.0,0.7,2.5,0.0,lightning.qubit
QTL|r=-0|erdos_renyi|g=0|init=2,QTL,0,-0.0,1.0,0.0,-0.0,erdos_renyi,8,2,0,2,20262431,910002,"[0.7781164276219816, 3.2262615747046017, 1.0811483388068108, 2.98222281407082]","[0.29798207159045725, 3.7147178427217504, 1.0931553450363118, 2.888363598816894]",0.7902,0.8871142857142856,0.8898942857142857,0.8935428571428572,1.0,0.387,5000,100,10,0.18,0.35,6.0,0.7,2.5,0.0,lightning.qubit
CVaR|r=-0|erdos_renyi|g=0|init=3,CVaR,0,-0.0,1.0,0.0,-0.0,erdos_renyi,8,2,0,3,20262432,910003,"[4.307602282343021, 3.034090238606556, 2.891329909804126, 1.6537892584670473]","[4.407811180841365, 2.953076799766134, 3.251243670631291, 2.0977163490977504]",2.677,0.6175714285714287,0.6177285714285714,0.6250857142857144,1.0,0.0262,5000,100,10,0.18,0.35,6.0,0.7,2.5,0.0,lightning.qubit
QTL|r=-0|erdos_renyi|g=0|init=3,QTL,0,-0.0,1.0,0.0,-0.0,erdos_renyi,8,2,0,3,20262432,910003,"[4.307602282343021, 3.034090238606556, 2.891329909804126, 1.6537892584670473]","[4.407811180841365, 2.953076799766134, 3.251243670631291, 2.0977163490977504]",2.677,0.6175714285714287,0.6177285714285714,0.6250857142857144,1.0,0.0262,5000,100,10,0.18,0.35,6.0,0.7,2.5,0.0,lightning.qubit
CVaR|r=-0|erdos_renyi|g=0|init=4,CVaR,0,-0.0,1.0,0.0,-0.0,erdos_renyi,8,2,0,4,20262433,910004,"[1.697931517675189, 4.9740234499068094, 5.809501218322688, 4.3764810471886175]","[1.5945067946379865, 5.065466508824753, 5.917129513808146, 4.349425662046723]",1.3204,0.8113714285714285,0.80956,0.8147142857142857,1.0,0.20879999999999999,5000,100,10,0.18,0.35,6.0,0.7,2.5,0.0,lightning.qubit
QTL|r=-0|erdos_renyi|g=0|init=4,QTL,0,-0.0,1.0,0.0,-0.0,erdos_renyi,8,2,0,4,20262433,910004,"[1.697931517675189, 4.9740234499068094, 5.809501218322688, 4.3764810471886175]","[1.5945067946379865, 5.065466508824753, 5.917129513808146, 4.349425662046723]",1.3204,0.8113714285714285,0.80956,0.8147142857142857,1.0,0.20879999999999999,5000,100,10,0.18,0.35,6.0,0.7,2.5,0.0,lightning.qubit
CVaR|r=0.0969100130081|erdos_renyi|g=0|init=0,CVaR,1,0.09691001300805638,0.8,0.19999999999999996,0.3876400520322255,erdos_renyi,8,2,0,0,20262429,910100,"[3.0045084741480124, 0.6658867766369198, 2.9231716237466285, 4.046416608096568]","[2.7111970464003354, 0.909991554361276, 3.3873604009528218, 4.447567558617743]",0.5425,0.8713428571428571,0.8696914285714286,0.8764571428571429,1.0,0.366,5000,100,10,0.18,0.35,6.0,0.7,2.5,0.0,lightning.qubit
QTL|r=0.0969100130081|erdos_renyi|g=0|init=0,QTL,1,0.09691001300805638,0.8,0.19999999999999996,0.3876400520322255,erdos_renyi,8,2,0,0,20262429,910100,"[3.0045084741480124, 0.6658867766369198, 2.9231716237466285, 4.046416608096568]","[2.7237765509838607, 0.8909155627758935, 3.377071231887804, 4.454844933271084]",0.7572760624999557,0.8734000000000001,0.8723085714285714,0.8776285714285714,1.0,0.3614,5000,100,10,0.18,0.35,6.0,0.7,2.5,0.0,lightning.qubit
CVaR|r=0.0969100130081|erdos_renyi|g=0|init=1,CVaR,1,0.09691001300805638,0.8,0.19999999999999996,0.3876400520322255,erdos_renyi,8,2,0,1,20262430,910101,"[5.1541213316333945, 3.721852295442659, 4.903726068591482, 1.2222919096378122]","[4.503541983481904, 3.574993958704026, 5.435978070475825, 1.0279869416015832]",2.160499999999997,0.6225714285714286,0.6207771428571429,0.6278857142857143,1.0,0.0306,5000,100,10,0.18,0.35,6.0,0.7,2.5,0.0,lightning.qubit
QTL|r=0.0969100130081|erdos_renyi|g=0|init=1,QTL,1,0.09691001300805638,0.8,0.19999999999999996,0.3876400520322255,erdos_renyi,8,2,0,1,20262430,910101,"[5.1541213316333945, 3.721852295442659, 4.903726068591482, 1.2222919096378122]","[4.4925464707981995, 3.5778759116888383, 5.528017960809422, 0.9135270248612942]",2.3038510264353316,0.6226857142857144,0.6200342857142858,0.6275714285714286,1.0,0.0398,5000,100,10,0.18,0.35,6.0,0.7,2.5,0.0,lightning.qubit
CVaR|r=0.0969100130081|erdos_renyi|g=0|init=2,CVaR,1,0.09691001300805638,0.8,0.19999999999999996,0.3876400520322255,erdos_renyi,8,2,0,2,20262431,910102,"[0.7781164276219816, 3.2262615747046017, 1.0811483388068108, 2.98222281407082]","[0.3360651760478378, 3.779281772758809, 1.048597825789373, 2.846039196422155]",0.4637500000000001,0.8789142857142858,0.8797742857142857,0.8898,1.0,0.42899999999999994,5000,100,10,0.18,0.35,6.0,0.7,2.5,0.0,lightning.qubit
QTL|r=0.0969100130081|erdos_renyi|g=0|init=2,QTL,1,0.09691001300805638,0.8,0.19999999999999996,0.3876400520322255,erdos_renyi,8,2,0,2,20262431,910102,"[0.7781164276219816, 3.2262615747046017, 1.0811483388068108, 2.98222281407082]","[0.30634466257783033, 3.729339778848557, 1.0786104249173216, 2.873647722129521]",0.6491094176383146,0.8897428571428572,0.8895514285714284,0.8924000000000001,1.0,0.4202,5000,100,10,0.18,0.35,6.0,0.7,2.5,0.0,lightning.qubit
CVaR|r=0.0969100130081|erdos_renyi|g=0|init=3,CVaR,1,0.09691001300805638,0.8,0.19999999999999996,0.3876400520322255,erdos_renyi,8,2,0,3,20262432,910103,"[4.307602282343021, 3.034090238606556, 2.891329909804126, 1.6537892584670473]","[4.317431231091155, 3.04809846856799, 3.2726617657104056, 2.0543887883476453]",2.2272499999999997,0.6178571428571429,0.6176514285714286,0.6249428571428571,1.0,0.020999999999999998,5000,100,10,0.18,0.35,6.0,0.7,2.5,0.0,lightning.qubit
QTL|r=0.0969100130081|erdos_renyi|g=0|init=3,QTL,1,0.09691001300805638,0.8,0.19999999999999996,0.3876400520322255,erdos_renyi,8,2,0,3,20262432,910103,"[4.307602282343021, 3.034090238606556, 2.891329909804126, 1.6537892584670473]","[4.291264435792845, 3.0774583970729883, 3.2796010530826893, 2.060958756497439]",2.403649775290312,0.6180571428571427,0.6172714285714285,0.6252285714285714,1.0,0.022600000000000002,5000,100,10,0.18,0.35,6.0,0.7,2.5,0.0,lightning.qubit
CVaR|r=0.0969100130081|erdos_renyi|g=0|init=4,CVaR,1,0.09691001300805638,0.8,0.19999999999999996,0.3876400520322255,erdos_renyi,8,2,0,4,20262433,910104,"[1.697931517675189, 4.9740234499068094, 5.809501218322688, 4.3764810471886175]","[1.603249102698476, 5.109281357039597, 5.909545170884781, 4.328587316136158]",0.9275000000000007,0.8043714285714286,0.8032685714285716,0.8110857142857143,1.0,0.22719999999999999,5000,100,10,0.18,0.35,6.0,0.7,2.5,0.0,lightning.qubit
QTL|r=0.0969100130081|erdos_renyi|g=0|init=4,QTL,1,0.09691001300805638,0.8,0.19999999999999996,0.3876400520322255,erdos_renyi,8,2,0,4,20262433,910104,"[1.697931517675189, 4.9740234499068094, 5.809501218322688, 4.3764810471886175]","[1.5969789602725617, 5.084950434586653, 5.919578263945164, 4.339433642367224]",1.12608508393798,0.8100857142857143,0.8079342857142857,0.8146571428571427,1.0,0.223,5000,100,10,0.18,0.35,6.0,0.7,2.5,0.0,lightning.qubit
CVaR|r=0.187086643357|erdos_renyi|g=0|init=0,CVaR,2,0.1870866433571444,0.65,0.35,0.7483465734285776,erdos_renyi,8,2,0,0,20262429,910200,"[3.0045084741480124, 0.6658867766369198, 2.9231716237466285, 4.046416608096568]","[2.7055350285210586, 0.9161119644859144, 3.3947516356804304, 4.4415725589698924]",0.4467692307692308,0.8678571428571429,0.8700085714285715,0.8746285714285715,1.0,0.3596,5000,100,10,0.18,0.35,6.0,0.7,2.5,0.0,lightning.qubit
QTL|r=0.187086643357|erdos_renyi|g=0|init=0,QTL,2,0.1870866433571444,0.65,0.35,0.7483465734285776,erdos_renyi,8,2,0,0,20262429,910200,"[3.0045084741480124, 0.6658867766369198, 2.9231716237466285, 4.046416608096568]","[2.7154136091776597, 0.9032325961532082, 3.37785246846021, 4.445823409427314]",0.6706650465667524,0.8700857142857142,0.87248,0.8759714285714286,1.0,0.35660000000000003,5000,100,10,0.18,0.35,6.0,0.7,2.5,0.0,lightning.qubit
CVaR|r=0.187086643357|erdos_renyi|g=0|init=1,CVaR,2,0.1870866433571444,0.65,0.35,0.7483465734285776,erdos_renyi,8,2,0,1,20262430,910201,"[5.1541213316333945, 3.721852295442659, 4.903726068591482, 1.2222919096378122]","[4.4879361387301975, 3.5560674061484416, 5.4984559093423, 0.9223716982739892]",1.9086153846153868,0.6183428571428572,0.6205742857142857,0.6261142857142857,1.0,0.0412,5000,100,10,0.18,0.35,6.0,0.7,2.5,0.0,lightning.qubit
QTL|r=0.187086643357|erdos_renyi|g=0|init=1,QTL,2,0.1870866433571444,0.65,0.35,0.7483465734285776,erdos_renyi,8,2,0,1,20262430,910201,"[5.1541213316333945, 3.721852295442659, 4.903726068591482, 1.2222919096378122]","[4.422862565499547, 3.595156986487324, 5.611553285994158, 0.7812499851443158]",1.9925091307470433,0.6192857142857143,0.6186342857142857,0.6220857142857142,1.0,0.0538,5000,100,10,0.18,0.35,6.0,0.7,2.5,0.0,lightning.qubit
CVaR|r=0.187086643357|erdos_renyi|g=0|init=2,CVaR,2,0.1870866433571444,0.65,0.35,0.7483465734285776,erdos_renyi,8,2,0,2,20262431,910202,"[0.7781164276219816, 3.2262615747046017, 1.0811483388068108, 2.98222281407082]","[0.3369095707863584, 3.780108520295773, 1.0515260427805773, 2.8476070151781956]",0.3255384615384614,0.8819428571428573,0.8794857142857143,0.89,1.0,0.43839999999999996,5000,100,10,0.18,0.35,6.0,0.7,2.5,0.0,lightning.qubit
QTL|r=0.187086643357|erdos_renyi|g=0|init=2,QTL,2,0.1870866433571444,0.65,0.35,0.7483465734285776,erdos_renyi,8,2,0,2,20262431,910202,"[0.7781164276219816, 3.2262615747046017, 1.0811483388068108, 2.98222281407082]","[0.31698125401212623, 3.744760863190754, 1.0718557092238785, 2.8629245817914493]",0.5532397549050087,0.889457142857143,0.8874428571428572,0.8909142857142857,1.0,0.43239999999999995,5000,100,10,0.18,0.35,6.0,0.7,2.5,0.0,lightning.qubit
CVaR|r=0.187086643357|erdos_renyi|g=0|init=3,CVaR,2,0.1870866433571444,0.65,0.35,0.7483465734285776,erdos_renyi,8,2,0,3,20262432,910203,"[4.307602282343021, 3.034090238606556, 2.891329909804126, 1.6537892584670473]","[4.298224134938635, 3.077433363183441, 3.3358380192452444, 1.9998095686286348]",1.9796923076923068,0.6225714285714286,0.6184771428571428,0.623942857142857,1.0,0.0238,5000,100,10,0.18,0.35,6.0,0.7,2.5,0.0,lightning.qubit
QTL|r=0.187086643357|erdos_renyi|g=0|init=3,QTL,2,0.1870866433571444,0.65,0.35,0.7483465734285776,erdos_renyi,8,2,0,3,20262432,910203,"[4.307602282343021, 3.034090238606556, 2.891329909804126, 1.6537892584670473]","[4.2742046598314465, 3.107339406558474, 3.302303264169754, 2.035365261810847]",2.1281075180078517,0.6233428571428572,0.6185114285714286,0.6233428571428572,1.0,0.0274,5000,100,10,0.18,0.35,6.0,0.7,2.5,0.0,lightning.qubit
CVaR|r=0.187086643357|erdos_renyi|g=0|init=4,CVaR,2,0.1870866433571444,0.65,0.35,0.7483465734285776,erdos_renyi,8,2,0,4,20262433,910204,"[1.697931517675189, 4.9740234499068094, 5.809501218322688, 4.3764810471886175]","[1.617783315764048, 5.094676956594508, 5.980283762789681, 4.325676695315736]",0.6612307692307695,0.8072571428571429,0.8068714285714286,0.8122285714285715,1.0,0.2268,5000,100,10,0.18,0.35,6.0,0.7,2.5,0.0,lightning.qubit
QTL|r=0.187086643357|erdos_renyi|g=0|init=4,QTL,2,0.1870866433571444,0.65,0.35,0.7483465734285776,erdos_renyi,8,2,0,4,20262433,910204,"[1.697931517675189, 4.9740234499068094, 5.809501218322688, 4.3764810471886175]","[1.6084734307068254, 5.091535844723396, 5.939584115535698, 4.3291141165474984]",0.9723448741772299,0.8087714285714286,0.8084200000000001,0.8128857142857143,1.0,0.22419999999999998,5000,100,10,0.18,0.35,6.0,0.7,2.5,0.0,lightning.qubit
CVaR|r=0.301029995664|erdos_renyi|g=0|init=0,CVaR,3,0.30102999566398114,0.5,0.5,1.2041199826559246,erdos_renyi,8,2,0,0,20262429,910300,"[3.0045084741480124, 0.6658867766369198, 2.9231716237466285, 4.046416608096568]","[2.7085717093153154, 0.9126058198403914, 3.3998201223516316, 4.447152680352756]",0.2956000000000002,0.8668000000000001,0.8683457142857144,0.8742285714285715,1.0,0.35219999999999996,5000,100,10,0.18,0.35,6.0,0.7,2.5,0.0,lightning.qubit
QTL|r=0.301029995664|erdos_renyi|g=0|init=0,QTL,3,0.30102999566398114,0.5,0.5,1.2041199826559246,erdos_renyi,8,2,0,0,20262429,910300,"[3.0045084741480124, 0.6658867766369198, 2.9231716237466285, 4.046416608096568]","[2.708759660849614, 0.9123691358363364, 3.3872266610594743, 4.442222782102021]",0.5728236380720579,0.8682000000000001,0.8696685714285713,0.8747428571428573,1.0,0.35300000000000004,5000,100,10,0.18,0.35,6.0,0.7,2.5,0.0,lightning.qubit
CVaR|r=0.301029995664|erdos_renyi|g=0|init=1,CVaR,3,0.30102999566398114,0.5,0.5,1.2041199826559246,erdos_renyi,8,2,0,1,20262430,910301,"[5.1541213316333945, 3.721852295442659, 4.903726068591482, 1.2222919096378122]","[4.48165095661346, 3.5632083978140865, 5.5089149978207175, 0.9094482559564102]",1.6060000000000005,0.6153142857142857,0.6196371428571428,0.6266857142857143,1.0,0.038599999999999995,5000,100,10,0.18,0.35,6.0,0.7,2.5,0.0,lightning.qubit
QTL|r=0.301029995664|erdos_renyi|g=0|init=1,QTL,3,0.30102999566398114,0.5,0.5,1.2041199826559246,erdos_renyi,8,2,0,1,20262430,910301,"[5.1541213316333945, 3.721852295442659, 4.903726068591482, 1.2222919096378122]","[4.3139224156947815, 3.6972269099140607, 5.690767132364212, 0.6003039621479269]",1.5910978304810697,0.6263714285714286,0.6220885714285714,0.6305142857142857,1.0,0.0684,5000,100,10,0.18,0.35,6.0,0.7,2.5,0.0,lightning.qubit
CVaR|r=0.301029995664|erdos_renyi|g=0|init=2,CVaR,3,0.30102999566398114,0.5,0.5,1.2041199826559246,erdos_renyi,8,2,0,2,20262431,910302,"[0.7781164276219816, 3.2262615747046017, 1.0811483388068108, 2.98222281407082]","[0.33971981944951796, 3.784625907740963, 1.0498602156078223, 2.8466470398919723]",0.15480000000000005,0.8784285714285714,0.8782,0.8911142857142857,1.0,0.4226,5000,100,10,0.18,0.35,6.0,0.7,2.5,0.0,lightning.qubit
QTL|r=0.301029995664|erdos_renyi|g=0|init=2,QTL,3,0.30102999566398114,0.5,0.5,1.2041199826559246,erdos_renyi,8,2,0,2,20262431,910302,"[0.7781164276219816, 3.2262615747046017, 1.0811483388068108, 2.98222281407082]","[0.3240589348023781, 3.7571303417360107, 1.0611921593205471, 2.8532291672967856]",0.4757789188889344,0.8852000000000001,0.8851228571428571,0.8885142857142858,1.0,0.4236,5000,100,10,0.18,0.35,6.0,0.7,2.5,0.0,lightning.qubit
CVaR|r=0.301029995664|erdos_renyi|g=0|init=3,CVaR,3,0.30102999566398114,0.5,0.5,1.2041199826559246,erdos_renyi,8,2,0,3,20262432,910303,"[4.307602282343021, 3.034090238606556, 2.891329909804126, 1.6537892584670473]","[4.272817929553457, 3.1084831140824143, 3.332487793236199, 2.000240597820263]",1.7163999999999997,0.6181142857142857,0.6185657142857142,0.6235142857142856,1.0,0.0228,5000,100,10,0.18,0.35,6.0,0.7,2.5,0.0,lightning.qubit
QTL|r=0.301029995664|erdos_renyi|g=0|init=3,QTL,3,0.30102999566398114,0.5,0.5,1.2041199826559246,erdos_renyi,8,2,0,3,20262432,910303,"[4.307602282343021, 3.034090238606556, 2.891329909804126, 1.6537892584670473]","[3.46560056746143, 3.7549259751458957, 2.634199848285798, 1.2836890321069945]",0.47962951436071216,0.8821714285714286,0.8837800000000001,0.8907428571428573,1.0,0.423,5000,100,10,0.18,0.35,6.0,0.7,2.5,0.0,lightning.qubit
CVaR|r=0.301029995664|erdos_renyi|g=0|init=4,CVaR,3,0.30102999566398114,0.5,0.5,1.2041199826559246,erdos_renyi,8,2,0,4,20262433,910304,"[1.697931517675189, 4.9740234499068094, 5.809501218322688, 4.3764810471886175]","[1.6124403736969994, 5.120057885647358, 5.935761655095564, 4.316750129397344]",0.5408,0.8017142857142857,0.7994514285714286,0.8062857142857143,1.0,0.2296,5000,100,10,0.18,0.35,6.0,0.7,2.5,0.0,lightning.qubit
QTL|r=0.301029995664|erdos_renyi|g=0|init=4,QTL,3,0.30102999566398114,0.5,0.5,1.2041199826559246,erdos_renyi,8,2,0,4,20262433,910304,"[1.697931517675189, 4.9740234499068094, 5.809501218322688, 4.3764810471886175]","[1.6135598709738992, 5.093914531809674, 5.973401106538134, 4.318910723010222]",0.8134502732451849,0.8075428571428572,0.8045457142857142,0.8103714285714287,1.0,0.22980000000000003,5000,100,10,0.18,0.35,6.0,0.7,2.5,0.0,lightning.qubit
CVaR|r=0.45593195565|erdos_renyi|g=0|init=0,CVaR,4,0.4559319556497244,0.35,0.65,1.8237278225988975,erdos_renyi,8,2,0,0,20262429,910400,"[3.0045084741480124, 0.6658867766369198, 2.9231716237466285, 4.046416608096568]","[2.7347685554805645, 0.881846295955986, 3.405331361383576, 4.4724173569772105]",0.0,0.8724,0.8721914285714286,0.8776,1.0,0.3578,5000,100,10,0.18,0.35,6.0,0.7,2.5,0.0,lightning.qubit
QTL|r=0.45593195565|erdos_renyi|g=0|init=0,QTL,4,0.4559319556497244,0.35,0.65,1.8237278225988975,erdos_renyi,8,2,0,0,20262429,910400,"[3.0045084741480124, 0.6658867766369198, 2.9231716237466285, 4.046416608096568]","[2.7095981648445093, 0.9105652580045888, 3.3883007401635674, 4.435505142541655]",0.4531530931688478,0.8694857142857142,0.8695742857142857,0.8753428571428571,1.0,0.362,5000,100,10,0.18,0.35,6.0,0.7,2.5,0.0,lightning.qubit
CVaR|r=0.45593195565|erdos_renyi|g=0|init=1,CVaR,4,0.4559319556497244,0.35,0.65,1.8237278225988975,erdos_renyi,8,2,0,1,20262430,910401,"[5.1541213316333945, 3.721852295442659, 4.903726068591482, 1.2222919096378122]","[4.489766276414559, 3.291866736638682, 5.053402978859288, 1.2236053622176124]",1.487428571428571,0.5812857142857143,0.5801857142857143,0.5891714285714286,1.0,0.0288,5000,100,10,0.18,0.35,6.0,0.7,2.5,0.0,lightning.qubit
QTL|r=0.45593195565|erdos_renyi|g=0|init=1,QTL,4,0.4559319556497244,0.35,0.65,1.8237278225988975,erdos_renyi,8,2,0,1,20262430,910401,"[5.1541213316333945, 3.721852295442659, 4.903726068591482, 1.2222919096378122]","[4.3406574793686525, 3.6472448948829195, 5.64566756449284, 0.6392047655835494]",1.2406834687949921,0.6192571428571428,0.6158371428571429,0.619942857142857,1.0,0.0718,5000,100,10,0.18,0.35,6.0,0.7,2.5,0.0,lightning.qubit
CVaR|r=0.45593195565|erdos_renyi|g=0|init=2,CVaR,4,0.4559319556497244,0.35,0.65,1.8237278225988975,erdos_renyi,8,2,0,2,20262431,910402,"[0.7781164276219816, 3.2262615747046017, 1.0811483388068108, 2.98222281407082]","[0.27877814373763565, 3.686863833845958, 1.1218239126361407, 2.9112879909866893]",0.0,0.8854571428571428,0.8842314285714286,0.8896285714285713,1.0,0.37460000000000004,5000,100,10,0.18,0.35,6.0,0.7,2.5,0.0,lightning.qubit
QTL|r=0.45593195565|erdos_renyi|g=0|init=2,QTL,4,0.4559319556497244,0.35,0.65,1.8237278225988975,erdos_renyi,8,2,0,2,20262431,910402,"[0.7781164276219816, 3.2262615747046017, 1.0811483388068108, 2.98222281407082]","[0.32959170642856284, 3.7639453643611573, 1.0552166043091649, 2.8463633475866525]",0.38562988665050796,0.8814000000000001,0.8825428571428573,0.8888285714285714,1.0,0.42319999999999997,5000,100,10,0.18,0.35,6.0,0.7,2.5,0.0,lightning.qubit
CVaR|r=0.45593195565|erdos_renyi|g=0|init=3,CVaR,4,0.4559319556497244,0.35,0.65,1.8237278225988975,erdos_renyi,8,2,0,3,20262432,910403,"[4.307602282343021, 3.034090238606556, 2.891329909804126, 1.6537892584670473]","[3.4228013102848087, 3.6788945694801747, 2.6926036645830593, 1.3375264535682259]",0.0,0.8850857142857143,0.88278,0.8877142857142858,1.0,0.3762,5000,100,10,0.18,0.35,6.0,0.7,2.5,0.0,lightning.qubit
QTL|r=0.45593195565|erdos_renyi|g=0|init=3,QTL,4,0.4559319556497244,0.35,0.65,1.8237278225988975,erdos_renyi,8,2,0,3,20262432,910403,"[4.307602282343021, 3.034090238606556, 2.891329909804126, 1.6537892584670473]","[4.060317148555671, 3.748395545070177, 2.6999847083297515, 1.9561605875913972]",1.2453431104933708,0.6380285714285715,0.6395285714285713,0.6468857142857143,1.0,0.06620000000000001,5000,100,10,0.18,0.35,6.0,0.7,2.5,0.0,lightning.qubit
CVaR|r=0.45593195565|erdos_renyi|g=0|init=4,CVaR,4,0.4559319556497244,0.35,0.65,1.8237278225988975,erdos_renyi,8,2,0,4,20262433,910404,"[1.697931517675189, 4.9740234499068094, 5.809501218322688, 4.3764810471886175]","[1.6101067077523403, 5.124491267350877, 5.920192149348786, 4.310492714612237]",0.3720000000000001,0.795457142857143,0.7996714285714286,0.8063714285714286,1.0,0.2198,5000,100,10,0.18,0.35,6.0,0.7,2.5,0.0,lightning.qubit
QTL|r=0.45593195565|erdos_renyi|g=0|init=4,QTL,4,0.4559319556497244,0.35,0.65,1.8237278225988975,erdos_renyi,8,2,0,4,20262433,910404,"[1.697931517675189, 4.9740234499068094, 5.809501218322688, 4.3764810471886175]","[1.6131002169018798, 5.1124036487147535, 5.938711719857691, 4.308943728552075]",0.6784278471268188,0.7991142857142857,0.8012257142857143,0.8053428571428572,1.0,0.219,5000,100,10,0.18,0.35,6.0,0.7,2.5,0.0,lightning.qubit
CVaR|r=0.698970004336|erdos_renyi|g=0|init=0,CVaR,5,0.6989700043360187,0.2,0.8,2.795880017344075,erdos_renyi,8,2,0,0,20262429,910500,"[3.0045084741480124, 0.6658867766369198, 2.9231716237466285, 4.046416608096568]","[2.8129445618652937, 0.7636750972794755, 3.3565485523044205, 4.546102424588199]",0.0,0.8543714285714287,0.8556971428571428,0.8610571428571429,1.0,0.279,5000,100,10,0.18,0.35,6.0,0.7,2.5,0.0,lightning.qubit
QTL|r=0.698970004336|erdos_renyi|g=0|init=0,QTL,5,0.6989700043360187,0.2,0.8,2.795880017344075,erdos_renyi,8,2,0,0,20262429,910500,"[3.0045084741480124, 0.6658867766369198, 2.9231716237466285, 4.046416608096568]","[2.7216999700491025, 0.8923623673600399, 3.389710187222449, 4.429738809997295]",0.33431845003243826,0.8695142857142858,0.869822857142857,0.8740571428571428,1.0,0.36560000000000004,5000,100,10,0.18,0.35,6.0,0.7,2.5,0.0,lightning.qubit
CVaR|r=0.698970004336|erdos_renyi|g=0|init=1,CVaR,5,0.6989700043360187,0.2,0.8,2.795880017344075,erdos_renyi,8,2,0,1,20262430,910501,"[5.1541213316333945, 3.721852295442659, 4.903726068591482, 1.2222919096378122]","[4.427457345124885, 3.9506267313566745, 5.660706459939621, 0.4163651546392311]",0.5539999999999998,0.6526571428571428,0.6466114285714286,0.6531142857142856,1.0,0.0892,5000,100,10,0.18,0.35,6.0,0.7,2.5,0.0,lightning.qubit
QTL|r=0.698970004336|erdos_renyi|g=0|init=1,QTL,5,0.6989700043360187,0.2,0.8,2.795880017344075,erdos_renyi,8,2,0,1,20262430,910501,"[5.1541213316333945, 3.721852295442659, 4.903726068591482, 1.2222919096378122]","[4.315655210692026, 3.6999947126298256, 5.6772950977208465, 0.5570593543519758]",0.9055906088320045,0.6290857142857142,0.6244485714285715,0.6290857142857142,1.0,0.0688,5000,100,10,0.18,0.35,6.0,0.7,2.5,0.0,lightning.qubit
CVaR|r=0.698970004336|erdos_renyi|g=0|init=2,CVaR,5,0.6989700043360187,0.2,0.8,2.795880017344075,erdos_renyi,8,2,0,2,20262431,910502,"[0.7781164276219816, 3.2262615747046017, 1.0811483388068108, 2.98222281407082]","[0.24585624445678647, 3.658396528003345, 1.1443066052193258, 2.9720833837697818]",0.0,0.8696857142857144,0.870502857142857,0.8751714285714287,1.0,0.32239999999999996,5000,100,10,0.18,0.35,6.0,0.7,2.5,0.0,lightning.qubit
QTL|r=0.698970004336|erdos_renyi|g=0|init=2,QTL,5,0.6989700043360187,0.2,0.8,2.795880017344075,erdos_renyi,8,2,0,2,20262431,910502,"[0.7781164276219816, 3.2262615747046017, 1.0811483388068108, 2.98222281407082]","[0.33655090773959306, 3.7695530229782026, 1.0525091122825916, 2.8407995241837507]",0.27937955563635586,0.8789142857142858,0.8797285714285715,0.8886000000000001,1.0,0.4326,5000,100,10,0.18,0.35,6.0,0.7,2.5,0.0,lightning.qubit
CVaR|r=0.698970004336|erdos_renyi|g=0|init=3,CVaR,5,0.6989700043360187,0.2,0.8,2.795880017344075,erdos_renyi,8,2,0,3,20262432,910503,"[4.307602282343021, 3.034090238606556, 2.891329909804126, 1.6537892584670473]","[3.385368450594819, 3.660359534812698, 2.7019373085025857, 1.3898560917647238]",0.0,0.8754571428571428,0.8738828571428572,0.8774571428571429,1.0,0.33520000000000005,5000,100,10,0.18,0.35,6.0,0.7,2.5,0.0,lightning.qubit
QTL|r=0.698970004336|erdos_renyi|g=0|init=3,QTL,5,0.6989700043360187,0.2,0.8,2.795880017344075,erdos_renyi,8,2,0,3,20262432,910503,"[4.307602282343021, 3.034090238606556, 2.891329909804126, 1.6537892584670473]","[3.476153301340397, 3.7671152291270795, 2.6221039689899377, 1.2696964708378111]",0.27760703413039123,0.8814857142857144,0.8801657142857143,0.8914571428571428,1.0,0.4342,5000,100,10,0.18,0.35,6.0,0.7,2.5,0.0,lightning.qubit
CVaR|r=0.698970004336|erdos_renyi|g=0|init=4,CVaR,5,0.6989700043360187,0.2,0.8,2.795880017344075,erdos_renyi,8,2,0,4,20262433,910504,"[1.697931517675189, 4.9740234499068094, 5.809501218322688, 4.3764810471886175]","[1.619956554715128, 5.122772291796014, 5.883865322793707, 4.360515337299972]",0.0,0.8019714285714284,0.8033857142857144,0.8138,1.0,0.2116,5000,100,10,0.18,0.35,6.0,0.7,2.5,0.0,lightning.qubit
QTL|r=0.698970004336|erdos_renyi|g=0|init=4,QTL,5,0.6989700043360187,0.2,0.8,2.795880017344075,erdos_renyi,8,2,0,4,20262433,910504,"[1.697931517675189, 4.9740234499068094, 5.809501218322688, 4.3764810471886175]","[1.6129662520540538, 5.120717691916057, 5.9345931405200485, 4.304320394097517]",0.49076017088989804,0.8013428571428571,0.7981857142857143,0.8046571428571428,1.0,0.2276,5000,100,10,0.18,0.35,6.0,0.7,2.5,0.0,lightning.qubit
CVaR|r=1|erdos_renyi|g=0|init=0,CVaR,6,0.9999999999999998,0.1,0.9,3.999999999999999,erdos_renyi,8,2,0,0,20262429,910600,"[3.0045084741480124, 0.6658867766369198, 2.9231716237466285, 4.046416608096568]","[2.8237794416514825, 0.7477794989661267, 3.3468620624936185, 4.5432183834426265]",0.0,0.8551142857142856,0.8566085714285714,0.8654285714285715,1.0,0.2808,5000,100,10,0.18,0.35,6.0,0.7,2.5,0.0,lightning.qubit
QTL|r=1|erdos_renyi|g=0|init=0,QTL,6,0.9999999999999998,0.1,0.9,3.999999999999999,erdos_renyi,8,2,0,0,20262429,910600,"[3.0045084741480124, 0.6658867766369198, 2.9231716237466285, 4.046416608096568]","[2.79144178495934, 0.787796345618273, 3.4019954421829324, 4.44171855953153]",0.25097871251235354,0.8670571428571429,0.8646685714285713,0.8674571428571428,1.0,0.3584,5000,100,10,0.18,0.35,6.0,0.7,2.5,0.0,lightning.qubit
CVaR|r=1|erdos_renyi|g=0|init=1,CVaR,6,0.9999999999999998,0.1,0.9,3.999999999999999,erdos_renyi,8,2,0,1,20262430,910601,"[5.1541213316333945, 3.721852295442659, 4.903726068591482, 1.2222919096378122]","[4.5360042423089, 3.4598603588503356, 5.28333769172703, 1.3237809633069137]",0.854,0.5971142857142857,0.6010971428571429,0.6151714285714286,1.0,0.014599999999999998,5000,100,10,0.18,0.35,6.0,0.7,2.5,0.0,lightning.qubit
QTL|r=1|erdos_renyi|g=0|init=1,QTL,6,0.9999999999999998,0.1,0.9,3.999999999999999,erdos_renyi,8,2,0,1,20262430,910601,"[5.1541213316333945, 3.721852295442659, 4.903726068591482, 1.2222919096378122]","[4.521817377203543, 3.245361494295697, 5.043515855678488, 1.2574618147837062]",0.8828761305879462,0.5815714285714285,0.5796457142857142,0.5963428571428572,1.0,0.0268,5000,100,10,0.18,0.35,6.0,0.7,2.5,0.0,lightning.qubit
CVaR|r=1|erdos_renyi|g=0|init=2,CVaR,6,0.9999999999999998,0.1,0.9,3.999999999999999,erdos_renyi,8,2,0,2,20262431,910602,"[0.7781164276219816, 3.2262615747046017, 1.0811483388068108, 2.98222281407082]","[0.2397234479638691, 3.6578902769515222, 1.126567084831466, 2.9609285784247503]",0.0,0.8742285714285715,0.8734285714285713,0.8769142857142859,1.0,0.33679999999999993,5000,100,10,0.18,0.35,6.0,0.7,2.5,0.0,lightning.qubit
QTL|r=1|erdos_renyi|g=0|init=2,QTL,6,0.9999999999999998,0.1,0.9,3.999999999999999,erdos_renyi,8,2,0,2,20262431,910602,"[0.7781164276219816, 3.2262615747046017, 1.0811483388068108, 2.98222281407082]","[0.3373008558606837, 3.7721117086893123, 1.0516949740635053, 2.8383683865990745]",0.20427330491708265,0.8814285714285716,0.8792857142857142,0.8917142857142857,1.0,0.43400000000000005,5000,100,10,0.18,0.35,6.0,0.7,2.5,0.0,lightning.qubit
CVaR|r=1|erdos_renyi|g=0|init=3,CVaR,6,0.9999999999999998,0.1,0.9,3.999999999999999,erdos_renyi,8,2,0,3,20262432,910603,"[4.307602282343021, 3.034090238606556, 2.891329909804126, 1.6537892584670473]","[3.382284936781511, 3.6611194393215247, 2.7048561659395207, 1.38099139349326]",0.0,0.8734571428571429,0.8726685714285715,0.8781714285714285,1.0,0.3286,5000,100,10,0.18,0.35,6.0,0.7,2.5,0.0,lightning.qubit
QTL|r=1|erdos_renyi|g=0|init=3,QTL,6,0.9999999999999998,0.1,0.9,3.999999999999999,erdos_renyi,8,2,0,3,20262432,910603,"[4.307602282343021, 3.034090238606556, 2.891329909804126, 1.6537892584670473]","[3.485673059539123, 3.731657471672399, 2.664007366807212, 1.3028950628047509]",0.2143527090537768,0.8839714285714285,0.8786142857142856,0.8853714285714288,1.0,0.4162,5000,100,10,0.18,0.35,6.0,0.7,2.5,0.0,lightning.qubit
CVaR|r=1|erdos_renyi|g=0|init=4,CVaR,6,0.9999999999999998,0.1,0.9,3.999999999999999,erdos_renyi,8,2,0,4,20262433,910604,"[1.697931517675189, 4.9740234499068094, 5.809501218322688, 4.3764810471886175]","[1.3942096790373617, 4.959371208442924, 5.46830556529362, 4.394969020731616]",0.0,0.7621428571428571,0.7610828571428572,0.8058000000000002,1.0,0.1298,5000,100,10,0.18,0.35,6.0,0.7,2.5,0.0,lightning.qubit
QTL|r=1|erdos_renyi|g=0|init=4,QTL,6,0.9999999999999998,0.1,0.9,3.999999999999999,erdos_renyi,8,2,0,4,20262433,910604,"[1.697931517675189, 4.9740234499068094, 5.809501218322688, 4.3764810471886175]","[1.6104070240944788, 5.1307593552828665, 5.898333201927355, 4.30044588554286]",0.35246636595042075,0.7956857142857144,0.7959000000000002,0.8051714285714285,1.0,0.237,5000,100,10,0.18,0.35,6.0,0.7,2.5,0.0,lightning.qubit
CVaR|r=-0|erdos_renyi|g=1|init=0,CVaR,0,-0.0,1.0,0.0,-0.0,erdos_renyi,8,2,1,0,20262429,920000,"[3.0045084741480124, 0.6658867766369198, 2.9231716237466285, 4.046416608096568]","[3.345146402327675, 0.43660004661709506, 2.7238541535324123, 4.502323982348708]",1.2586,0.87414,0.873346,0.8769600000000001,1.0,0.1122,5000,100,10,0.18,0.35,6.0,0.7,2.5,0.0,lightning.qubit
QTL|r=-0|erdos_renyi|g=1|init=0,QTL,0,-0.0,1.0,0.0,-0.0,erdos_renyi,8,2,1,0,20262429,920000,"[3.0045084741480124, 0.6658867766369198, 2.9231716237466285, 4.046416608096568]","[3.345146402327675, 0.43660004661709506, 2.7238541535324123, 4.502323982348708]",1.2586,0.87414,0.873346,0.8769600000000001,1.0,0.1122,5000,100,10,0.18,0.35,6.0,0.7,2.5,0.0,lightning.qubit
CVaR|r=-0|erdos_renyi|g=1|init=1,CVaR,0,-0.0,1.0,0.0,-0.0,erdos_renyi,8,2,1,1,20262430,920001,"[5.1541213316333945, 3.721852295442659, 4.903726068591482, 1.2222919096378122]","[4.978444965038876, 3.7048189672102976, 5.371897732593717, 1.055586018538048]",3.1692,0.6830800000000001,0.681648,0.68442,1.0,0.007600000000000001,5000,100,10,0.18,0.35,6.0,0.7,2.5,0.0,lightning.qubit
QTL|r=-0|erdos_renyi|g=1|init=1,QTL,0,-0.0,1.0,0.0,-0.0,erdos_renyi,8,2,1,1,20262430,920001,"[5.1541213316333945, 3.721852295442659, 4.903726068591482, 1.2222919096378122]","[4.978444965038876, 3.7048189672102976, 5.371897732593717, 1.055586018538048]",3.1692,0.6830800000000001,0.681648,0.68442,1.0,0.007600000000000001,5000,100,10,0.18,0.35,6.0,0.7,2.5,0.0,lightning.qubit
CVaR|r=-0|erdos_renyi|g=1|init=2,CVaR,0,-0.0,1.0,0.0,-0.0,erdos_renyi,8,2,1,2,20262431,920002,"[0.7781164276219816, 3.2262615747046017, 1.0811483388068108, 2.98222281407082]","[0.20228889298367603, 3.5732173971137273, 1.1557581196385425, 2.932497862373659]",1.242,0.8757999999999999,0.8743120000000001,0.8760600000000001,1.0,0.1212,5000,100,10,0.18,0.35,6.0,0.7,2.5,0.0,lightning.qubit
QTL|r=-0|erdos_renyi|g=1|init=2,QTL,0,-0.0,1.0,0.0,-0.0,erdos_renyi,8,2,1,2,20262431,920002,"[0.7781164276219816, 3.2262615747046017, 1.0811483388068108, 2.98222281407082]","[0.20228889298367603, 3.5732173971137273, 1.1557581196385425, 2.932497862373659]",1.242,0.8757999999999999,0.8743120000000001,0.8760600000000001,1.0,0.1212,5000,100,10,0.18,0.35,6.0,0.7,2.5,0.0,lightning.qubit
CVaR|r=-0|erdos_renyi|g=1|init=3,CVaR,0,-0.0,1.0,0.0,-0.0,erdos_renyi,8,2,1,3,20262432,920003,"[4.307602282343021, 3.034090238606556, 2.891329909804126, 1.6537892584670473]","[4.449994847135016, 2.583429045854445, 2.449982943403087, 2.134264212815158]",3.1635999999999997,0.6836399999999999,0.6835600000000001,0.68712,1.0,0.0104,5000,100,10,0.18,0.35,6.0,0.7,2.5,0.0,lightning.qubit
QTL|r=-0|erdos_renyi|g=1|init=3,QTL,0,-0.0,1.0,0.0,-0.0,erdos_renyi,8,2,1,3,20262432,920003,"[4.307602282343021, 3.034090238606556, 2.891329909804126, 1.6537892584670473]","[4.449994847135016, 2.583429045854445, 2.449982943403087, 2.134264212815158]",3.1635999999999997,0.6836399999999999,0.6835600000000001,0.68712,1.0,0.0104,5000,100,10,0.18,0.35,6.0,0.7,2.5,0.0,lightning.qubit
CVaR|r=-0|erdos_renyi|g=1|init=4,CVaR,0,-0.0,1.0,0.0,-0.0,erdos_renyi,8,2,1,4,20262433,920004,"[1.697931517675189, 4.9740234499068094, 5.809501218322688, 4.3764810471886175]","[1.58814192210999, 4.966443233136923, 5.7193499482019945, 4.381228464975572]",1.7458,0.8254199999999999,0.8264579999999999,0.8298,1.0,0.0606,5000,100,10,0.18,0.35,6.0,0.7,2.5,0.0,lightning.qubit
QTL|r=-0|erdos_renyi|g=1|init=4,QTL,0,-0.0,1.0,0.0,-0.0,erdos_renyi,8,2,1,4,20262433,920004,"[1.697931517675189, 4.9740234499068094, 5.809501218322688, 4.3764810471886175]","[1.58814192210999, 4.966443233136923, 5.7193499482019945, 4.381228464975572]",1.7458,0.8254199999999999,0.8264579999999999,0.8298,1.0,0.0606,5000,100,10,0.18,0.35,6.0,0.7,2.5,0.0,lightning.qubit
CVaR|r=0.0969100130081|erdos_renyi|g=1|init=0,CVaR,1,0.09691001300805638,0.8,0.19999999999999996,0.3876400520322255,erdos_renyi,8,2,1,0,20262429,920100,"[3.0045084741480124, 0.6658867766369198, 2.9231716237466285, 4.046416608096568]","[3.373324533901276, 0.48442600140639636, 2.7089260585970436, 4.473980131127527]",0.9045000000000011,0.8680199999999999,0.8683160000000001,0.87238,1.0,0.13740000000000002,5000,100,10,0.18,0.35,6.0,0.7,2.5,0.0,lightning.qubit
QTL|r=0.0969100130081|erdos_renyi|g=1|init=0,QTL,1,0.09691001300805638,0.8,0.19999999999999996,0.3876400520322255,erdos_renyi,8,2,1,0,20262429,920100,"[3.0045084741480124, 0.6658867766369198, 2.9231716237466285, 4.046416608096568]","[3.363836022469869, 0.46502056673327374, 2.715323259208122, 4.488345484546191]",1.1213693197205863,0.8720000000000001,0.8717440000000002,0.8749199999999998,1.0,0.1308,5000,100,10,0.18,0.35,6.0,0.7,2.5,0.0,lightning.qubit
CVaR|r=0.0969100130081|erdos_renyi|g=1|init=1,CVaR,1,0.09691001300805638,0.8,0.19999999999999996,0.3876400520322255,erdos_renyi,8,2,1,1,20262430,920101,"[5.1541213316333945, 3.721852295442659, 4.903726068591482, 1.2222919096378122]","[5.019153585869584, 3.6925670081037465, 5.3099403621114245, 1.1316065606990067]",2.6035,0.6832,0.679502,0.6849999999999999,1.0,0.0018,5000,100,10,0.18,0.35,6.0,0.7,2.5,0.0,lightning.qubit
QTL|r=0.0969100130081|erdos_renyi|g=1|init=1,QTL,1,0.09691001300805638,0.8,0.19999999999999996,0.3876400520322255,erdos_renyi,8,2,1,1,20262430,920101,"[5.1541213316333945, 3.721852295442659, 4.903726068591482, 1.2222919096378122]","[5.035461363177292, 3.7014483286603745, 5.3218715105320165, 1.0521635493856587]",2.75358079239152,0.6845000000000001,0.680016,0.6845000000000001,1.0,0.0022,5000,100,10,0.18,0.35,6.0,0.7,2.5,0.0,lightning.qubit
CVaR|r=0.0969100130081|erdos_renyi|g=1|init=2,CVaR,1,0.09691001300805638,0.8,0.19999999999999996,0.3876400520322255,erdos_renyi,8,2,1,2,20262431,920102,"[0.7781164276219816, 3.2262615747046017, 1.0811483388068108, 2.98222281407082]","[0.23463091656403695, 3.630609291194167, 1.147439142264057, 2.90533373991609]",0.9060000000000004,0.8671800000000001,0.8706439999999999,0.87334,1.0,0.1274,5000,100,10,0.18,0.35,6.0,0.7,2.5,0.0,lightning.qubit
QTL|r=0.0969100130081|erdos_renyi|g=1|init=2,QTL,1,0.09691001300805638,0.8,0.19999999999999996,0.3876400520322255,erdos_renyi,8,2,1,2,20262431,920102,"[0.7781164276219816, 3.2262615747046017, 1.0811483388068108, 2.98222281407082]","[0.22342985734341905, 3.6070403252612775, 1.148917961025567, 2.9187496332271183]",1.1327805725805957,0.8703800000000002,0.8730580000000001,0.8760200000000001,1.0,0.12240000000000001,5000,100,10,0.18,0.35,6.0,0.7,2.5,0.0,lightning.qubit
CVaR|r=0.0969100130081|erdos_renyi|g=1|init=3,CVaR,1,0.09691001300805638,0.8,0.19999999999999996,0.3876400520322255,erdos_renyi,8,2,1,3,20262432,920103,"[4.307602282343021, 3.034090238606556, 2.891329909804126, 1.6537892584670473]","[4.539104176780569, 2.692958676204467, 2.8616215760273866, 2.0065428322433125]",2.778999999999997,0.66698,0.671944,0.67572,1.0,0.0216,5000,100,10,0.18,0.35,6.0,0.7,2.5,0.0,lightning.qubit
QTL|r=0.0969100130081|erdos_renyi|g=1|init=3,QTL,1,0.09691001300805638,0.8,0.19999999999999996,0.3876400520322255,erdos_renyi,8,2,1,3,20262432,920103,"[4.307602282343021, 3.034090238606556, 2.891329909804126, 1.6537892584670473]","[4.392827142632479, 2.615117244276706, 2.5723597012702735, 1.9532560821766738]",2.8093704925251433,0.6748799999999999,0.67474,0.67948,1.0,0.0004,5000,100,10,0.18,0.35,6.0,0.7,2.5,0.0,lightning.qubit
CVaR|r=0.0969100130081|erdos_renyi|g=1|init=4,CVaR,1,0.09691001300805638,0.8,0.19999999999999996,0.3876400520322255,erdos_renyi,8,2,1,4,20262433,920104,"[1.697931517675189, 4.9740234499068094, 5.809501218322688, 4.3764810471886175]","[1.5794759951144322, 5.016410936009452, 5.808287734106057, 4.3557071016810704]",1.2822499999999992,0.8215200000000001,0.8197660000000001,0.82624,1.0,0.063,5000,100,10,0.18,0.35,6.0,0.7,2.5,0.0,lightning.qubit
QTL|r=0.0969100130081|erdos_renyi|g=1|init=4,QTL,1,0.09691001300805638,0.8,0.19999999999999996,0.3876400520322255,erdos_renyi,8,2,1,4,20262433,920104,"[1.697931517675189, 4.9740234499068094, 5.809501218322688, 4.3764810471886175]","[1.5899154818063914, 4.982145508074178, 5.802338384746329, 4.372333859301984]",1.5252662488169928,0.82622,0.8256140000000001,0.8283200000000001,1.0,0.0634,5000,100,10,0.18,0.35,6.0,0.7,2.5,0.0,lightning.qubit
CVaR|r=0.187086643357|erdos_renyi|g=1|init=0,CVaR,2,0.1870866433571444,0.65,0.35,0.7483465734285776,erdos_renyi,8,2,1,0,20262429,920200,"[3.0045084741480124, 0.6658867766369198, 2.9231716237466285, 4.046416608096568]","[3.374425983455291, 0.505472226706333, 2.677361353169919, 4.435739874244641]",0.807076923076923,0.8561,0.8582740000000001,0.8762599999999999,1.0,0.1254,5000,100,10,0.18,0.35,6.0,0.7,2.5,0.0,lightning.qubit
QTL|r=0.187086643357|erdos_renyi|g=1|init=0,QTL,2,0.1870866433571444,0.65,0.35,0.7483465734285776,erdos_renyi,8,2,1,0,20262429,920200,"[3.0045084741480124, 0.6658867766369198, 2.9231716237466285, 4.046416608096568]","[2.8442843278837633, 0.718070784127801, 3.3721539722347122, 4.4911380850520715]",1.1029016540342176,0.8618400000000002,0.8628020000000001,0.8664200000000001,1.0,0.10719999999999999,5000,100,10,0.18,0.35,6.0,0.7,2.5,0.0,lightning.qubit
CVaR|r=0.187086643357|erdos_renyi|g=1|init=1,CVaR,2,0.1870866433571444,0.65,0.35,0.7483465734285776,erdos_renyi,8,2,1,1,20262430,920201,"[5.1541213316333945, 3.721852295442659, 4.903726068591482, 1.2222919096378122]","[5.051360957655908, 3.66964841109962, 5.288188805420066, 1.181764055418911]",2.3372307692307692,0.6742199999999999,0.673932,0.6808,1.0,0.0,5000,100,10,0.18,0.35,6.0,0.7,2.5,0.0,lightning.qubit
QTL|r=0.187086643357|erdos_renyi|g=1|init=1,QTL,2,0.1870866433571444,0.65,0.35,0.7483465734285776,erdos_renyi,8,2,1,1,20262430,920201,"[5.1541213316333945, 3.721852295442659, 4.903726068591482, 1.2222919096378122]","[5.1070235996233375, 3.61718871665152, 5.268658887716718, 1.181585594603961]",2.446341143556472,0.66892,0.6662600000000001,0.67242,1.0,0.0004,5000,100,10,0.18,0.35,6.0,0.7,2.5,0.0,lightning.qubit
CVaR|r=0.187086643357|erdos_renyi|g=1|init=2,CVaR,2,0.1870866433571444,0.65,0.35,0.7483465734285776,erdos_renyi,8,2,1,2,20262431,920202,"[0.7781164276219816, 3.2262615747046017, 1.0811483388068108, 2.98222281407082]","[0.2307428138809159, 3.6323722204292994, 1.1074542415297834, 2.876277384977491]",0.7876923076923077,0.8665800000000001,0.8632960000000001,0.8735000000000002,1.0,0.138,5000,100,10,0.18,0.35,6.0,0.7,2.5,0.0,lightning.qubit
QTL|r=0.187086643357|erdos_renyi|g=1|init=2,QTL,2,0.1870866433571444,0.65,0.35,0.7483465734285776,erdos_renyi,8,2,1,2,20262431,920202,"[0.7781164276219816, 3.2262615747046017, 1.0811483388068108, 2.98222281407082]","[0.2282238553718522, 3.621869693348372, 1.1416618781216306, 2.9086516175124353]",1.0122032279698465,0.87226,0.869548,0.8727,1.0,0.12940000000000002,5000,100,10,0.18,0.35,6.0,0.7,2.5,0.0,lightning.qubit
CVaR|r=0.187086643357|erdos_renyi|g=1|init=3,CVaR,2,0.1870866433571444,0.65,0.35,0.7483465734285776,erdos_renyi,8,2,1,3,20262432,920203,"[4.307602282343021, 3.034090238606556, 2.891329909804126, 1.6537892584670473]","[4.496120832854279, 2.7808322727224053, 2.875096362074257, 1.8891955437882815]",2.4021538461538445,0.67016,0.6698640000000001,0.67558,1.0,0.016800000000000002,5000,100,10,0.18,0.35,6.0,0.7,2.5,0.0,lightning.qubit
QTL|r=0.187086643357|erdos_renyi|g=1|init=3,QTL,2,0.1870866433571444,0.65,0.35,0.7483465734285776,erdos_renyi,8,2,1,3,20262432,920203,"[4.307602282343021, 3.034090238606556, 2.891329909804126, 1.6537892584670473]","[4.396868005778272, 3.01001643448536, 2.756024415861016, 1.7814034262841247]",2.540038958078727,0.66138,0.660768,0.6653,1.0,0.004200000000000001,5000,100,10,0.18,0.35,6.0,0.7,2.5,0.0,lightning.qubit
CVaR|r=0.187086643357|erdos_renyi|g=1|init=4,CVaR,2,0.1870866433571444,0.65,0.35,0.7483465734285776,erdos_renyi,8,2,1,4,20262433,920204,"[1.697931517675189, 4.9740234499068094, 5.809501218322688, 4.3764810471886175]","[1.5812529868119392, 5.018380850199282, 5.8252806098972645, 4.351551293820776]",1.115999999999999,0.8182600000000001,0.818748,0.8244,1.0,0.0756,5000,100,10,0.18,0.35,6.0,0.7,2.5,0.0,lightning.qubit
QTL|r=0.187086643357|erdos_renyi|g=1|init=4,QTL,2,0.1870866433571444,0.65,0.35,0.7483465734285776,erdos_renyi,8,2,1,4,20262433,920204,"[1.697931517675189, 4.9740234499068094, 5.809501218322688, 4.3764810471886175]","[1.5938026729995112, 4.9954694994151065, 5.776655921283774, 4.363118420831895]",1.3828115588742513,0.82028,0.8233119999999999,0.82682,1.0,0.0728,5000,100,10,0.18,0.35,6.0,0.7,2.5,0.0,lightning.qubit
CVaR|r=0.301029995664|erdos_renyi|g=1|init=0,CVaR,3,0.30102999566398114,0.5,0.5,1.2041199826559246,erdos_renyi,8,2,1,0,20262429,920300,"[3.0045084741480124, 0.6658867766369198, 2.9231716237466285, 4.046416608096568]","[2.849868595038117, 0.6787786586386846, 3.371968854621543, 4.48896688843428]",0.7712,0.8618200000000001,0.861284,0.8666,1.0,0.1144,5000,100,10,0.18,0.35,6.0,0.7,2.5,0.0,lightning.qubit
QTL|r=0.301029995664|erdos_renyi|g=1|init=0,QTL,3,0.30102999566398114,0.5,0.5,1.2041199826559246,erdos_renyi,8,2,1,0,20262429,920300,"[3.0045084741480124, 0.6658867766369198, 2.9231716237466285, 4.046416608096568]","[2.8342657212741433, 0.7405628078768031, 3.3786627615952307, 4.478306684044877]",0.9860982447430899,0.85674,0.8596280000000001,0.8644000000000001,1.0,0.1158,5000,100,10,0.18,0.35,6.0,0.7,2.5,0.0,lightning.qubit
CVaR|r=0.301029995664|erdos_renyi|g=1|init=1,CVaR,3,0.30102999566398114,0.5,0.5,1.2041199826559246,erdos_renyi,8,2,1,1,20262430,920301,"[5.1541213316333945, 3.721852295442659, 4.903726068591482, 1.2222919096378122]","[4.92855701470334, 3.390192189827749, 5.225140919766904, 1.4696568234286773]",2.0656000000000003,0.65794,0.6625120000000001,0.67244,1.0,0.0024,5000,100,10,0.18,0.35,6.0,0.7,2.5,0.0,lightning.qubit
QTL|r=0.301029995664|erdos_renyi|g=1|init=1,QTL,3,0.30102999566398114,0.5,0.5,1.2041199826559246,erdos_renyi,8,2,1,1,20262430,920301,"[5.1541213316333945, 3.721852295442659, 4.903726068591482, 1.2222919096378122]","[5.1888492599658775, 3.5974934662801017, 5.292799202357936, 1.0995876806345677]",2.125527961834831,0.65776,0.6599619999999999,0.67166,1.0,0.0028,5000,100,10,0.18,0.35,6.0,0.7,2.5,0.0,lightning.qubit
CVaR|r=0.301029995664|erdos_renyi|g=1|init=2,CVaR,3,0.30102999566398114,0.5,0.5,1.2041199826559246,erdos_renyi,8,2,1,2,20262431,920302,"[0.7781164276219816, 3.2262615747046017, 1.0811483388068108, 2.98222281407082]","[0.22136792332234304, 3.6390040591376103, 1.1115792387389962, 2.870225910308104]",0.7311999999999999,0.8625999999999999,0.861998,0.8752000000000001,1.0,0.13440000000000002,5000,100,10,0.18,0.35,6.0,0.7,2.5,0.0,lightning.qubit
QTL|r=0.301029995664|erdos_renyi|g=1|init=2,QTL,3,0.30102999566398114,0.5,0.5,1.2041199826559246,erdos_renyi,8,2,1,2,20262431,920302,"[0.7781164276219816, 3.2262615747046017, 1.0811483388068108, 2.98222281407082]","[0.2978805460614606, 3.0335323141268886, 0.7007844530706463, 3.646099945482463]",1.019261334876883,0.84306,0.841816,0.84528,1.0,0.1114,5000,100,10,0.18,0.35,6.0,0.7,2.5,0.0,lightning.qubit
CVaR|r=0.301029995664|erdos_renyi|g=1|init=3,CVaR,3,0.30102999566398114,0.5,0.5,1.2041199826559246,erdos_renyi,8,2,1,3,20262432,920303,"[4.307602282343021, 3.034090238606556, 2.891329909804126, 1.6537892584670473]","[4.479750320411943, 3.0469518782277207, 2.83831134953245, 1.7674750706268993]",2.092400000000001,0.65162,0.656478,0.66264,1.0,0.0072,5000,100,10,0.18,0.35,6.0,0.7,2.5,0.0,lightning.qubit
QTL|r=0.301029995664|erdos_renyi|g=1|init=3,QTL,3,0.30102999566398114,0.5,0.5,1.2041199826559246,erdos_renyi,8,2,1,3,20262432,920303,"[4.307602282343021, 3.034090238606556, 2.891329909804126, 1.6537892584670473]","[3.3812856906327, 3.6381408407017237, 2.7029344728928026, 1.3251213238031851]",0.9020341211539243,0.86728,0.865676,0.87218,1.0,0.1392,5000,100,10,0.18,0.35,6.0,0.7,2.5,0.0,lightning.qubit
CVaR|r=0.301029995664|erdos_renyi|g=1|init=4,CVaR,3,0.30102999566398114,0.5,0.5,1.2041199826559246,erdos_renyi,8,2,1,4,20262433,920304,"[1.697931517675189, 4.9740234499068094, 5.809501218322688, 4.3764810471886175]","[1.59254029503782, 5.028182958247457, 5.78165049722616, 4.347324640518889]",0.8676,0.8154,0.8177519999999999,0.8252600000000001,1.0,0.06620000000000001,5000,100,10,0.18,0.35,6.0,0.7,2.5,0.0,lightning.qubit
QTL|r=0.301029995664|erdos_renyi|g=1|init=4,QTL,3,0.30102999566398114,0.5,0.5,1.2041199826559246,erdos_renyi,8,2,1,4,20262433,920304,"[1.697931517675189, 4.9740234499068094, 5.809501218322688, 4.3764810471886175]","[1.5973565691784948, 5.0120606169582675, 5.7864935327884055, 4.35632558357225]",1.216007063918041,0.82,0.819116,0.8251200000000001,1.0,0.07020000000000001,5000,100,10,0.18,0.35,6.0,0.7,2.5,0.0,lightning.qubit
CVaR|r=0.45593195565|erdos_renyi|g=1|init=0,CVaR,4,0.4559319556497244,0.35,0.65,1.8237278225988975,erdos_renyi,8,2,1,0,20262429,920400,"[3.0045084741480124, 0.6658867766369198, 2.9231716237466285, 4.046416608096568]","[2.8254614204111284, 0.7284778919410055, 3.3506012185228142, 4.4753006982318535]",0.6857142857142858,0.85986,0.861544,0.86584,1.0,0.11,5000,100,10,0.18,0.35,6.0,0.7,2.5,0.0,lightning.qubit
QTL|r=0.45593195565|erdos_renyi|g=1|init=0,QTL,4,0.4559319556497244,0.35,0.65,1.8237278225988975,erdos_renyi,8,2,1,0,20262429,920400,"[3.0045084741480124, 0.6658867766369198, 2.9231716237466285, 4.046416608096568]","[2.8183177495241956, 0.7590583165205528, 3.3801448850057896, 4.468137757597873]",0.8518459420276787,0.8547,0.8565440000000001,0.8618399999999999,1.0,0.1148,5000,100,10,0.18,0.35,6.0,0.7,2.5,0.0,lightning.qubit
CVaR|r=0.45593195565|erdos_renyi|g=1|init=1,CVaR,4,0.4559319556497244,0.35,0.65,1.8237278225988975,erdos_renyi,8,2,1,1,20262430,920401,"[5.1541213316333945, 3.721852295442659, 4.903726068591482, 1.2222919096378122]","[5.182572397176446, 3.5947947689166746, 5.286404525892054, 1.0795482040697126]",1.4857142857142853,0.6634,0.661076,0.66974,1.0,0.0014,5000,100,10,0.18,0.35,6.0,0.7,2.5,0.0,lightning.qubit
QTL|r=0.45593195565|erdos_renyi|g=1|init=1,QTL,4,0.4559319556497244,0.35,0.65,1.8237278225988975,erdos_renyi,8,2,1,1,20262430,920401,"[5.1541213316333945, 3.721852295442659, 4.903726068591482, 1.2222919096378122]","[5.07562543575945, 3.4405828716739513, 4.9153206973425805, 0.9541559855014142]",1.7003277373368304,0.66614,0.664654,0.67168,1.0,0.0242,5000,100,10,0.18,0.35,6.0,0.7,2.5,0.0,lightning.qubit
CVaR|r=0.45593195565|erdos_renyi|g=1|init=2,CVaR,4,0.4559319556497244,0.35,0.65,1.8237278225988975,erdos_renyi,8,2,1,2,20262431,920402,"[0.7781164276219816, 3.2262615747046017, 1.0811483388068108, 2.98222281407082]","[0.21873546987094078, 3.6265441297466747, 1.1227733897690326, 2.8873015519911016]",0.6377142857142857,0.8671400000000002,0.8705360000000001,0.8741200000000001,1.0,0.1268,5000,100,10,0.18,0.35,6.0,0.7,2.5,0.0,lightning.qubit
QTL|r=0.45593195565|erdos_renyi|g=1|init=2,QTL,4,0.4559319556497244,0.35,0.65,1.8237278225988975,erdos_renyi,8,2,1,2,20262431,920402,"[0.7781164276219816, 3.2262615747046017, 1.0811483388068108, 2.98222281407082]","[0.2934854475158537, 3.020214169968344, 0.7873949340335885, 3.56374962899052]",0.9084368979575401,0.8293800000000001,0.8304959999999999,0.8356200000000001,1.0,0.1014,5000,100,10,0.18,0.35,6.0,0.7,2.5,0.0,lightning.qubit
CVaR|r=0.45593195565|erdos_renyi|g=1|init=3,CVaR,4,0.4559319556497244,0.35,0.65,1.8237278225988975,erdos_renyi,8,2,1,3,20262432,920403,"[4.307602282343021, 3.034090238606556, 2.891329909804126, 1.6537892584670473]","[4.4697969975368315, 3.052045160481785, 2.804710428111466, 1.7560438948622374]",1.5977142857142843,0.6629400000000001,0.659968,0.6639799999999999,1.0,0.0054,5000,100,10,0.18,0.35,6.0,0.7,2.5,0.0,lightning.qubit
QTL|r=0.45593195565|erdos_renyi|g=1|init=3,QTL,4,0.4559319556497244,0.35,0.65,1.8237278225988975,erdos_renyi,8,2,1,3,20262432,920403,"[4.307602282343021, 3.034090238606556, 2.891329909804126, 1.6537892584670473]","[3.3920130883875195, 3.6504683009199552, 2.6884030575021143, 1.3108098686687772]",0.8010652064697621,0.8595200000000001,0.8609819999999999,0.8698799999999999,1.0,0.1318,5000,100,10,0.18,0.35,6.0,0.7,2.5,0.0,lightning.qubit
CVaR|r=0.45593195565|erdos_renyi|g=1|init=4,CVaR,4,0.4559319556497244,0.35,0.65,1.8237278225988975,erdos_renyi,8,2,1,4,20262433,920404,"[1.697931517675189, 4.9740234499068094, 5.809501218322688, 4.3764810471886175]","[1.6009237676581658, 5.024646604523261, 5.8287477112980985, 4.341560608586978]",0.7999999999999999,0.8146000000000001,0.813826,0.82022,1.0,0.07,5000,100,10,0.18,0.35,6.0,0.7,2.5,0.0,lightning.qubit
QTL|r=0.45593195565|erdos_renyi|g=1|init=4,QTL,4,0.4559319556497244,0.35,0.65,1.8237278225988975,erdos_renyi,8,2,1,4,20262433,920404,"[1.697931517675189, 4.9740234499068094, 5.809501218322688, 4.3764810471886175]","[1.6047079349799613, 5.015891931604082, 5.834737424199553, 4.348513476684162]",1.0401548782429084,0.81714,0.815122,0.8196199999999999,1.0,0.0722,5000,100,10,0.18,0.35,6.0,0.7,2.5,0.0,lightning.qubit
CVaR|r=0.698970004336|erdos_renyi|g=1|init=0,CVaR,5,0.6989700043360187,0.2,0.8,2.795880017344075,erdos_renyi,8,2,1,0,20262429,920500,"[3.0045084741480124, 0.6658867766369198, 2.9231716237466285, 4.046416608096568]","[2.790365352526124, 0.7877059300946353, 3.3746664728605245, 4.454808745702698]",0.38500000000000006,0.85404,0.852406,0.86632,1.0,0.123,5000,100,10,0.18,0.35,6.0,0.7,2.5,0.0,lightning.qubit
QTL|r=0.698970004336|erdos_renyi|g=1|init=0,QTL,5,0.6989700043360187,0.2,0.8,2.795880017344075,erdos_renyi,8,2,1,0,20262429,920500,"[3.0045084741480124, 0.6658867766369198, 2.9231716237466285, 4.046416608096568]","[3.40454171927962, 0.5300887303699183, 2.6730988888610736, 4.435382263238662]",0.6151664319943345,0.8520199999999999,0.8499360000000001,0.87212,1.0,0.1442,5000,100,10,0.18,0.35,6.0,0.7,2.5,0.0,lightning.qubit
CVaR|r=0.698970004336|erdos_renyi|g=1|init=1,CVaR,5,0.6989700043360187,0.2,0.8,2.795880017344075,erdos_renyi,8,2,1,1,20262430,920501,"[5.1541213316333945, 3.721852295442659, 4.903726068591482, 1.2222919096378122]","[5.168797364406274, 3.5767595236156624, 5.2806660839363015, 1.1167526025500034]",1.0379999999999996,0.66464,0.6626080000000001,0.6677799999999999,1.0,0.0012,5000,100,10,0.18,0.35,6.0,0.7,2.5,0.0,lightning.qubit
QTL|r=0.698970004336|erdos_renyi|g=1|init=1,QTL,5,0.6989700043360187,0.2,0.8,2.795880017344075,erdos_renyi,8,2,1,1,20262430,920501,"[5.1541213316333945, 3.721852295442659, 4.903726068591482, 1.2222919096378122]","[5.063270512204726, 3.4582414708685256, 4.937943359974423, 0.9734059862118829]",1.2441016429715561,0.6662399999999999,0.666726,0.67376,1.0,0.025,5000,100,10,0.18,0.35,6.0,0.7,2.5,0.0,lightning.qubit
CVaR|r=0.698970004336|erdos_renyi|g=1|init=2,CVaR,5,0.6989700043360187,0.2,0.8,2.795880017344075,erdos_renyi,8,2,1,2,20262431,920502,"[0.7781164276219816, 3.2262615747046017, 1.0811483388068108, 2.98222281407082]","[0.3442699662625574, 3.0184518829616924, 0.6894965179801408, 3.6746579724319557]",0.44300000000000017,0.83202,0.837294,0.84392,1.0,0.1114,5000,100,10,0.18,0.35,6.0,0.7,2.5,0.0,lightning.qubit
QTL|r=0.698970004336|erdos_renyi|g=1|init=2,QTL,5,0.6989700043360187,0.2,0.8,2.795880017344075,erdos_renyi,8,2,1,2,20262431,920502,"[0.7781164276219816, 3.2262615747046017, 1.0811483388068108, 2.98222281407082]","[0.3341109167534848, 2.3713598963837876, 1.3307715077581679, 3.396999526054195]",0.6667000505121466,0.85624,0.8547779999999999,0.8600200000000001,1.0,0.1196,5000,100,10,0.18,0.35,6.0,0.7,2.5,0.0,lightning.qubit
CVaR|r=0.698970004336|erdos_renyi|g=1|init=3,CVaR,5,0.6989700043360187,0.2,0.8,2.795880017344075,erdos_renyi,8,2,1,3,20262432,920503,"[4.307602282343021, 3.034090238606556, 2.891329909804126, 1.6537892584670473]","[3.3559295214979006, 3.635365515051496, 2.681193339083517, 1.3129594216468146]",0.3520000000000001,0.86396,0.862022,0.8744,1.0,0.1296,5000,100,10,0.18,0.35,6.0,0.7,2.5,0.0,lightning.qubit
QTL|r=0.698970004336|erdos_renyi|g=1|init=3,QTL,5,0.6989700043360187,0.2,0.8,2.795880017344075,erdos_renyi,8,2,1,3,20262432,920503,"[4.307602282343021, 3.034090238606556, 2.891329909804126, 1.6537892584670473]","[3.4072147627868397, 3.670191098275947, 2.671598096910069, 1.2954441776548187]",0.64185529146037,0.8459199999999999,0.84932,0.86798,1.0,0.131,5000,100,10,0.18,0.35,6.0,0.7,2.5,0.0,lightning.qubit
CVaR|r=0.698970004336|erdos_renyi|g=1|init=4,CVaR,5,0.6989700043360187,0.2,0.8,2.795880017344075,erdos_renyi,8,2,1,4,20262433,920504,"[1.697931517675189, 4.9740234499068094, 5.809501218322688, 4.3764810471886175]","[1.598400452776957, 5.028304621927203, 5.760459762616501, 4.342078762061651]",0.63,0.8168799999999999,0.8122320000000001,0.81828,1.0,0.07400000000000001,5000,100,10,0.18,0.35,6.0,0.7,2.5,0.0,lightning.qubit
QTL|r=0.698970004336|erdos_renyi|g=1|init=4,QTL,5,0.6989700043360187,0.2,0.8,2.795880017344075,erdos_renyi,8,2,1,4,20262433,920504,"[1.697931517675189, 4.9740234499068094, 5.809501218322688, 4.3764810471886175]","[1.6165980824272865, 5.035471246000242, 5.7871171723880535, 4.342404989193903]",0.8111076818380807,0.81136,0.8081100000000001,0.81382,1.0,0.0766,5000,100,10,0.18,0.35,6.0,0.7,2.5,0.0,lightning.qubit
CVaR|r=1|erdos_renyi|g=1|init=0,CVaR,6,0.9999999999999998,0.1,0.9,3.999999999999999,erdos_renyi,8,2,1,0,20262429,920600,"[3.0045084741480124, 0.6658867766369198, 2.9231716237466285, 4.046416608096568]","[3.3139790271726555, 0.39312869150857904, 2.714259793361834, 4.517216811045253]",0.0,0.8709,0.870012,0.87468,1.0,0.1004,5000,100,10,0.18,0.35,6.0,0.7,2.5,0.0,lightning.qubit
QTL|r=1|erdos_renyi|g=1|init=0,QTL,6,0.9999999999999998,0.1,0.9,3.999999999999999,erdos_renyi,8,2,1,0,20262429,920600,"[3.0045084741480124, 0.6658867766369198, 2.9231716237466285, 4.046416608096568]","[3.4132949566004736, 0.5306099021151355, 2.6575383039763354, 4.422692165184969]",0.47982248670038896,0.8443800000000001,0.8434080000000002,0.8686800000000001,1.0,0.1366,5000,100,10,0.18,0.35,6.0,0.7,2.5,0.0,lightning.qubit
CVaR|r=1|erdos_renyi|g=1|init=1,CVaR,6,0.9999999999999998,0.1,0.9,3.999999999999999,erdos_renyi,8,2,1,1,20262430,920601,"[5.1541213316333945, 3.721852295442659, 4.903726068591482, 1.2222919096378122]","[5.116572931009064, 3.3631405045463216, 4.97674067952672, 0.9472653258590672]",0.7640000000000002,0.67252,0.6677839999999999,0.67546,1.0,0.0236,5000,100,10,0.18,0.35,6.0,0.7,2.5,0.0,lightning.qubit
QTL|r=1|erdos_renyi|g=1|init=1,QTL,6,0.9999999999999998,0.1,0.9,3.999999999999999,erdos_renyi,8,2,1,1,20262430,920601,"[5.1541213316333945, 3.721852295442659, 4.903726068591482, 1.2222919096378122]","[5.104143917125192, 3.4219374477594844, 4.948183787190238, 0.9386690996419956]",0.8926309037507192,0.67,0.664942,0.6718,1.0,0.0264,5000,100,10,0.18,0.35,6.0,0.7,2.5,0.0,lightning.qubit
CVaR|r=1|erdos_renyi|g=1|init=2,CVaR,6,0.9999999999999998,0.1,0.9,3.999999999999999,erdos_renyi,8,2,1,2,20262431,920602,"[0.7781164276219816, 3.2262615747046017, 1.0811483388068108, 2.98222281407082]","[0.9306548971698849, 3.067640720699941, 0.8441551302022591, 2.718645423237299]",0.778,0.66374,0.661684,0.6678200000000001,1.0,0.022199999999999998,5000,100,10,0.18,0.35,6.0,0.7,2.5,0.0,lightning.qubit
QTL|r=1|erdos_renyi|g=1|init=2,QTL,6,0.9999999999999998,0.1,0.9,3.999999999999999,erdos_renyi,8,2,1,2,20262431,920602,"[0.7781164276219816, 3.2262615747046017, 1.0811483388068108, 2.98222281407082]","[0.9082461779464245, 3.030712256269882, 0.8871984059091897, 2.7506354754740787]",0.9364518422994488,0.6587400000000001,0.658304,0.66378,1.0,0.0218,5000,100,10,0.18,0.35,6.0,0.7,2.5,0.0,lightning.qubit
CVaR|r=1|erdos_renyi|g=1|init=3,CVaR,6,0.9999999999999998,0.1,0.9,3.999999999999999,erdos_renyi,8,2,1,3,20262432,920603,"[4.307602282343021, 3.034090238606556, 2.891329909804126, 1.6537892584670473]","[4.271688554483584, 3.160817998339579, 3.0612985008297944, 1.695195475110306]",0.914,0.64954,0.64923,0.6569,1.0,0.0086,5000,100,10,0.18,0.35,6.0,0.7,2.5,0.0,lightning.qubit
QTL|r=1|erdos_renyi|g=1|init=3,QTL,6,0.9999999999999998,0.1,0.9,3.999999999999999,erdos_renyi,8,2,1,3,20262432,920603,"[4.307602282343021, 3.034090238606556, 2.891329909804126, 1.6537892584670473]","[3.4109149999954513, 3.6753856624368053, 2.657453364926588, 1.281332527716951]",0.4806898279322901,0.8429200000000001,0.8412620000000001,0.8689199999999999,1.0,0.136,5000,100,10,0.18,0.35,6.0,0.7,2.5,0.0,lightning.qubit
CVaR|r=1|erdos_renyi|g=1|init=4,CVaR,6,0.9999999999999998,0.1,0.9,3.999999999999999,erdos_renyi,8,2,1,4,20262433,920604,"[1.697931517675189, 4.9740234499068094, 5.809501218322688, 4.3764810471886175]","[1.6151880200294129, 5.008796963494387, 5.87451844287901, 4.3485541755353205]",0.30199999999999994,0.8161999999999999,0.814044,0.8284800000000001,1.0,0.0698,5000,100,10,0.18,0.35,6.0,0.7,2.5,0.0,lightning.qubit
QTL|r=1|erdos_renyi|g=1|init=4,QTL,6,0.9999999999999998,0.1,0.9,3.999999999999999,erdos_renyi,8,2,1,4,20262433,920604,"[1.697931517675189, 4.9740234499068094, 5.809501218322688, 4.3764810471886175]","[1.6223724018847747, 5.028673343044935, 5.839537737686907, 4.339060659654486]",0.6448951545253987,0.80686,0.806044,0.8102599999999999,1.0,0.068,5000,100,10,0.18,0.35,6.0,0.7,2.5,0.0,lightning.qubit
CVaR|r=-0|erdos_renyi|g=2|init=0,CVaR,0,-0.0,1.0,0.0,-0.0,erdos_renyi,8,2,2,0,20262429,930000,"[3.0045084741480124, 0.6658867766369198, 2.9231716237466285, 4.046416608096568]","[2.849424311441, 0.608342439991761, 3.362645816927704, 4.397670565317218]",2.3495999999999997,0.7650399999999999,0.7662159999999999,0.7731399999999999,1.0,0.2666,5000,100,10,0.18,0.35,6.0,0.7,2.5,0.0,lightning.qubit
QTL|r=-0|erdos_renyi|g=2|init=0,QTL,0,-0.0,1.0,0.0,-0.0,erdos_renyi,8,2,2,0,20262429,930000,"[3.0045084741480124, 0.6658867766369198, 2.9231716237466285, 4.046416608096568]","[2.849424311441, 0.608342439991761, 3.362645816927704, 4.397670565317218]",2.3495999999999997,0.7650399999999999,0.7662159999999999,0.7731399999999999,1.0,0.2666,5000,100,10,0.18,0.35,6.0,0.7,2.5,0.0,lightning.qubit
CVaR|r=-0|erdos_renyi|g=2|init=1,CVaR,0,-0.0,1.0,0.0,-0.0,erdos_renyi,8,2,2,1,20262430,930001,"[5.1541213316333945, 3.721852295442659, 4.903726068591482, 1.2222919096378122]","[5.000355992811084, 3.464742568539314, 5.155449898866541, 1.1247689273910007]",4.5316,0.5468400000000001,0.5468040000000001,0.55478,1.0,0.03,5000,100,10,0.18,0.35,6.0,0.7,2.5,0.0,lightning.qubit
QTL|r=-0|erdos_renyi|g=2|init=1,QTL,0,-0.0,1.0,0.0,-0.0,erdos_renyi,8,2,2,1,20262430,930001,"[5.1541213316333945, 3.721852295442659, 4.903726068591482, 1.2222919096378122]","[5.000355992811084, 3.464742568539314, 5.155449898866541, 1.1247689273910007]",4.5316,0.5468400000000001,0.5468040000000001,0.55478,1.0,0.03,5000,100,10,0.18,0.35,6.0,0.7,2.5,0.0,lightning.qubit
CVaR|r=-0|erdos_renyi|g=2|init=2,CVaR,0,-0.0,1.0,0.0,-0.0,erdos_renyi,8,2,2,2,20262431,930002,"[0.7781164276219816, 3.2262615747046017, 1.0811483388068108, 2.98222281407082]","[0.2615954490404715, 3.5533154066881374, 1.0282007767268844, 2.792202446583322]",1.8546,0.81454,0.818316,0.8238600000000001,1.0,0.397,5000,100,10,0.18,0.35,6.0,0.7,2.5,0.0,lightning.qubit
QTL|r=-0|erdos_renyi|g=2|init=2,QTL,0,-0.0,1.0,0.0,-0.0,erdos_renyi,8,2,2,2,20262431,930002,"[0.7781164276219816, 3.2262615747046017, 1.0811483388068108, 2.98222281407082]","[0.2615954490404715, 3.5533154066881374, 1.0282007767268844, 2.792202446583322]",1.8546,0.81454,0.818316,0.8238600000000001,1.0,0.397,5000,100,10,0.18,0.35,6.0,0.7,2.5,0.0,lightning.qubit
CVaR|r=-0|erdos_renyi|g=2|init=3,CVaR,0,-0.0,1.0,0.0,-0.0,erdos_renyi,8,2,2,3,20262432,930003,"[4.307602282343021, 3.034090238606556, 2.891329909804126, 1.6537892584670473]","[4.4227579723197765, 2.8232969613074856, 2.7034150879970533, 2.0266264771296565]",4.5686,0.54314,0.547658,0.5525800000000001,1.0,0.0314,5000,100,10,0.18,0.35,6.0,0.7,2.5,0.0,lightning.qubit
QTL|r=-0|erdos_renyi|g=2|init=3,QTL,0,-0.0,1.0,0.0,-0.0,erdos_renyi,8,2,2,3,20262432,930003,"[4.307602282343021, 3.034090238606556, 2.891329909804126, 1.6537892584670473]","[4.4227579723197765, 2.8232969613074856, 2.7034150879970533, 2.0266264771296565]",4.5686,0.54314,0.547658,0.5525800000000001,1.0,0.0314,5000,100,10,0.18,0.35,6.0,0.7,2.5,0.0,lightning.qubit
CVaR|r=-0|erdos_renyi|g=2|init=4,CVaR,0,-0.0,1.0,0.0,-0.0,erdos_renyi,8,2,2,4,20262433,930004,"[1.697931517675189, 4.9740234499068094, 5.809501218322688, 4.3764810471886175]","[1.4089169086522804, 5.191808176004016, 6.042209278761176, 4.324548418449111]",2.8788,0.7121200000000001,0.7119900000000001,0.71864,1.0,0.1684,5000,100,10,0.18,0.35,6.0,0.7,2.5,0.0,lightning.qubit
QTL|r=-0|erdos_renyi|g=2|init=4,QTL,0,-0.0,1.0,0.0,-0.0,erdos_renyi,8,2,2,4,20262433,930004,"[1.697931517675189, 4.9740234499068094, 5.809501218322688, 4.3764810471886175]","[1.4089169086522804, 5.191808176004016, 6.042209278761176, 4.324548418449111]",2.8788,0.7121200000000001,0.7119900000000001,0.71864,1.0,0.1684,5000,100,10,0.18,0.35,6.0,0.7,2.5,0.0,lightning.qubit
CVaR|r=0.0969100130081|erdos_renyi|g=2|init=0,CVaR,1,0.09691001300805638,0.8,0.19999999999999996,0.3876400520322255,erdos_renyi,8,2,2,0,20262429,930100,"[3.0045084741480124, 0.6658867766369198, 2.9231716237466285, 4.046416608096568]","[2.838600801668188, 0.610689661399844, 3.37501685469748, 4.357046824769783]",1.6792500000000004,0.7599600000000001,0.7638560000000001,0.77066,1.0,0.2844,5000,100,10,0.18,0.35,6.0,0.7,2.5,0.0,lightning.qubit
QTL|r=0.0969100130081|erdos_renyi|g=2|init=0,QTL,1,0.09691001300805638,0.8,0.19999999999999996,0.3876400520322255,erdos_renyi,8,2,2,0,20262429,930100,"[3.0045084741480124, 0.6658867766369198, 2.9231716237466285, 4.046416608096568]","[2.8409278753460723, 0.6117585607263287, 3.3852441153087796, 4.355854143619759]",1.7202331580518497,0.75762,0.762348,0.7693,1.0,0.28859999999999997,5000,100,10,0.18,0.35,6.0,0.7,2.5,0.0,lightning.qubit
CVaR|r=0.0969100130081|erdos_renyi|g=2|init=1,CVaR,1,0.09691001300805638,0.8,0.19999999999999996,0.3876400520322255,erdos_renyi,8,2,2,1,20262430,930101,"[5.1541213316333945, 3.721852295442659, 4.903726068591482, 1.2222919096378122]","[5.028336298162092, 3.4475325242816686, 5.187495822026451, 1.0680345074850166]",4.028749999999995,0.5444000000000001,0.5459620000000001,0.5513999999999999,1.0,0.027000000000000003,5000,100,10,0.18,0.35,6.0,0.7,2.5,0.0,lightning.qubit
QTL|r=0.0969100130081|erdos_renyi|g=2|init=1,QTL,1,0.09691001300805638,0.8,0.19999999999999996,0.3876400520322255,erdos_renyi,8,2,2,1,20262430,930101,"[5.1541213316333945, 3.721852295442659, 4.903726068591482, 1.2222919096378122]","[5.021366255545425, 3.4437161073712668, 5.158679722166432, 1.0938426535302899]",3.8873683499084453,0.54572,0.546956,0.55048,1.0,0.03,5000,100,10,0.18,0.35,6.0,0.7,2.5,0.0,lightning.qubit
CVaR|r=0.0969100130081|erdos_renyi|g=2|init=2,CVaR,1,0.09691001300805638,0.8,0.19999999999999996,0.3876400520322255,erdos_renyi,8,2,2,2,20262431,930102,"[0.7781164276219816, 3.2262615747046017, 1.0811483388068108, 2.98222281407082]","[0.2650630415345371, 3.5576151791362958, 1.0175056927768305, 2.779460542097404]",1.127,0.8161200000000001,0.817772,0.8224199999999999,1.0,0.4054,5000,100,10,0.18,0.35,6.0,0.7,2.5,0.0,lightning.qubit
QTL|r=0.0969100130081|erdos_renyi|g=2|init=2,QTL,1,0.09691001300805638,0.8,0.19999999999999996,0.3876400520322255,erdos_renyi,8,2,2,2,20262431,930102,"[0.7781164276219816, 3.2262615747046017, 1.0811483388068108, 2.98222281407082]","[0.2716194045499413, 3.5606464016367316, 1.020858461034387, 2.772264461787226]",1.267170060360346,0.8148799999999999,0.816718,0.82208,1.0,0.4074,5000,100,10,0.18,0.35,6.0,0.7,2.5,0.0,lightning.qubit
CVaR|r=0.0969100130081|erdos_renyi|g=2|init=3,CVaR,1,0.09691001300805638,0.8,0.19999999999999996,0.3876400520322255,erdos_renyi,8,2,2,3,20262432,930103,"[4.307602282343021, 3.034090238606556, 2.891329909804126, 1.6537892584670473]","[4.396665224889596, 2.8316062575326817, 2.6654731522011232, 2.0751674018432342]",3.9867500000000056,0.54798,0.546542,0.55334,1.0,0.0304,5000,100,10,0.18,0.35,6.0,0.7,2.5,0.0,lightning.qubit
QTL|r=0.0969100130081|erdos_renyi|g=2|init=3,QTL,1,0.09691001300805638,0.8,0.19999999999999996,0.3876400520322255,erdos_renyi,8,2,2,3,20262432,930103,"[4.307602282343021, 3.034090238606556, 2.891329909804126, 1.6537892584670473]","[4.400956042013512, 2.842077211527499, 2.6971776665485496, 2.0503649945977864]",3.88281367807971,0.54604,0.546434,0.55244,1.0,0.0324,5000,100,10,0.18,0.35,6.0,0.7,2.5,0.0,lightning.qubit
CVaR|r=0.0969100130081|erdos_renyi|g=2|init=4,CVaR,1,0.09691001300805638,0.8,0.19999999999999996,0.3876400520322255,erdos_renyi,8,2,2,4,20262433,930104,"[1.697931517675189, 4.9740234499068094, 5.809501218322688, 4.3764810471886175]","[1.4027080863706967, 5.209385679192587, 6.038619858949061, 4.285211696530932]",2.228249999999997,0.71186,0.709878,0.7171200000000001,1.0,0.186,5000,100,10,0.18,0.35,6.0,0.7,2.5,0.0,lightning.qubit
QTL|r=0.0969100130081|erdos_renyi|g=2|init=4,QTL,1,0.09691001300805638,0.8,0.19999999999999996,0.3876400520322255,erdos_renyi,8,2,2,4,20262433,930104,"[1.697931517675189, 4.9740234499068094, 5.809501218322688, 4.3764810471886175]","[1.3968924540865508, 5.215215892737452, 6.030514173809843, 4.274867629155829]",2.191354622521404,0.71092,0.708546,0.71492,1.0,0.1904,5000,100,10,0.18,0.35,6.0,0.7,2.5,0.0,lightning.qubit
CVaR|r=0.187086643357|erdos_renyi|g=2|init=0,CVaR,2,0.1870866433571444,0.65,0.35,0.7483465734285776,erdos_renyi,8,2,2,0,20262429,930200,"[3.0045084741480124, 0.6658867766369198, 2.9231716237466285, 4.046416608096568]","[2.8350470347150374, 0.6160559650934923, 3.385742937938278, 4.35391929792919]",1.1916923076923072,0.75876,0.758672,0.76626,1.0,0.294,5000,100,10,0.18,0.35,6.0,0.7,2.5,0.0,lightning.qubit
QTL|r=0.187086643357|erdos_renyi|g=2|init=0,QTL,2,0.1870866433571444,0.65,0.35,0.7483465734285776,erdos_renyi,8,2,2,0,20262429,930200,"[3.0045084741480124, 0.6658867766369198, 2.9231716237466285, 4.046416608096568]","[2.8416557690992836, 0.61024858818573, 3.395260087094888, 4.344773489075018]",1.2520301288368254,0.7563799999999999,0.756616,0.7641,1.0,0.2982,5000,100,10,0.18,0.35,6.0,0.7,2.5,0.0,lightning.qubit
CVaR|r=0.187086643357|erdos_renyi|g=2|init=1,CVaR,2,0.1870866433571444,0.65,0.35,0.7483465734285776,erdos_renyi,8,2,2,1,20262430,930201,"[5.1541213316333945, 3.721852295442659, 4.903726068591482, 1.2222919096378122]","[5.0302172242483225, 3.4483052045590945, 5.207366146756962, 1.0935553432125744]",3.6578461538461506,0.54476,0.546656,0.5525800000000001,1.0,0.0298,5000,100,10,0.18,0.35,6.0,0.7,2.5,0.0,lightning.qubit
QTL|r=0.187086643357|erdos_renyi|g=2|init=1,QTL,2,0.1870866433571444,0.65,0.35,0.7483465734285776,erdos_renyi,8,2,2,1,20262430,930201,"[5.1541213316333945, 3.721852295442659, 4.903726068591482, 1.2222919096378122]","[5.022460718986436, 3.440953532137924, 5.143673942630751, 1.0946158594564102]",3.239472557820484,0.54574,0.5470200000000001,0.55558,1.0,0.032,5000,100,10,0.18,0.35,6.0,0.7,2.5,0.0,lightning.qubit
CVaR|r=0.187086643357|erdos_renyi|g=2|init=2,CVaR,2,0.1870866433571444,0.65,0.35,0.7483465734285776,erdos_renyi,8,2,2,2,20262431,930202,"[0.7781164276219816, 3.2262615747046017, 1.0811483388068108, 2.98222281407082]","[0.2785782347480135, 3.564867315569405, 1.0109454114869731, 2.7674545278611946]",0.6612307692307697,0.8112600000000001,0.8142460000000001,0.8234999999999999,1.0,0.4132,5000,100,10,0.18,0.35,6.0,0.7,2.5,0.0,lightning.qubit
QTL|r=0.187086643357|erdos_renyi|g=2|init=2,QTL,2,0.1870866433571444,0.65,0.35,0.7483465734285776,erdos_renyi,8,2,2,2,20262431,930202,"[0.7781164276219816, 3.2262615747046017, 1.0811483388068108, 2.98222281407082]","[0.28400911207941343, 3.566138702879763, 1.0222718893996987, 2.763078546559705]",0.9097605870330312,0.8126000000000001,0.8132860000000001,0.8223800000000001,1.0,0.4194,5000,100,10,0.18,0.35,6.0,0.7,2.5,0.0,lightning.qubit
CVaR|r=0.187086643357|erdos_renyi|g=2|init=3,CVaR,2,0.1870866433571444,0.65,0.35,0.7483465734285776,erdos_renyi,8,2,2,3,20262432,930203,"[4.307602282343021, 3.034090238606556, 2.891329909804126, 1.6537892584670473]","[4.387290872937715, 2.8351887040448824, 2.6523694600305867, 2.055244182540157]",3.6836923076923083,0.5418000000000001,0.545416,0.55124,1.0,0.0286,5000,100,10,0.18,0.35,6.0,0.7,2.5,0.0,lightning.qubit
QTL|r=0.187086643357|erdos_renyi|g=2|init=3,QTL,2,0.1870866433571444,0.65,0.35,0.7483465734285776,erdos_renyi,8,2,2,3,20262432,930203,"[4.307602282343021, 3.034090238606556, 2.891329909804126, 1.6537892584670473]","[4.400038213418766, 2.84010784169684, 2.7128584042757504, 2.058307394471346]",3.253859931489518,0.54262,0.545486,0.55372,1.0,0.0308,5000,100,10,0.18,0.35,6.0,0.7,2.5,0.0,lightning.qubit
CVaR|r=0.187086643357|erdos_renyi|g=2|init=4,CVaR,2,0.1870866433571444,0.65,0.35,0.7483465734285776,erdos_renyi,8,2,2,4,20262433,930204,"[1.697931517675189, 4.9740234499068094, 5.809501218322688, 4.3764810471886175]","[1.400130781423401, 5.210988444963937, 6.032618928352558, 4.267837868517943]",1.8055384615384615,0.7086600000000001,0.70787,0.7150000000000001,1.0,0.18719999999999998,5000,100,10,0.18,0.35,6.0,0.7,2.5,0.0,lightning.qubit
QTL|r=0.187086643357|erdos_renyi|g=2|init=4,QTL,2,0.1870866433571444,0.65,0.35,0.7483465734285776,erdos_renyi,8,2,2,4,20262433,930204,"[1.697931517675189, 4.9740234499068094, 5.809501218322688, 4.3764810471886175]","[1.3880585467925184, 5.232009010740067, 6.027333486683036, 4.244518713091703]",1.667363581373781,0.70348,0.702154,0.70878,1.0,0.1978,5000,100,10,0.18,0.35,6.0,0.7,2.5,0.0,lightning.qubit
CVaR|r=0.301029995664|erdos_renyi|g=2|init=0,CVaR,3,0.30102999566398114,0.5,0.5,1.2041199826559246,erdos_renyi,8,2,2,0,20262429,930300,"[3.0045084741480124, 0.6658867766369198, 2.9231716237466285, 4.046416608096568]","[2.8334514750903597, 0.6168166707747015, 3.4153928007949195, 4.3429545066410835]",0.6184000000000002,0.7546,0.7581840000000001,0.7667600000000001,1.0,0.3086,5000,100,10,0.18,0.35,6.0,0.7,2.5,0.0,lightning.qubit
QTL|r=0.301029995664|erdos_renyi|g=2|init=0,QTL,3,0.30102999566398114,0.5,0.5,1.2041199826559246,erdos_renyi,8,2,2,0,20262429,930300,"[3.0045084741480124, 0.6658867766369198, 2.9231716237466285, 4.046416608096568]","[2.8304789773429366, 0.6180237418579915, 3.4070871161144147, 4.334840725516023]",0.8776926349109264,0.7548999999999999,0.755394,0.76128,1.0,0.3076,5000,100,10,0.18,0.35,6.0,0.7,2.5,0.0,lightning.qubit
CVaR|r=0.301029995664|erdos_renyi|g=2|init=1,CVaR,3,0.30102999566398114,0.5,0.5,1.2041199826559246,erdos_renyi,8,2,2,1,20262430,930301,"[5.1541213316333945, 3.721852295442659, 4.903726068591482, 1.2222919096378122]","[5.044450212639227, 3.441457627519327, 5.200893350650597, 1.078163497377215]",3.242,0.5432599999999999,0.5450919999999999,0.55434,1.0,0.0276,5000,100,10,0.18,0.35,6.0,0.7,2.5,0.0,lightning.qubit
QTL|r=0.301029995664|erdos_renyi|g=2|init=1,QTL,3,0.30102999566398114,0.5,0.5,1.2041199826559246,erdos_renyi,8,2,2,1,20262430,930301,"[5.1541213316333945, 3.721852295442659, 4.903726068591482, 1.2222919096378122]","[5.016220501711222, 3.4315862415606415, 5.109494028730325, 1.0921860277074242]",2.433228468409991,0.545,0.545438,0.5526800000000001,1.0,0.0328,5000,100,10,0.18,0.35,6.0,0.7,2.5,0.0,lightning.qubit
CVaR|r=0.301029995664|erdos_renyi|g=2|init=2,CVaR,3,0.30102999566398114,0.5,0.5,1.2041199826559246,erdos_renyi,8,2,2,2,20262431,930302,"[0.7781164276219816, 3.2262615747046017, 1.0811483388068108, 2.98222281407082]","[0.28761049166936675, 3.571628774369144, 1.0182455068588447, 2.763231469799498]",0.1972,0.81164,0.81304,0.82148,1.0,0.41300000000000003,5000,100,10,0.18,0.35,6.0,0.7,2.5,0.0,lightning.qubit
QTL|r=0.301029995664|erdos_renyi|g=2|init=2,QTL,3,0.30102999566398114,0.5,0.5,1.2041199826559246,erdos_renyi,8,2,2,2,20262431,930302,"[0.7781164276219816, 3.2262615747046017, 1.0811483388068108, 2.98222281407082]","[0.2892843683401923, 3.5674540299929993, 1.0225425671347534, 2.7601630524439287]",0.6611921948095305,0.81106,0.8127280000000001,0.8201999999999998,1.0,0.4124,5000,100,10,0.18,0.35,6.0,0.7,2.5,0.0,lightning.qubit
CVaR|r=0.301029995664|erdos_renyi|g=2|init=3,CVaR,3,0.30102999566398114,0.5,0.5,1.2041199826559246,erdos_renyi,8,2,2,3,20262432,930303,"[4.307602282343021, 3.034090238606556, 2.891329909804126, 1.6537892584670473]","[4.392631883199467, 2.835801960532692, 2.6592298933954663, 2.0507122982625132]",3.281999999999999,0.54264,0.546222,0.55494,1.0,0.028200000000000003,5000,100,10,0.18,0.35,6.0,0.7,2.5,0.0,lightning.qubit
QTL|r=0.301029995664|erdos_renyi|g=2|init=3,QTL,3,0.30102999566398114,0.5,0.5,1.2041199826559246,erdos_renyi,8,2,2,3,20262432,930303,"[4.307602282343021, 3.034090238606556, 2.891329909804126, 1.6537892584670473]","[4.409769522308792, 2.8426682476121687, 2.7465819204839264, 2.0460047653330964]",2.554282940053092,0.54272,0.5459740000000001,0.55354,1.0,0.027,5000,100,10,0.18,0.35,6.0,0.7,2.5,0.0,lightning.qubit
CVaR|r=0.301029995664|erdos_renyi|g=2|init=4,CVaR,3,0.30102999566398114,0.5,0.5,1.2041199826559246,erdos_renyi,8,2,2,4,20262433,930304,"[1.697931517675189, 4.9740234499068094, 5.809501218322688, 4.3764810471886175]","[1.3773425000125432, 5.234261808509872, 6.013977972638347, 4.253478988186671]",1.3064,0.7038800000000001,0.70411,0.71106,1.0,0.1902,5000,100,10,0.18,0.35,6.0,0.7,2.5,0.0,lightning.qubit
QTL|r=0.301029995664|erdos_renyi|g=2|init=4,QTL,3,0.30102999566398114,0.5,0.5,1.2041199826559246,erdos_renyi,8,2,2,4,20262433,930304,"[1.697931517675189, 4.9740234499068094, 5.809501218322688, 4.3764810471886175]","[1.3784099587742393, 5.250742255974916, 6.0288435062708245, 4.225890787371582]",1.2209298376459943,0.69634,0.69824,0.70534,1.0,0.1946,5000,100,10,0.18,0.35,6.0,0.7,2.5,0.0,lightning.qubit
CVaR|r=0.45593195565|erdos_renyi|g=2|init=0,CVaR,4,0.4559319556497244,0.35,0.65,1.8237278225988975,erdos_renyi,8,2,2,0,20262429,930400,"[3.0045084741480124, 0.6658867766369198, 2.9231716237466285, 4.046416608096568]","[2.835501714125517, 0.6122767690516807, 3.428009916838251, 4.356921286533852]",0.10685714285714287,0.7523799999999999,0.753284,0.766,1.0,0.3126,5000,100,10,0.18,0.35,6.0,0.7,2.5,0.0,lightning.qubit
QTL|r=0.45593195565|erdos_renyi|g=2|init=0,QTL,4,0.4559319556497244,0.35,0.65,1.8237278225988975,erdos_renyi,8,2,2,0,20262429,930400,"[3.0045084741480124, 0.6658867766369198, 2.9231716237466285, 4.046416608096568]","[2.8297625704632487, 0.6205158494241153, 3.4167983767106773, 4.336661282898726]",0.613376033748085,0.7514600000000001,0.7506120000000001,0.75922,1.0,0.3116,5000,100,10,0.18,0.35,6.0,0.7,2.5,0.0,lightning.qubit
CVaR|r=0.45593195565|erdos_renyi|g=2|init=1,CVaR,4,0.4559319556497244,0.35,0.65,1.8237278225988975,erdos_renyi,8,2,2,1,20262430,930401,"[5.1541213316333945, 3.721852295442659, 4.903726068591482, 1.2222919096378122]","[5.039775058042001, 3.4191282823060876, 5.167563030311838, 1.1046397910426438]",2.688571428571427,0.5483399999999999,0.546542,0.5532199999999999,1.0,0.0296,5000,100,10,0.18,0.35,6.0,0.7,2.5,0.0,lightning.qubit
QTL|r=0.45593195565|erdos_renyi|g=2|init=1,QTL,4,0.4559319556497244,0.35,0.65,1.8237278225988975,erdos_renyi,8,2,2,1,20262430,930401,"[5.1541213316333945, 3.721852295442659, 4.903726068591482, 1.2222919096378122]","[5.018355852906058, 3.427222610346755, 5.086163750257896, 1.0873677159722446]",1.7521813246977727,0.5469,0.5471039999999999,0.5525599999999999,1.0,0.031799999999999995,5000,100,10,0.18,0.35,6.0,0.7,2.5,0.0,lightning.qubit
CVaR|r=0.45593195565|erdos_renyi|g=2|init=2,CVaR,4,0.4559319556497244,0.35,0.65,1.8237278225988975,erdos_renyi,8,2,2,2,20262431,930402,"[0.7781164276219816, 3.2262615747046017, 1.0811483388068108, 2.98222281407082]","[0.25520742167197624, 3.5980827492842096, 1.0554012691246468, 2.8406051509376775]",0.0,0.80612,0.8094760000000001,0.8175399999999999,1.0,0.373,5000,100,10,0.18,0.35,6.0,0.7,2.5,0.0,lightning.qubit
QTL|r=0.45593195565|erdos_renyi|g=2|init=2,QTL,4,0.4559319556497244,0.35,0.65,1.8237278225988975,erdos_renyi,8,2,2,2,20262431,930402,"[0.7781164276219816, 3.2262615747046017, 1.0811483388068108, 2.98222281407082]","[0.29628658228223376, 3.572945487580353, 1.0214200031225094, 2.7550399100710985]",0.45825190625497003,0.8078199999999999,0.810594,0.8166999999999998,1.0,0.41879999999999995,5000,100,10,0.18,0.35,6.0,0.7,2.5,0.0,lightning.qubit
CVaR|r=0.45593195565|erdos_renyi|g=2|init=3,CVaR,4,0.4559319556497244,0.35,0.65,1.8237278225988975,erdos_renyi,8,2,2,3,20262432,930403,"[4.307602282343021, 3.034090238606556, 2.891329909804126, 1.6537892584670473]","[4.38876357883452, 2.8485088178386184, 2.674423056858354, 2.0277519205498926]",2.718857142857145,0.5458200000000001,0.546698,0.5516599999999999,1.0,0.027000000000000003,5000,100,10,0.18,0.35,6.0,0.7,2.5,0.0,lightning.qubit
QTL|r=0.45593195565|erdos_renyi|g=2|init=3,QTL,4,0.4559319556497244,0.35,0.65,1.8237278225988975,erdos_renyi,8,2,2,3,20262432,930403,"[4.307602282343021, 3.034090238606556, 2.891329909804126, 1.6537892584670473]","[4.412763881570133, 2.846743913867142, 2.7444560324643588, 2.051813024571398]",1.8443647217196275,0.5469,0.547898,0.552,1.0,0.0264,5000,100,10,0.18,0.35,6.0,0.7,2.5,0.0,lightning.qubit
CVaR|r=0.45593195565|erdos_renyi|g=2|init=4,CVaR,4,0.4559319556497244,0.35,0.65,1.8237278225988975,erdos_renyi,8,2,2,4,20262433,930404,"[1.697931517675189, 4.9740234499068094, 5.809501218322688, 4.3764810471886175]","[1.36302269383867, 5.2582295684375255, 6.021055139918279, 4.224252248674531]",0.7851428571428574,0.6923,0.6961240000000001,0.70442,1.0,0.1926,5000,100,10,0.18,0.35,6.0,0.7,2.5,0.0,lightning.qubit
QTL|r=0.45593195565|erdos_renyi|g=2|init=4,QTL,4,0.4559319556497244,0.35,0.65,1.8237278225988975,erdos_renyi,8,2,2,4,20262433,930404,"[1.697931517675189, 4.9740234499068094, 5.809501218322688, 4.3764810471886175]","[1.372867590938998, 5.260181553320332, 6.021121359105187, 4.215604356803948]",0.868708822957983,0.6909599999999999,0.69526,0.70304,1.0,0.1938,5000,100,10,0.18,0.35,6.0,0.7,2.5,0.0,lightning.qubit
CVaR|r=0.698970004336|erdos_renyi|g=2|init=0,CVaR,5,0.6989700043360187,0.2,0.8,2.795880017344075,erdos_renyi,8,2,2,0,20262429,930500,"[3.0045084741480124, 0.6658867766369198, 2.9231716237466285, 4.046416608096568]","[2.8428340218665724, 0.44138627422646315, 3.542095976703817, 4.561125430054412]",0.0,0.7334799999999999,0.738518,0.74804,1.0,0.218,5000,100,10,0.18,0.35,6.0,0.7,2.5,0.0,lightning.qubit
QTL|r=0.698970004336|erdos_renyi|g=2|init=0,QTL,5,0.6989700043360187,0.2,0.8,2.795880017344075,erdos_renyi,8,2,2,0,20262429,930500,"[3.0045084741480124, 0.6658867766369198, 2.9231716237466285, 4.046416608096568]","[2.8280696603013373, 0.6216887526251738, 3.4202138962729607, 4.335135289224631]",0.42040187566899606,0.748,0.7484839999999999,0.7565600000000001,1.0,0.3042,5000,100,10,0.18,0.35,6.0,0.7,2.5,0.0,lightning.qubit
CVaR|r=0.698970004336|erdos_renyi|g=2|init=1,CVaR,5,0.6989700043360187,0.2,0.8,2.795880017344075,erdos_renyi,8,2,2,1,20262430,930501,"[5.1541213316333945, 3.721852295442659, 4.903726068591482, 1.2222919096378122]","[5.027514727199037, 3.4360121255017213, 5.140991510650758, 1.109819141819275]",1.936,0.54776,0.5463920000000001,0.55264,1.0,0.03,5000,100,10,0.18,0.35,6.0,0.7,2.5,0.0,lightning.qubit
QTL|r=0.698970004336|erdos_renyi|g=2|init=1,QTL,5,0.6989700043360187,0.2,0.8,2.795880017344075,erdos_renyi,8,2,2,1,20262430,930501,"[5.1541213316333945, 3.721852295442659, 4.903726068591482, 1.2222919096378122]","[5.00886736606155, 3.435593490296246, 5.102414053922769, 1.0912433782160056]",1.2176123026627421,0.54896,0.546298,0.5525599999999999,1.0,0.030600000000000002,5000,100,10,0.18,0.35,6.0,0.7,2.5,0.0,lightning.qubit
CVaR|r=0.698970004336|erdos_renyi|g=2|init=2,CVaR,5,0.6989700043360187,0.2,0.8,2.795880017344075,erdos_renyi,8,2,2,2,20262431,930502,"[0.7781164276219816, 3.2262615747046017, 1.0811483388068108, 2.98222281407082]","[0.21357432904428308, 3.6212005146296193, 1.1119158645389777, 2.907151324723229]",0.0,0.7759400000000001,0.7797540000000001,0.79204,1.0,0.2596,5000,100,10,0.18,0.35,6.0,0.7,2.5,0.0,lightning.qubit
QTL|r=0.698970004336|erdos_renyi|g=2|init=2,QTL,5,0.6989700043360187,0.2,0.8,2.795880017344075,erdos_renyi,8,2,2,2,20262431,930502,"[0.7781164276219816, 3.2262615747046017, 1.0811483388068108, 2.98222281407082]","[0.29846498998876875, 3.576877518281553, 1.020770850660269, 2.753454998915559]",0.30403366227718515,0.80908,0.808768,0.81616,1.0,0.4226,5000,100,10,0.18,0.35,6.0,0.7,2.5,0.0,lightning.qubit
CVaR|r=0.698970004336|erdos_renyi|g=2|init=3,CVaR,5,0.6989700043360187,0.2,0.8,2.795880017344075,erdos_renyi,8,2,2,3,20262432,930503,"[4.307602282343021, 3.034090238606556, 2.891329909804126, 1.6537892584670473]","[4.392497659459674, 2.840756097041058, 2.7182387143525992, 2.0281643341821542]",1.9740000000000002,0.5444599999999999,0.5454600000000001,0.5534000000000001,1.0,0.029,5000,100,10,0.18,0.35,6.0,0.7,2.5,0.0,lightning.qubit
QTL|r=0.698970004336|erdos_renyi|g=2|init=3,QTL,5,0.6989700043360187,0.2,0.8,2.795880017344075,erdos_renyi,8,2,2,3,20262432,930503,"[4.307602282343021, 3.034090238606556, 2.891329909804126, 1.6537892584670473]","[4.410240207120839, 2.844401332029295, 2.7535965632901847, 2.057249659604137]",1.228736453426715,0.54272,0.545664,0.55106,1.0,0.0298,5000,100,10,0.18,0.35,6.0,0.7,2.5,0.0,lightning.qubit
CVaR|r=0.698970004336|erdos_renyi|g=2|init=4,CVaR,5,0.6989700043360187,0.2,0.8,2.795880017344075,erdos_renyi,8,2,2,4,20262433,930504,"[1.697931517675189, 4.9740234499068094, 5.809501218322688, 4.3764810471886175]","[1.36540527022804, 5.251721071689272, 5.974855897268131, 4.211111787980333]",0.030000000000000027,0.69244,0.69085,0.70464,1.0,0.194,5000,100,10,0.18,0.35,6.0,0.7,2.5,0.0,lightning.qubit
QTL|r=0.698970004336|erdos_renyi|g=2|init=4,QTL,5,0.6989700043360187,0.2,0.8,2.795880017344075,erdos_renyi,8,2,2,4,20262433,930504,"[1.697931517675189, 4.9740234499068094, 5.809501218322688, 4.3764810471886175]","[1.3799147949638215, 5.253067456314244, 6.0135385714729885, 4.215576213277619]",0.5754840106600715,0.69502,0.6929779999999999,0.7026,1.0,0.1966,5000,100,10,0.18,0.35,6.0,0.7,2.5,0.0,lightning.qubit
CVaR|r=1|erdos_renyi|g=2|init=0,CVaR,6,0.9999999999999998,0.1,0.9,3.999999999999999,erdos_renyi,8,2,2,0,20262429,930600,"[3.0045084741480124, 0.6658867766369198, 2.9231716237466285, 4.046416608096568]","[2.866568692543792, 0.698680888536675, 3.342511442175754, 4.555183398549646]",0.0,0.7157600000000001,0.714732,0.7378600000000001,1.0,0.126,5000,100,10,0.18,0.35,6.0,0.7,2.5,0.0,lightning.qubit
QTL|r=1|erdos_renyi|g=2|init=0,QTL,6,0.9999999999999998,0.1,0.9,3.999999999999999,erdos_renyi,8,2,2,0,20262429,930600,"[3.0045084741480124, 0.6658867766369198, 2.9231716237466285, 4.046416608096568]","[2.8289139019743543, 0.6221003002083387, 3.4237893372038886, 4.334763932637461]",0.2976840653364865,0.74632,0.749006,0.75678,1.0,0.3026,5000,100,10,0.18,0.35,6.0,0.7,2.5,0.0,lightning.qubit
CVaR|r=1|erdos_renyi|g=2|init=1,CVaR,6,0.9999999999999998,0.1,0.9,3.999999999999999,erdos_renyi,8,2,2,1,20262430,930601,"[5.1541213316333945, 3.721852295442659, 4.903726068591482, 1.2222919096378122]","[4.988925407427585, 3.4271008636509053, 5.069975676023818, 1.05158724041593]",1.1840000000000004,0.54562,0.544376,0.54972,1.0,0.032600000000000004,5000,100,10,0.18,0.35,6.0,0.7,2.5,0.0,lightning.qubit
QTL|r=1|erdos_renyi|g=2|init=1,QTL,6,0.9999999999999998,0.1,0.9,3.999999999999999,erdos_renyi,8,2,2,1,20262430,930601,"[5.1541213316333945, 3.721852295442659, 4.903726068591482, 1.2222919096378122]","[5.014613518435465, 3.434460747035427, 5.091117619485414, 1.0891970052126734]",0.8153191609953198,0.55106,0.54595,0.5513399999999999,1.0,0.037599999999999995,5000,100,10,0.18,0.35,6.0,0.7,2.5,0.0,lightning.qubit
CVaR|r=1|erdos_renyi|g=2|init=2,CVaR,6,0.9999999999999998,0.1,0.9,3.999999999999999,erdos_renyi,8,2,2,2,20262431,930602,"[0.7781164276219816, 3.2262615747046017, 1.0811483388068108, 2.98222281407082]","[0.2195907105097656, 3.620596567048749, 1.1109602386598045, 2.901834163746998]",0.0,0.7836399999999999,0.7768440000000001,0.7969799999999999,1.0,0.2754,5000,100,10,0.18,0.35,6.0,0.7,2.5,0.0,lightning.qubit
QTL|r=1|erdos_renyi|g=2|init=2,QTL,6,0.9999999999999998,0.1,0.9,3.999999999999999,erdos_renyi,8,2,2,2,20262431,930602,"[0.7781164276219816, 3.2262615747046017, 1.0811483388068108, 2.98222281407082]","[0.29788777753180545, 3.5769210133363942, 1.0214169594044327, 2.7529212298906387]",0.20707203270379185,0.8099999999999999,0.810414,0.81654,1.0,0.4356,5000,100,10,0.18,0.35,6.0,0.7,2.5,0.0,lightning.qubit
CVaR|r=1|erdos_renyi|g=2|init=3,CVaR,6,0.9999999999999998,0.1,0.9,3.999999999999999,erdos_renyi,8,2,2,3,20262432,930603,"[4.307602282343021, 3.034090238606556, 2.891329909804126, 1.6537892584670473]","[4.419822401158842, 2.8553734511756073, 2.7595730464511417, 2.0849948490281514]",1.094,0.5423199999999999,0.54339,0.55132,1.0,0.031,5000,100,10,0.18,0.35,6.0,0.7,2.5,0.0,lightning.qubit
QTL|r=1|erdos_renyi|g=2|init=3,QTL,6,0.9999999999999998,0.1,0.9,3.999999999999999,erdos_renyi,8,2,2,3,20262432,930603,"[4.307602282343021, 3.034090238606556, 2.891329909804126, 1.6537892584670473]","[4.404793305668189, 2.849947444764784, 2.752885901639348, 2.064657123384511]",0.8677843709865753,0.5435000000000001,0.545196,0.55114,1.0,0.0304,5000,100,10,0.18,0.35,6.0,0.7,2.5,0.0,lightning.qubit
CVaR|r=1|erdos_renyi|g=2|init=4,CVaR,6,0.9999999999999998,0.1,0.9,3.999999999999999,erdos_renyi,8,2,2,4,20262433,930604,"[1.697931517675189, 4.9740234499068094, 5.809501218322688, 4.3764810471886175]","[1.3743265649834173, 5.222519167574644, 5.864144953571369, 4.1835826873279975]",0.0,0.6721,0.676642,0.701,1.0,0.181,5000,100,10,0.18,0.35,6.0,0.7,2.5,0.0,lightning.qubit
QTL|r=1|erdos_renyi|g=2|init=4,QTL,6,0.9999999999999998,0.1,0.9,3.999999999999999,erdos_renyi,8,2,2,4,20262433,930604,"[1.697931517675189, 4.9740234499068094, 5.809501218322688, 4.3764810471886175]","[1.376038100289367, 5.25660884875327, 6.012273463568468, 4.212884380330903]",0.40435224786469304,0.69176,0.6916240000000001,0.6979799999999999,1.0,0.1976,5000,100,10,0.18,0.35,6.0,0.7,2.5,0.0,lightning.qubit
CVaR|r=-0|erdos_renyi|g=3|init=0,CVaR,0,-0.0,1.0,0.0,-0.0,erdos_renyi,8,2,3,0,20262429,940000,"[3.0045084741480124, 0.6658867766369198, 2.9231716237466285, 4.046416608096568]","[3.3988500114723497, 0.4709884944132246, 2.652205305911246, 4.410269615917482]",1.3788,0.8468000000000001,0.8481222222222222,0.8540666666666666,1.0,0.2452,5000,100,10,0.18,0.35,6.0,0.7,2.5,0.0,lightning.qubit
QTL|r=-0|erdos_renyi|g=3|init=0,QTL,0,-0.0,1.0,0.0,-0.0,erdos_renyi,8,2,3,0,20262429,940000,"[3.0045084741480124, 0.6658867766369198, 2.9231716237466285, 4.046416608096568]","[3.3988500114723497, 0.4709884944132246, 2.652205305911246, 4.410269615917482]",1.3788,0.8468000000000001,0.8481222222222222,0.8540666666666666,1.0,0.2452,5000,100,10,0.18,0.35,6.0,0.7,2.5,0.0,lightning.qubit
CVaR|r=-0|erdos_renyi|g=3|init=1,CVaR,0,-0.0,1.0,0.0,-0.0,erdos_renyi,8,2,3,1,20262430,940001,"[5.1541213316333945, 3.721852295442659, 4.903726068591482, 1.2222919096378122]","[4.043748917184253, 3.60933365593912, 5.803767852681309, 0.753950171562816]",3.1470000000000002,0.6503333333333334,0.6470355555555556,0.6503333333333334,1.0,0.016,5000,100,10,0.18,0.35,6.0,0.7,2.5,0.0,lightning.qubit
QTL|r=-0|erdos_renyi|g=3|init=1,QTL,0,-0.0,1.0,0.0,-0.0,erdos_renyi,8,2,3,1,20262430,940001,"[5.1541213316333945, 3.721852295442659, 4.903726068591482, 1.2222919096378122]","[4.043748917184253, 3.60933365593912, 5.803767852681309, 0.753950171562816]",3.1470000000000002,0.6503333333333334,0.6470355555555556,0.6503333333333334,1.0,0.016,5000,100,10,0.18,0.35,6.0,0.7,2.5,0.0,lightning.qubit
CVaR|r=-0|erdos_renyi|g=3|init=2,CVaR,0,-0.0,1.0,0.0,-0.0,erdos_renyi,8,2,3,2,20262431,940002,"[0.7781164276219816, 3.2262615747046017, 1.0811483388068108, 2.98222281407082]","[0.2613781386112649, 3.613019682788697, 1.0793387258066396, 2.8356057973922097]",1.346,0.8504444444444444,0.8503222222222222,0.8536666666666667,1.0,0.246,5000,100,10,0.18,0.35,6.0,0.7,2.5,0.0,lightning.qubit
QTL|r=-0|erdos_renyi|g=3|init=2,QTL,0,-0.0,1.0,0.0,-0.0,erdos_renyi,8,2,3,2,20262431,940002,"[0.7781164276219816, 3.2262615747046017, 1.0811483388068108, 2.98222281407082]","[0.2613781386112649, 3.613019682788697, 1.0793387258066396, 2.8356057973922097]",1.346,0.8504444444444444,0.8503222222222222,0.8536666666666667,1.0,0.246,5000,100,10,0.18,0.35,6.0,0.7,2.5,0.0,lightning.qubit
CVaR|r=-0|erdos_renyi|g=3|init=3,CVaR,0,-0.0,1.0,0.0,-0.0,erdos_renyi,8,2,3,3,20262432,940003,"[4.307602282343021, 3.034090238606556, 2.891329909804126, 1.6537892584670473]","[4.393055828418603, 2.9985665717624888, 2.1574108898650093, 1.877584945505898]",3.7806,0.5799333333333334,0.5774488888888889,0.5836222222222223,1.0,0.009399999999999999,5000,100,10,0.18,0.35,6.0,0.7,2.5,0.0,lightning.qubit
QTL|r=-0|erdos_renyi|g=3|init=3,QTL,0,-0.0,1.0,0.0,-0.0,erdos_renyi,8,2,3,3,20262432,940003,"[4.307602282343021, 3.034090238606556, 2.891329909804126, 1.6537892584670473]","[4.393055828418603, 2.9985665717624888, 2.1574108898650093, 1.877584945505898]",3.7806,0.5799333333333334,0.5774488888888889,0.5836222222222223,1.0,0.009399999999999999,5000,100,10,0.18,0.35,6.0,0.7,2.5,0.0,lightning.qubit
CVaR|r=-0|erdos_renyi|g=3|init=4,CVaR,0,-0.0,1.0,0.0,-0.0,erdos_renyi,8,2,3,4,20262433,940004,"[1.697931517675189, 4.9740234499068094, 5.809501218322688, 4.3764810471886175]","[1.5164247847633117, 5.068041997867552, 5.824569541894781, 4.351834554700582]",2.2068,0.7548,0.7548977777777779,0.7586444444444445,1.0,0.1008,5000,100,10,0.18,0.35,6.0,0.7,2.5,0.0,lightning.qubit
QTL|r=-0|erdos_renyi|g=3|init=4,QTL,0,-0.0,1.0,0.0,-0.0,erdos_renyi,8,2,3,4,20262433,940004,"[1.697931517675189, 4.9740234499068094, 5.809501218322688, 4.3764810471886175]","[1.5164247847633117, 5.068041997867552, 5.824569541894781, 4.351834554700582]",2.2068,0.7548,0.7548977777777779,0.7586444444444445,1.0,0.1008,5000,100,10,0.18,0.35,6.0,0.7,2.5,0.0,lightning.qubit
CVaR|r=0.0969100130081|erdos_renyi|g=3|init=0,CVaR,1,0.09691001300805638,0.8,0.19999999999999996,0.3876400520322255,erdos_renyi,8,2,3,0,20262429,940100,"[3.0045084741480124, 0.6658867766369198, 2.9231716237466285, 4.046416608096568]","[3.4230919932301282, 0.48275110461224063, 2.643997629944699, 4.393683306863788]",0.8780000000000004,0.8452,0.8477022222222222,0.8516,1.0,0.251,5000,100,10,0.18,0.35,6.0,0.7,2.5,0.0,lightning.qubit
QTL|r=0.0969100130081|erdos_renyi|g=3|init=0,QTL,1,0.09691001300805638,0.8,0.19999999999999996,0.3876400520322255,erdos_renyi,8,2,3,0,20262429,940100,"[3.0045084741480124, 0.6658867766369198, 2.9231716237466285, 4.046416608096568]","[3.412832312727586, 0.4785686824825416, 2.6463072735447533, 4.397225160244214]",1.1202275707231026,0.8461111111111111,0.8489022222222221,0.8523555555555555,1.0,0.2468,5000,100,10,0.18,0.35,6.0,0.7,2.5,0.0,lightning.qubit
CVaR|r=0.0969100130081|erdos_renyi|g=3|init=1,CVaR,1,0.09691001300805638,0.8,0.19999999999999996,0.3876400520322255,erdos_renyi,8,2,3,1,20262430,940101,"[5.1541213316333945, 3.721852295442659, 4.903726068591482, 1.2222919096378122]","[4.405661332295061, 3.5494136587791365, 5.5087288148596425, 1.2024051085664147]",2.8650000000000064,0.6118888888888889,0.6097466666666668,0.6154666666666666,1.0,0.007599999999999999,5000,100,10,0.18,0.35,6.0,0.7,2.5,0.0,lightning.qubit
QTL|r=0.0969100130081|erdos_renyi|g=3|init=1,QTL,1,0.09691001300805638,0.8,0.19999999999999996,0.3876400520322255,erdos_renyi,8,2,3,1,20262430,940101,"[5.1541213316333945, 3.721852295442659, 4.903726068591482, 1.2222919096378122]","[5.092529326990457, 3.4080801652382116, 5.347496013571456, 1.1401185278940087]",3.3430633454020158,0.5702444444444444,0.5652933333333333,0.5703111111111111,1.0,0.0106,5000,100,10,0.18,0.35,6.0,0.7,2.5,0.0,lightning.qubit
CVaR|r=0.0969100130081|erdos_renyi|g=3|init=2,CVaR,1,0.09691001300805638,0.8,0.19999999999999996,0.3876400520322255,erdos_renyi,8,2,3,2,20262431,940102,"[0.7781164276219816, 3.2262615747046017, 1.0811483388068108, 2.98222281407082]","[0.28572498867032947, 3.6244794615214815, 1.0730934280576436, 2.8188378197801836]",0.8705000000000003,0.8454666666666666,0.8459755555555555,0.8517555555555556,1.0,0.261,5000,100,10,0.18,0.35,6.0,0.7,2.5,0.0,lightning.qubit
QTL|r=0.0969100130081|erdos_renyi|g=3|init=2,QTL,1,0.09691001300805638,0.8,0.19999999999999996,0.3876400520322255,erdos_renyi,8,2,3,2,20262431,940102,"[0.7781164276219816, 3.2262615747046017, 1.0811483388068108, 2.98222281407082]","[0.27275510849229073, 3.621050503665911, 1.0758557676925922, 2.8224631636088136]",1.104198694676127,0.847488888888889,0.8473355555555555,0.8520888888888889,1.0,0.2596,5000,100,10,0.18,0.35,6.0,0.7,2.5,0.0,lightning.qubit
CVaR|r=0.0969100130081|erdos_renyi|g=3|init=3,CVaR,1,0.09691001300805638,0.8,0.19999999999999996,0.3876400520322255,erdos_renyi,8,2,3,3,20262432,940103,"[4.307602282343021, 3.034090238606556, 2.891329909804126, 1.6537892584670473]","[4.4869248102054, 3.018669077186749, 3.449961860495338, 2.04166860801093]",3.2109999999999985,0.5782,0.5776822222222222,0.5807777777777778,1.0,0.0066,5000,100,10,0.18,0.35,6.0,0.7,2.5,0.0,lightning.qubit
QTL|r=0.0969100130081|erdos_renyi|g=3|init=3,QTL,1,0.09691001300805638,0.8,0.19999999999999996,0.3876400520322255,erdos_renyi,8,2,3,3,20262432,940103,"[4.307602282343021, 3.034090238606556, 2.891329909804126, 1.6537892584670473]","[4.239141985639263, 2.810721299879235, 2.3288969492812392, 2.2238365502492687]",3.325289547479312,0.5767777777777778,0.5750355555555555,0.5790444444444445,1.0,0.0012,5000,100,10,0.18,0.35,6.0,0.7,2.5,0.0,lightning.qubit
CVaR|r=0.0969100130081|erdos_renyi|g=3|init=4,CVaR,1,0.09691001300805638,0.8,0.19999999999999996,0.3876400520322255,erdos_renyi,8,2,3,4,20262433,940104,"[1.697931517675189, 4.9740234499068094, 5.809501218322688, 4.3764810471886175]","[1.4527860066825875, 5.165223665524924, 5.993575710098002, 4.307694464867183]",1.7107499999999978,0.7475777777777778,0.751468888888889,0.7575111111111111,1.0,0.109,5000,100,10,0.18,0.35,6.0,0.7,2.5,0.0,lightning.qubit
QTL|r=0.0969100130081|erdos_renyi|g=3|init=4,QTL,1,0.09691001300805638,0.8,0.19999999999999996,0.3876400520322255,erdos_renyi,8,2,3,4,20262433,940104,"[1.697931517675189, 4.9740234499068094, 5.809501218322688, 4.3764810471886175]","[1.484998772509557, 5.115391780216669, 5.88600587377767, 4.3230501157576064]",1.876759199225152,0.750488888888889,0.753411111111111,0.7564222222222222,1.0,0.1066,5000,100,10,0.18,0.35,6.0,0.7,2.5,0.0,lightning.qubit
CVaR|r=0.187086643357|erdos_renyi|g=3|init=0,CVaR,2,0.1870866433571444,0.65,0.35,0.7483465734285776,erdos_renyi,8,2,3,0,20262429,940200,"[3.0045084741480124, 0.6658867766369198, 2.9231716237466285, 4.046416608096568]","[3.427543873021477, 0.4801570129584223, 2.646510780087517, 4.387516654411935]",0.6393846153846151,0.8444444444444446,0.8459355555555556,0.8516444444444444,1.0,0.244,5000,100,10,0.18,0.35,6.0,0.7,2.5,0.0,lightning.qubit
QTL|r=0.187086643357|erdos_renyi|g=3|init=0,QTL,2,0.1870866433571444,0.65,0.35,0.7483465734285776,erdos_renyi,8,2,3,0,20262429,940200,"[3.0045084741480124, 0.6658867766369198, 2.9231716237466285, 4.046416608096568]","[3.426967176643184, 0.4839314863662195, 2.646115576046647, 4.388978264737073]",0.9566144142525154,0.8448444444444445,0.8461466666666666,0.851288888888889,1.0,0.2434,5000,100,10,0.18,0.35,6.0,0.7,2.5,0.0,lightning.qubit
CVaR|r=0.187086643357|erdos_renyi|g=3|init=1,CVaR,2,0.1870866433571444,0.65,0.35,0.7483465734285776,erdos_renyi,8,2,3,1,20262430,940201,"[5.1541213316333945, 3.721852295442659, 4.903726068591482, 1.2222919096378122]","[4.4137216956724075, 3.5512426833460378, 5.463609009621601, 1.2186386178483162]",2.618153846153848,0.6030444444444444,0.6060488888888889,0.6118444444444444,1.0,0.0046,5000,100,10,0.18,0.35,6.0,0.7,2.5,0.0,lightning.qubit
QTL|r=0.187086643357|erdos_renyi|g=3|init=1,QTL,2,0.1870866433571444,0.65,0.35,0.7483465734285776,erdos_renyi,8,2,3,1,20262430,940201,"[5.1541213316333945, 3.721852295442659, 4.903726068591482, 1.2222919096378122]","[5.149258663887004, 3.433455160468732, 5.396229474161006, 0.9593681754606784]",2.9689672663176996,0.5606444444444444,0.5639822222222224,0.5696666666666667,1.0,0.0068,5000,100,10,0.18,0.35,6.0,0.7,2.5,0.0,lightning.qubit
CVaR|r=0.187086643357|erdos_renyi|g=3|init=2,CVaR,2,0.1870866433571444,0.65,0.35,0.7483465734285776,erdos_renyi,8,2,3,2,20262431,940202,"[0.7781164276219816, 3.2262615747046017, 1.0811483388068108, 2.98222281407082]","[0.2806948078756492, 3.6241795714170566, 1.0719965606037252, 2.8182227471505725]",0.6141538461538468,0.8472222222222222,0.8466799999999999,0.8503777777777777,1.0,0.2552,5000,100,10,0.18,0.35,6.0,0.7,2.5,0.0,lightning.qubit
QTL|r=0.187086643357|erdos_renyi|g=3|init=2,QTL,2,0.1870866433571444,0.65,0.35,0.7483465734285776,erdos_renyi,8,2,3,2,20262431,940202,"[0.7781164276219816, 3.2262615747046017, 1.0811483388068108, 2.98222281407082]","[0.280427239320083, 3.6257684700343273, 1.070831693961928, 2.8137494045034357]",0.9347686868278277,0.8471777777777777,0.8466711111111112,0.8507333333333335,1.0,0.2556,5000,100,10,0.18,0.35,6.0,0.7,2.5,0.0,lightning.qubit
CVaR|r=0.187086643357|erdos_renyi|g=3|init=3,CVaR,2,0.1870866433571444,0.65,0.35,0.7483465734285776,erdos_renyi,8,2,3,3,20262432,940203,"[4.307602282343021, 3.034090238606556, 2.891329909804126, 1.6537892584670473]","[4.495997744554198, 3.0232837751591126, 3.4709953708602117, 2.0106483687613044]",2.9003076923076896,0.5789777777777777,0.5767044444444444,0.5841333333333334,1.0,0.0042,5000,100,10,0.18,0.35,6.0,0.7,2.5,0.0,lightning.qubit
QTL|r=0.187086643357|erdos_renyi|g=3|init=3,QTL,2,0.1870866433571444,0.65,0.35,0.7483465734285776,erdos_renyi,8,2,3,3,20262432,940203,"[4.307602282343021, 3.034090238606556, 2.891329909804126, 1.6537892584670473]","[4.3229084154666575, 2.85507708186062, 2.530482955377557, 2.0695556585409602]",2.9532157564726247,0.5638888888888888,0.5588577777777778,0.5638888888888888,1.0,0.007,5000,100,10,0.18,0.35,6.0,0.7,2.5,0.0,lightning.qubit
CVaR|r=0.187086643357|erdos_renyi|g=3|init=4,CVaR,2,0.1870866433571444,0.65,0.35,0.7483465734285776,erdos_renyi,8,2,3,4,20262433,940204,"[1.697931517675189, 4.9740234499068094, 5.809501218322688, 4.3764810471886175]","[1.4375221569410588, 5.171787149210635, 5.988199814177268, 4.310722514418179]",1.412307692307693,0.7464,0.7489733333333334,0.7542222222222222,1.0,0.107,5000,100,10,0.18,0.35,6.0,0.7,2.5,0.0,lightning.qubit
QTL|r=0.187086643357|erdos_renyi|g=3|init=4,QTL,2,0.1870866433571444,0.65,0.35,0.7483465734285776,erdos_renyi,8,2,3,4,20262433,940204,"[1.697931517675189, 4.9740234499068094, 5.809501218322688, 4.3764810471886175]","[1.467970228391474, 5.131129301379191, 5.854390525936089, 4.3077782853913815]",1.6061051338162218,0.7440666666666667,0.7485200000000001,0.7531111111111112,1.0,0.1084,5000,100,10,0.18,0.35,6.0,0.7,2.5,0.0,lightning.qubit
CVaR|r=0.301029995664|erdos_renyi|g=3|init=0,CVaR,3,0.30102999566398114,0.5,0.5,1.2041199826559246,erdos_renyi,8,2,3,0,20262429,940300,"[3.0045084741480124, 0.6658867766369198, 2.9231716237466285, 4.046416608096568]","[3.420939966700581, 0.4823428838131203, 2.6426228501854268, 4.384615485434658]",0.5124,0.8432666666666667,0.8463666666666667,0.8517333333333332,1.0,0.24380000000000002,5000,100,10,0.18,0.35,6.0,0.7,2.5,0.0,lightning.qubit
QTL|r=0.301029995664|erdos_renyi|g=3|init=0,QTL,3,0.30102999566398114,0.5,0.5,1.2041199826559246,erdos_renyi,8,2,3,0,20262429,940300,"[3.0045084741480124, 0.6658867766369198, 2.9231716237466285, 4.046416608096568]","[3.428099546682385, 0.4879381779798934, 2.640875507442354, 4.380807399403732]",0.7926293534449482,0.8424444444444444,0.8456133333333333,0.8503555555555554,1.0,0.2446,5000,100,10,0.18,0.35,6.0,0.7,2.5,0.0,lightning.qubit
CVaR|r=0.301029995664|erdos_renyi|g=3|init=1,CVaR,3,0.30102999566398114,0.5,0.5,1.2041199826559246,erdos_renyi,8,2,3,1,20262430,940301,"[5.1541213316333945, 3.721852295442659, 4.903726068591482, 1.2222919096378122]","[4.427292511200203, 3.5384744709190628, 5.432793240375343, 1.222204828348268]",2.2868000000000004,0.6084888888888889,0.6050044444444446,0.6091333333333333,1.0,0.0058,5000,100,10,0.18,0.35,6.0,0.7,2.5,0.0,lightning.qubit
QTL|r=0.301029995664|erdos_renyi|g=3|init=1,QTL,3,0.30102999566398114,0.5,0.5,1.2041199826559246,erdos_renyi,8,2,3,1,20262430,940301,"[5.1541213316333945, 3.721852295442659, 4.903726068591482, 1.2222919096378122]","[5.059510767570484, 3.487214789111812, 5.211118927018365, 1.1572175615380413]",2.4236456190178712,0.5543555555555556,0.5530888888888889,0.5633111111111111,1.0,0.0156,5000,100,10,0.18,0.35,6.0,0.7,2.5,0.0,lightning.qubit
CVaR|r=0.301029995664|erdos_renyi|g=3|init=2,CVaR,3,0.30102999566398114,0.5,0.5,1.2041199826559246,erdos_renyi,8,2,3,2,20262431,940302,"[0.7781164276219816, 3.2262615747046017, 1.0811483388068108, 2.98222281407082]","[0.2876569005018107, 3.623377651942813, 1.0791841674819944, 2.814932429056373]",0.4876000000000002,0.8451111111111111,0.8459044444444445,0.8523111111111111,1.0,0.2562,5000,100,10,0.18,0.35,6.0,0.7,2.5,0.0,lightning.qubit
QTL|r=0.301029995664|erdos_renyi|g=3|init=2,QTL,3,0.30102999566398114,0.5,0.5,1.2041199826559246,erdos_renyi,8,2,3,2,20262431,940302,"[0.7781164276219816, 3.2262615747046017, 1.0811483388068108, 2.98222281407082]","[0.2894333438063997, 3.6314316623099634, 1.0716245597325977, 2.809984691260058]",0.7737301991590952,0.8443777777777777,0.8446533333333333,0.8512888888888889,1.0,0.2586,5000,100,10,0.18,0.35,6.0,0.7,2.5,0.0,lightning.qubit
CVaR|r=0.301029995664|erdos_renyi|g=3|init=3,CVaR,3,0.30102999566398114,0.5,0.5,1.2041199826559246,erdos_renyi,8,2,3,3,20262432,940303,"[4.307602282343021, 3.034090238606556, 2.891329909804126, 1.6537892584670473]","[4.486459476807586, 3.027019255148636, 3.432601016641321, 2.047671993889175]",2.5608000000000013,0.5784,0.5760444444444444,0.581,1.0,0.0074,5000,100,10,0.18,0.35,6.0,0.7,2.5,0.0,lightning.qubit
QTL|r=0.301029995664|erdos_renyi|g=3|init=3,QTL,3,0.30102999566398114,0.5,0.5,1.2041199826559246,erdos_renyi,8,2,3,3,20262432,940303,"[4.307602282343021, 3.034090238606556, 2.891329909804126, 1.6537892584670473]","[4.37377648865149, 2.779965916083607, 2.6493346317552064, 1.963796466180499]",2.436328339269148,0.5528222222222223,0.5509222222222224,0.5621555555555555,1.0,0.0164,5000,100,10,0.18,0.35,6.0,0.7,2.5,0.0,lightning.qubit
CVaR|r=0.301029995664|erdos_renyi|g=3|init=4,CVaR,3,0.30102999566398114,0.5,0.5,1.2041199826559246,erdos_renyi,8,2,3,4,20262433,940304,"[1.697931517675189, 4.9740234499068094, 5.809501218322688, 4.3764810471886175]","[1.416599212282915, 5.207443329290257, 6.011865313024048, 4.2909116474932]",1.092,0.7452,0.744311111111111,0.7500888888888889,1.0,0.1092,5000,100,10,0.18,0.35,6.0,0.7,2.5,0.0,lightning.qubit
QTL|r=0.301029995664|erdos_renyi|g=3|init=4,QTL,3,0.30102999566398114,0.5,0.5,1.2041199826559246,erdos_renyi,8,2,3,4,20262433,940304,"[1.697931517675189, 4.9740234499068094, 5.809501218322688, 4.3764810471886175]","[1.4653061725078136, 5.14130742231057, 5.861743626639873, 4.293875558101736]",1.2877127250204141,0.7462444444444445,0.7443844444444444,0.7493555555555556,1.0,0.1152,5000,100,10,0.18,0.35,6.0,0.7,2.5,0.0,lightning.qubit
CVaR|r=0.45593195565|erdos_renyi|g=3|init=0,CVaR,4,0.4559319556497244,0.35,0.65,1.8237278225988975,erdos_renyi,8,2,3,0,20262429,940400,"[3.0045084741480124, 0.6658867766369198, 2.9231716237466285, 4.046416608096568]","[3.4253779691497277, 0.4824213423529087, 2.641103681126639, 4.3889765036731845]",0.25428571428571417,0.8476,0.8470355555555555,0.8513555555555555,1.0,0.261,5000,100,10,0.18,0.35,6.0,0.7,2.5,0.0,lightning.qubit
QTL|r=0.45593195565|erdos_renyi|g=3|init=0,QTL,4,0.4559319556497244,0.35,0.65,1.8237278225988975,erdos_renyi,8,2,3,0,20262429,940400,"[3.0045084741480124, 0.6658867766369198, 2.9231716237466285, 4.046416608096568]","[3.434084498521556, 0.48966745801336836, 2.639607438396422, 4.3752500215534615]",0.6062031564851182,0.8455333333333334,0.8442622222222222,0.8481555555555556,1.0,0.264,5000,100,10,0.18,0.35,6.0,0.7,2.5,0.0,lightning.qubit
CVaR|r=0.45593195565|erdos_renyi|g=3|init=1,CVaR,4,0.4559319556497244,0.35,0.65,1.8237278225988975,erdos_renyi,8,2,3,1,20262430,940401,"[5.1541213316333945, 3.721852295442659, 4.903726068591482, 1.2222919096378122]","[5.152386866770858, 3.51979143572076, 5.33233111798416, 1.078861252559835]",2.14742857142857,0.5517555555555556,0.5508777777777778,0.5630000000000001,1.0,0.0084,5000,100,10,0.18,0.35,6.0,0.7,2.5,0.0,lightning.qubit
QTL|r=0.45593195565|erdos_renyi|g=3|init=1,QTL,4,0.4559319556497244,0.35,0.65,1.8237278225988975,erdos_renyi,8,2,3,1,20262430,940401,"[5.1541213316333945, 3.721852295442659, 4.903726068591482, 1.2222919096378122]","[5.006758811193927, 3.547720968662626, 5.171911624809668, 1.1977063222227355]",1.9425087327231703,0.5532888888888889,0.5496711111111112,0.5594444444444444,1.0,0.015199999999999998,5000,100,10,0.18,0.35,6.0,0.7,2.5,0.0,lightning.qubit
CVaR|r=0.45593195565|erdos_renyi|g=3|init=2,CVaR,4,0.4559319556497244,0.35,0.65,1.8237278225988975,erdos_renyi,8,2,3,2,20262431,940402,"[0.7781164276219816, 3.2262615747046017, 1.0811483388068108, 2.98222281407082]","[0.27887033763043534, 3.6234106194193307, 1.06950256217887, 2.811540223958436]",0.2542857142857142,0.8482666666666667,0.84598,0.8501333333333334,1.0,0.261,5000,100,10,0.18,0.35,6.0,0.7,2.5,0.0,lightning.qubit
QTL|r=0.45593195565|erdos_renyi|g=3|init=2,QTL,4,0.4559319556497244,0.35,0.65,1.8237278225988975,erdos_renyi,8,2,3,2,20262431,940402,"[0.7781164276219816, 3.2262615747046017, 1.0811483388068108, 2.98222281407082]","[0.2906514302928837, 3.632991206201338, 1.0683303107712712, 2.802463372165664]",0.6070653518707436,0.8458888888888888,0.8436377777777778,0.8483333333333334,1.0,0.2628,5000,100,10,0.18,0.35,6.0,0.7,2.5,0.0,lightning.qubit
CVaR|r=0.45593195565|erdos_renyi|g=3|init=3,CVaR,4,0.4559319556497244,0.35,0.65,1.8237278225988975,erdos_renyi,8,2,3,3,20262432,940403,"[4.307602282343021, 3.034090238606556, 2.891329909804126, 1.6537892584670473]","[4.260461727565828, 2.7911861609209567, 2.4956506205329223, 2.0956847621192116]",2.139428571428571,0.5538444444444445,0.5577711111111111,0.5680666666666667,1.0,0.0098,5000,100,10,0.18,0.35,6.0,0.7,2.5,0.0,lightning.qubit
QTL|r=0.45593195565|erdos_renyi|g=3|init=3,QTL,4,0.4559319556497244,0.35,0.65,1.8237278225988975,erdos_renyi,8,2,3,3,20262432,940403,"[4.307602282343021, 3.034090238606556, 2.891329909804126, 1.6537892584670473]","[4.417984559215185, 2.70542392721535, 2.672147288014361, 1.9324487214500137]",2.014131074175275,0.5456888888888889,0.5467377777777778,0.5642666666666667,1.0,0.012,5000,100,10,0.18,0.35,6.0,0.7,2.5,0.0,lightning.qubit
CVaR|r=0.45593195565|erdos_renyi|g=3|init=4,CVaR,4,0.4559319556497244,0.35,0.65,1.8237278225988975,erdos_renyi,8,2,3,4,20262433,940404,"[1.697931517675189, 4.9740234499068094, 5.809501218322688, 4.3764810471886175]","[1.4175931041532268, 5.223784281586127, 6.045621319057301, 4.297001166725026]",0.6937142857142858,0.7440888888888888,0.7464288888888888,0.7511777777777778,1.0,0.11180000000000001,5000,100,10,0.18,0.35,6.0,0.7,2.5,0.0,lightning.qubit
QTL|r=0.45593195565|erdos_renyi|g=3|init=4,QTL,4,0.4559319556497244,0.35,0.65,1.8237278225988975,erdos_renyi,8,2,3,4,20262433,940404,"[1.697931517675189, 4.9740234499068094, 5.809501218322688, 4.3764810471886175]","[1.460620718850069, 5.148869578434619, 5.843140069908098, 4.281983743659569]",1.0146035852812108,0.7387555555555555,0.7422244444444444,0.7495555555555556,1.0,0.11399999999999999,5000,100,10,0.18,0.35,6.0,0.7,2.5,0.0,lightning.qubit
CVaR|r=0.698970004336|erdos_renyi|g=3|init=0,CVaR,5,0.6989700043360187,0.2,0.8,2.795880017344075,erdos_renyi,8,2,3,0,20262429,940500,"[3.0045084741480124, 0.6658867766369198, 2.9231716237466285, 4.046416608096568]","[3.3644013977799316, 0.4820549601472691, 2.6614253939585137, 4.461927392816017]",0.0,0.8424444444444446,0.8425444444444444,0.8508,1.0,0.2162,5000,100,10,0.18,0.35,6.0,0.7,2.5,0.0,lightning.qubit
QTL|r=0.698970004336|erdos_renyi|g=3|init=0,QTL,5,0.6989700043360187,0.2,0.8,2.795880017344075,erdos_renyi,8,2,3,0,20262429,940500,"[3.0045084741480124, 0.6658867766369198, 2.9231716237466285, 4.046416608096568]","[3.4370648631796388, 0.4926566197193781, 2.641296794495322, 4.372306461914781]",0.45243810280843333,0.8413111111111111,0.8420622222222223,0.8482,1.0,0.25780000000000003,5000,100,10,0.18,0.35,6.0,0.7,2.5,0.0,lightning.qubit
CVaR|r=0.698970004336|erdos_renyi|g=3|init=1,CVaR,5,0.6989700043360187,0.2,0.8,2.795880017344075,erdos_renyi,8,2,3,1,20262430,940501,"[5.1541213316333945, 3.721852295442659, 4.903726068591482, 1.2222919096378122]","[5.0957945552284025, 3.497092672999367, 5.248418545906109, 1.1223874869936892]",1.4939999999999998,0.5517555555555556,0.5488222222222222,0.5631999999999999,1.0,0.013399999999999999,5000,100,10,0.18,0.35,6.0,0.7,2.5,0.0,lightning.qubit
QTL|r=0.698970004336|erdos_renyi|g=3|init=1,QTL,5,0.6989700043360187,0.2,0.8,2.795880017344075,erdos_renyi,8,2,3,1,20262430,940501,"[5.1541213316333945, 3.721852295442659, 4.903726068591482, 1.2222919096378122]","[5.00280055450806, 3.565861392406305, 5.134080825078416, 1.2027463355828585]",1.3514535065187214,0.5538,0.5495066666666667,0.5645555555555555,1.0,0.0182,5000,100,10,0.18,0.35,6.0,0.7,2.5,0.0,lightning.qubit
CVaR|r=0.698970004336|erdos_renyi|g=3|init=2,CVaR,5,0.6989700043360187,0.2,0.8,2.795880017344075,erdos_renyi,8,2,3,2,20262431,940502,"[0.7781164276219816, 3.2262615747046017, 1.0811483388068108, 2.98222281407082]","[0.23390154964985152, 3.62357345641167, 1.0789281687576338, 2.8701700478430276]",0.0,0.8450444444444446,0.8421355555555555,0.8503777777777777,1.0,0.2306,5000,100,10,0.18,0.35,6.0,0.7,2.5,0.0,lightning.qubit
QTL|r=0.698970004336|erdos_renyi|g=3|init=2,QTL,5,0.6989700043360187,0.2,0.8,2.795880017344075,erdos_renyi,8,2,3,2,20262431,940502,"[0.7781164276219816, 3.2262615747046017, 1.0811483388068108, 2.98222281407082]","[0.294117408346493, 3.635651103013762, 1.0697803909583998, 2.8005646518033798]",0.45047560043512225,0.8449333333333333,0.8427488888888888,0.8478666666666667,1.0,0.2592,5000,100,10,0.18,0.35,6.0,0.7,2.5,0.0,lightning.qubit
CVaR|r=0.698970004336|erdos_renyi|g=3|init=3,CVaR,5,0.6989700043360187,0.2,0.8,2.795880017344075,erdos_renyi,8,2,3,3,20262432,940503,"[4.307602282343021, 3.034090238606556, 2.891329909804126, 1.6537892584670473]","[4.342590478297918, 2.7791875859790336, 2.5891786508124577, 2.008785144272547]",1.5189999999999992,0.5506000000000001,0.5487244444444445,0.5629555555555554,1.0,0.0138,5000,100,10,0.18,0.35,6.0,0.7,2.5,0.0,lightning.qubit
QTL|r=0.698970004336|erdos_renyi|g=3|init=3,QTL,5,0.6989700043360187,0.2,0.8,2.795880017344075,erdos_renyi,8,2,3,3,20262432,940503,"[4.307602282343021, 3.034090238606556, 2.891329909804126, 1.6537892584670473]","[4.439935410880996, 2.6946619271762144, 2.713217648785524, 1.9308654330980048]",1.3863449012414493,0.5538666666666666,0.5497511111111112,0.5635111111111111,1.0,0.0162,5000,100,10,0.18,0.35,6.0,0.7,2.5,0.0,lightning.qubit
CVaR|r=0.698970004336|erdos_renyi|g=3|init=4,CVaR,5,0.6989700043360187,0.2,0.8,2.795880017344075,erdos_renyi,8,2,3,4,20262433,940504,"[1.697931517675189, 4.9740234499068094, 5.809501218322688, 4.3764810471886175]","[1.5084909098678396, 5.105719552301044, 5.777440344635675, 4.325139467710664]",0.459,0.749,0.7465755555555555,0.7537777777777778,1.0,0.1082,5000,100,10,0.18,0.35,6.0,0.7,2.5,0.0,lightning.qubit
QTL|r=0.698970004336|erdos_renyi|g=3|init=4,QTL,5,0.6989700043360187,0.2,0.8,2.795880017344075,erdos_renyi,8,2,3,4,20262433,940504,"[1.697931517675189, 4.9740234499068094, 5.809501218322688, 4.3764810471886175]","[1.4697401806421602, 5.135347388709163, 5.780504847169773, 4.280654933987818]",0.7437287240990306,0.7385333333333334,0.73946,0.7470888888888889,1.0,0.11,5000,100,10,0.18,0.35,6.0,0.7,2.5,0.0,lightning.qubit
CVaR|r=1|erdos_renyi|g=3|init=0,CVaR,6,0.9999999999999998,0.1,0.9,3.999999999999999,erdos_renyi,8,2,3,0,20262429,940600,"[3.0045084741480124, 0.6658867766369198, 2.9231716237466285, 4.046416608096568]","[3.31946640577319, 0.4364100056968392, 2.7556689774375513, 4.547732947280538]",0.0,0.8040222222222222,0.8090022222222222,0.8220444444444445,1.0,0.135,5000,100,10,0.18,0.35,6.0,0.7,2.5,0.0,lightning.qubit
QTL|r=1|erdos_renyi|g=3|init=0,QTL,6,0.9999999999999998,0.1,0.9,3.999999999999999,erdos_renyi,8,2,3,0,20262429,940600,"[3.0045084741480124, 0.6658867766369198, 2.9231716237466285, 4.046416608096568]","[3.437377134514456, 0.4934275213005802, 2.640116061024481, 4.368789211470815]",0.3371489285309992,0.8405777777777778,0.8422444444444445,0.8470222222222223,1.0,0.2526,5000,100,10,0.18,0.35,6.0,0.7,2.5,0.0,lightning.qubit
CVaR|r=1|erdos_renyi|g=3|init=1,CVaR,6,0.9999999999999998,0.1,0.9,3.999999999999999,erdos_renyi,8,2,3,1,20262430,940601,"[5.1541213316333945, 3.721852295442659, 4.903726068591482, 1.2222919096378122]","[5.068937968573644, 3.5035056409167025, 5.217303719969446, 1.1345234095594305]",1.0259999999999996,0.5439111111111112,0.5462422222222221,0.5566666666666666,1.0,0.013600000000000001,5000,100,10,0.18,0.35,6.0,0.7,2.5,0.0,lightning.qubit
QTL|r=1|erdos_renyi|g=3|init=1,QTL,6,0.9999999999999998,0.1,0.9,3.999999999999999,erdos_renyi,8,2,3,1,20262430,940601,"[5.1541213316333945, 3.721852295442659, 4.903726068591482, 1.2222919096378122]","[4.984714784353676, 3.5852491715633086, 5.134738431383521, 1.2218383671339947]",1.0668365967000286,0.5484222222222223,0.55132,0.5595111111111112,1.0,0.0128,5000,100,10,0.18,0.35,6.0,0.7,2.5,0.0,lightning.qubit
CVaR|r=1|erdos_renyi|g=3|init=2,CVaR,6,0.9999999999999998,0.1,0.9,3.999999999999999,erdos_renyi,8,2,3,2,20262431,940602,"[0.7781164276219816, 3.2262615747046017, 1.0811483388068108, 2.98222281407082]","[0.19716230158196935, 3.579782168698366, 1.196748357800238, 2.9916562372339133]",0.0,0.8044888888888888,0.8087088888888889,0.8323333333333333,1.0,0.1392,5000,100,10,0.18,0.35,6.0,0.7,2.5,0.0,lightning.qubit
QTL|r=1|erdos_renyi|g=3|init=2,QTL,6,0.9999999999999998,0.1,0.9,3.999999999999999,erdos_renyi,8,2,3,2,20262431,940602,"[0.7781164276219816, 3.2262615747046017, 1.0811483388068108, 2.98222281407082]","[0.29374863309928556, 3.635788911317617, 1.066892740759005, 2.7964078393891367]",0.33407888200762215,0.8432,0.8421022222222222,0.8469555555555556,1.0,0.2556,5000,100,10,0.18,0.35,6.0,0.7,2.5,0.0,lightning.qubit
CVaR|r=1|erdos_renyi|g=3|init=3,CVaR,6,0.9999999999999998,0.1,0.9,3.999999999999999,erdos_renyi,8,2,3,3,20262432,940603,"[4.307602282343021, 3.034090238606556, 2.891329909804126, 1.6537892584670473]","[4.3328443886449435, 2.7802671314681646, 2.6171947257990844, 2.003394652430557]",1.002,0.5431111111111111,0.5435088888888889,0.5614,1.0,0.015199999999999998,5000,100,10,0.18,0.35,6.0,0.7,2.5,0.0,lightning.qubit
QTL|r=1|erdos_renyi|g=3|init=3,QTL,6,0.9999999999999998,0.1,0.9,3.999999999999999,erdos_renyi,8,2,3,3,20262432,940603,"[4.307602282343021, 3.034090238606556, 2.891329909804126, 1.6537892584670473]","[4.458779389630948, 2.684828688996203, 2.73255951522559, 1.9149135852292]",1.0346455320464552,0.5498222222222222,0.5510688888888889,0.5613333333333332,1.0,0.0148,5000,100,10,0.18,0.35,6.0,0.7,2.5,0.0,lightning.qubit
CVaR|r=1|erdos_renyi|g=3|init=4,CVaR,6,0.9999999999999998,0.1,0.9,3.999999999999999,erdos_renyi,8,2,3,4,20262433,940604,"[1.697931517675189, 4.9740234499068094, 5.809501218322688, 4.3764810471886175]","[1.5052815285816288, 5.152802882827488, 6.051077810311895, 4.327934630065474]",0.0,0.7478,0.7471044444444443,0.7554222222222223,1.0,0.1118,5000,100,10,0.18,0.35,6.0,0.7,2.5,0.0,lightning.qubit
QTL|r=1|erdos_renyi|g=3|init=4,QTL,6,0.9999999999999998,0.1,0.9,3.999999999999999,erdos_renyi,8,2,3,4,20262433,940604,"[1.697931517675189, 4.9740234499068094, 5.809501218322688, 4.3764810471886175]","[1.467640963028678, 5.146411972081433, 5.7925998269201875, 4.275433436054792]",0.5232662613692235,0.7387333333333334,0.7383,0.745311111111111,1.0,0.1192,5000,100,10,0.18,0.35,6.0,0.7,2.5,0.0,lightning.qubit
CVaR|r=-0|erdos_renyi|g=4|init=0,CVaR,0,-0.0,1.0,0.0,-0.0,erdos_renyi,8,2,4,0,20262429,950000,"[3.0045084741480124, 0.6658867766369198, 2.9231716237466285, 4.046416608096568]","[3.3361248837268254, 0.4434931078877232, 2.7556130435824704, 4.499523284751557]",0.7722,0.92278,0.920102,0.9241199999999999,1.0,0.4642,5000,100,10,0.18,0.35,6.0,0.7,2.5,0.0,lightning.qubit
QTL|r=-0|erdos_renyi|g=4|init=0,QTL,0,-0.0,1.0,0.0,-0.0,erdos_renyi,8,2,4,0,20262429,950000,"[3.0045084741480124, 0.6658867766369198, 2.9231716237466285, 4.046416608096568]","[3.3361248837268254, 0.4434931078877232, 2.7556130435824704, 4.499523284751557]",0.7722,0.92278,0.920102,0.9241199999999999,1.0,0.4642,5000,100,10,0.18,0.35,6.0,0.7,2.5,0.0,lightning.qubit
CVaR|r=-0|erdos_renyi|g=4|init=1,CVaR,0,-0.0,1.0,0.0,-0.0,erdos_renyi,8,2,4,1,20262430,950001,"[5.1541213316333945, 3.721852295442659, 4.903726068591482, 1.2222919096378122]","[5.210162055939445, 3.9655760406499776, 4.758290194010257, 1.8782431848786465]",1.3146,0.86854,0.8680619999999999,0.8724599999999999,1.0,0.2384,5000,100,10,0.18,0.35,6.0,0.7,2.5,0.0,lightning.qubit
QTL|r=-0|erdos_renyi|g=4|init=1,QTL,0,-0.0,1.0,0.0,-0.0,erdos_renyi,8,2,4,1,20262430,950001,"[5.1541213316333945, 3.721852295442659, 4.903726068591482, 1.2222919096378122]","[5.210162055939445, 3.9655760406499776, 4.758290194010257, 1.8782431848786465]",1.3146,0.86854,0.8680619999999999,0.8724599999999999,1.0,0.2384,5000,100,10,0.18,0.35,6.0,0.7,2.5,0.0,lightning.qubit
CVaR|r=-0|erdos_renyi|g=4|init=2,CVaR,0,-0.0,1.0,0.0,-0.0,erdos_renyi,8,2,4,2,20262431,950002,"[0.7781164276219816, 3.2262615747046017, 1.0811483388068108, 2.98222281407082]","[1.1903988997029158, 3.483033836896131, 1.2245206960230428, 2.379396574685662]",2.2531999999999996,0.7746799999999999,0.773242,0.7776400000000001,1.0,0.084,5000,100,10,0.18,0.35,6.0,0.7,2.5,0.0,lightning.qubit
QTL|r=-0|erdos_renyi|g=4|init=2,QTL,0,-0.0,1.0,0.0,-0.0,erdos_renyi,8,2,4,2,20262431,950002,"[0.7781164276219816, 3.2262615747046017, 1.0811483388068108, 2.98222281407082]","[1.1903988997029158, 3.483033836896131, 1.2245206960230428, 2.379396574685662]",2.2531999999999996,0.7746799999999999,0.773242,0.7776400000000001,1.0,0.084,5000,100,10,0.18,0.35,6.0,0.7,2.5,0.0,lightning.qubit
CVaR|r=-0|erdos_renyi|g=4|init=3,CVaR,0,-0.0,1.0,0.0,-0.0,erdos_renyi,8,2,4,3,20262432,950003,"[4.307602282343021, 3.034090238606556, 2.891329909804126, 1.6537892584670473]","[4.150518142734649, 3.1095891543841665, 2.744968639722651, 1.57307429091162]",2.6294000000000004,0.73706,0.7357060000000001,0.7425200000000001,1.0,0.0988,5000,100,10,0.18,0.35,6.0,0.7,2.5,0.0,lightning.qubit
QTL|r=-0|erdos_renyi|g=4|init=3,QTL,0,-0.0,1.0,0.0,-0.0,erdos_renyi,8,2,4,3,20262432,950003,"[4.307602282343021, 3.034090238606556, 2.891329909804126, 1.6537892584670473]","[4.150518142734649, 3.1095891543841665, 2.744968639722651, 1.57307429091162]",2.6294000000000004,0.73706,0.7357060000000001,0.7425200000000001,1.0,0.0988,5000,100,10,0.18,0.35,6.0,0.7,2.5,0.0,lightning.qubit
CVaR|r=-0|erdos_renyi|g=4|init=4,CVaR,0,-0.0,1.0,0.0,-0.0,erdos_renyi,8,2,4,4,20262433,950004,"[1.697931517675189, 4.9740234499068094, 5.809501218322688, 4.3764810471886175]","[1.6433245631018583, 4.958978334549019, 5.661535888596015, 4.406493504962102]",1.2793999999999999,0.8720600000000001,0.870732,0.874,1.0,0.254,5000,100,10,0.18,0.35,6.0,0.7,2.5,0.0,lightning.qubit
QTL|r=-0|erdos_renyi|g=4|init=4,QTL,0,-0.0,1.0,0.0,-0.0,erdos_renyi,8,2,4,4,20262433,950004,"[1.697931517675189, 4.9740234499068094, 5.809501218322688, 4.3764810471886175]","[1.6433245631018583, 4.958978334549019, 5.661535888596015, 4.406493504962102]",1.2793999999999999,0.8720600000000001,0.870732,0.874,1.0,0.254,5000,100,10,0.18,0.35,6.0,0.7,2.5,0.0,lightning.qubit
CVaR|r=0.0969100130081|erdos_renyi|g=4|init=0,CVaR,1,0.09691001300805638,0.8,0.19999999999999996,0.3876400520322255,erdos_renyi,8,2,4,0,20262429,950100,"[3.0045084741480124, 0.6658867766369198, 2.9231716237466285, 4.046416608096568]","[3.3912438061672168, 0.5346984048064974, 2.730174200395348, 4.459160784362301]",0.36449999999999955,0.9032199999999999,0.9014,0.9090800000000001,1.0,0.5084,5000,100,10,0.18,0.35,6.0,0.7,2.5,0.0,lightning.qubit
QTL|r=0.0969100130081|erdos_renyi|g=4|init=0,QTL,1,0.09691001300805638,0.8,0.19999999999999996,0.3876400520322255,erdos_renyi,8,2,4,0,20262429,950100,"[3.0045084741480124, 0.6658867766369198, 2.9231716237466285, 4.046416608096568]","[3.3580268957893944, 0.48557220236738163, 2.744394922487478, 4.48401481814481]",0.6387058507470884,0.9152000000000001,0.9170380000000001,0.9209200000000001,1.0,0.4744,5000,100,10,0.18,0.35,6.0,0.7,2.5,0.0,lightning.qubit
CVaR|r=0.0969100130081|erdos_renyi|g=4|init=1,CVaR,1,0.09691001300805638,0.8,0.19999999999999996,0.3876400520322255,erdos_renyi,8,2,4,1,20262430,950101,"[5.1541213316333945, 3.721852295442659, 4.903726068591482, 1.2222919096378122]","[4.992456548891406, 3.848680635433345, 5.356568677620409, 1.0883270040502657]",2.3192499999999985,0.7066000000000001,0.70724,0.71288,1.0,0.06459999999999999,5000,100,10,0.18,0.35,6.0,0.7,2.5,0.0,lightning.qubit
QTL|r=0.0969100130081|erdos_renyi|g=4|init=1,QTL,1,0.09691001300805638,0.8,0.19999999999999996,0.3876400520322255,erdos_renyi,8,2,4,1,20262430,950101,"[5.1541213316333945, 3.721852295442659, 4.903726068591482, 1.2222919096378122]","[4.985122096307868, 3.8415046391628183, 5.318891840614496, 1.1109608101764232]",2.457103554359616,0.7045399999999999,0.7069219999999999,0.7127000000000001,1.0,0.062400000000000004,5000,100,10,0.18,0.35,6.0,0.7,2.5,0.0,lightning.qubit
CVaR|r=0.0969100130081|erdos_renyi|g=4|init=2,CVaR,1,0.09691001300805638,0.8,0.19999999999999996,0.3876400520322255,erdos_renyi,8,2,4,2,20262431,950102,"[0.7781164276219816, 3.2262615747046017, 1.0811483388068108, 2.98222281407082]","[0.26163594863356754, 3.678775883826931, 1.1594347150425797, 2.884950195899179]",0.33724999999999966,0.9039200000000001,0.9009319999999998,0.91374,1.0,0.5302,5000,100,10,0.18,0.35,6.0,0.7,2.5,0.0,lightning.qubit
QTL|r=0.0969100130081|erdos_renyi|g=4|init=2,QTL,1,0.09691001300805638,0.8,0.19999999999999996,0.3876400520322255,erdos_renyi,8,2,4,2,20262431,950102,"[0.7781164276219816, 3.2262615747046017, 1.0811483388068108, 2.98222281407082]","[0.21710278958110396, 3.624961607949339, 1.174291708013069, 2.9132528823531696]",0.6076773367465617,0.9179400000000001,0.91784,0.92118,1.0,0.5018,5000,100,10,0.18,0.35,6.0,0.7,2.5,0.0,lightning.qubit
CVaR|r=0.0969100130081|erdos_renyi|g=4|init=3,CVaR,1,0.09691001300805638,0.8,0.19999999999999996,0.3876400520322255,erdos_renyi,8,2,4,3,20262432,950103,"[4.307602282343021, 3.034090238606556, 2.891329909804126, 1.6537892584670473]","[3.406517390566367, 3.6733479478144146, 2.7376355315851897, 1.3102982531803689]",0.34899999999999975,0.9012399999999999,0.9019299999999999,0.9168800000000001,1.0,0.5208,5000,100,10,0.18,0.35,6.0,0.7,2.5,0.0,lightning.qubit
QTL|r=0.0969100130081|erdos_renyi|g=4|init=3,QTL,1,0.09691001300805638,0.8,0.19999999999999996,0.3876400520322255,erdos_renyi,8,2,4,3,20262432,950103,"[4.307602282343021, 3.034090238606556, 2.891329909804126, 1.6537892584670473]","[3.3581716323106803, 3.6259931264502145, 2.7487800714197874, 1.3436593038657678]",0.6178595617291681,0.91762,0.9172459999999999,0.9220200000000002,1.0,0.48579999999999995,5000,100,10,0.18,0.35,6.0,0.7,2.5,0.0,lightning.qubit
CVaR|r=0.0969100130081|erdos_renyi|g=4|init=4,CVaR,1,0.09691001300805638,0.8,0.19999999999999996,0.3876400520322255,erdos_renyi,8,2,4,4,20262433,950104,"[1.697931517675189, 4.9740234499068094, 5.809501218322688, 4.3764810471886175]","[1.6393459443454226, 5.007155752767147, 5.7151338791405335, 4.388316914123882]",0.8547499999999993,0.86288,0.8652460000000002,0.8687999999999999,1.0,0.263,5000,100,10,0.18,0.35,6.0,0.7,2.5,0.0,lightning.qubit
QTL|r=0.0969100130081|erdos_renyi|g=4|init=4,QTL,1,0.09691001300805638,0.8,0.19999999999999996,0.3876400520322255,erdos_renyi,8,2,4,4,20262433,950104,"[1.697931517675189, 4.9740234499068094, 5.809501218322688, 4.3764810471886175]","[1.6412809216505688, 4.986074848300952, 5.681579551427224, 4.3969669747382865]",1.0874393629986245,0.8657999999999999,0.868318,0.87294,1.0,0.2536,5000,100,10,0.18,0.35,6.0,0.7,2.5,0.0,lightning.qubit
CVaR|r=0.187086643357|erdos_renyi|g=4|init=0,CVaR,2,0.1870866433571444,0.65,0.35,0.7483465734285776,erdos_renyi,8,2,4,0,20262429,950200,"[3.0045084741480124, 0.6658867766369198, 2.9231716237466285, 4.046416608096568]","[3.4085097593013374, 0.5508790462477675, 2.7341599779229915, 4.441624329203625]",0.20492307692307707,0.8965799999999999,0.897606,0.9024600000000002,1.0,0.5168,5000,100,10,0.18,0.35,6.0,0.7,2.5,0.0,lightning.qubit
QTL|r=0.187086643357|erdos_renyi|g=4|init=0,QTL,2,0.1870866433571444,0.65,0.35,0.7483465734285776,erdos_renyi,8,2,4,0,20262429,950200,"[3.0045084741480124, 0.6658867766369198, 2.9231716237466285, 4.046416608096568]","[3.375764454573867, 0.5067541617367053, 2.7374804550195315, 4.4707447101317594]",0.5066981259569823,0.91178,0.912388,0.9192199999999999,1.0,0.5058,5000,100,10,0.18,0.35,6.0,0.7,2.5,0.0,lightning.qubit
CVaR|r=0.187086643357|erdos_renyi|g=4|init=1,CVaR,2,0.1870866433571444,0.65,0.35,0.7483465734285776,erdos_renyi,8,2,4,1,20262430,950201,"[5.1541213316333945, 3.721852295442659, 4.903726068591482, 1.2222919096378122]","[4.984656599821197, 3.8366074002338104, 5.3126534235022715, 1.1060050281764482]",1.9286153846153866,0.70436,0.706908,0.71176,1.0,0.06420000000000001,5000,100,10,0.18,0.35,6.0,0.7,2.5,0.0,lightning.qubit
QTL|r=0.187086643357|erdos_renyi|g=4|init=1,QTL,2,0.1870866433571444,0.65,0.35,0.7483465734285776,erdos_renyi,8,2,4,1,20262430,950201,"[5.1541213316333945, 3.721852295442659, 4.903726068591482, 1.2222919096378122]","[5.007489558150847, 3.8323650449720374, 5.254644968003286, 1.140604788472719]",2.049233981371441,0.6992999999999999,0.702868,0.70938,1.0,0.07420000000000002,5000,100,10,0.18,0.35,6.0,0.7,2.5,0.0,lightning.qubit
CVaR|r=0.187086643357|erdos_renyi|g=4|init=2,CVaR,2,0.1870866433571444,0.65,0.35,0.7483465734285776,erdos_renyi,8,2,4,2,20262431,950202,"[0.7781164276219816, 3.2262615747046017, 1.0811483388068108, 2.98222281407082]","[0.2652655870640773, 3.6786271629250886, 1.1634718121940084, 2.8730227274459117]",0.22369230769230816,0.89824,0.89735,0.90486,1.0,0.5046,5000,100,10,0.18,0.35,6.0,0.7,2.5,0.0,lightning.qubit
QTL|r=0.187086643357|erdos_renyi|g=4|init=2,QTL,2,0.1870866433571444,0.65,0.35,0.7483465734285776,erdos_renyi,8,2,4,2,20262431,950202,"[0.7781164276219816, 3.2262615747046017, 1.0811483388068108, 2.98222281407082]","[0.23413455731896765, 3.6444008355828017, 1.1688153873781026, 2.9013680479260633]",0.5105232925851629,0.9126399999999999,0.9125919999999998,0.9173199999999999,1.0,0.4951999999999999,5000,100,10,0.18,0.35,6.0,0.7,2.5,0.0,lightning.qubit
CVaR|r=0.187086643357|erdos_renyi|g=4|init=3,CVaR,2,0.1870866433571444,0.65,0.35,0.7483465734285776,erdos_renyi,8,2,4,3,20262432,950203,"[4.307602282343021, 3.034090238606556, 2.891329909804126, 1.6537892584670473]","[3.4052424961211702, 3.686603864483418, 2.7345899170169345, 1.3003204721843076]",0.18246153846153815,0.90086,0.897632,0.90846,1.0,0.5314,5000,100,10,0.18,0.35,6.0,0.7,2.5,0.0,lightning.qubit
QTL|r=0.187086643357|erdos_renyi|g=4|init=3,QTL,2,0.1870866433571444,0.65,0.35,0.7483465734285776,erdos_renyi,8,2,4,3,20262432,950203,"[4.307602282343021, 3.034090238606556, 2.891329909804126, 1.6537892584670473]","[3.3741839621719927, 3.649607580920232, 2.7393450077191366, 1.330252758627889]",0.4931262231558997,0.9135200000000001,0.9130079999999999,0.9177800000000002,1.0,0.5112,5000,100,10,0.18,0.35,6.0,0.7,2.5,0.0,lightning.qubit
CVaR|r=0.187086643357|erdos_renyi|g=4|init=4,CVaR,2,0.1870866433571444,0.65,0.35,0.7483465734285776,erdos_renyi,8,2,4,4,20262433,950204,"[1.697931517675189, 4.9740234499068094, 5.809501218322688, 4.3764810471886175]","[1.6412970287267088, 5.011224853460127, 5.7532112591630735, 4.390108586692059]",0.5969230769230772,0.86098,0.863242,0.8676599999999999,1.0,0.2642,5000,100,10,0.18,0.35,6.0,0.7,2.5,0.0,lightning.qubit
QTL|r=0.187086643357|erdos_renyi|g=4|init=4,QTL,2,0.1870866433571444,0.65,0.35,0.7483465734285776,erdos_renyi,8,2,4,4,20262433,950204,"[1.697931517675189, 4.9740234499068094, 5.809501218322688, 4.3764810471886175]","[1.635985144904154, 5.000395121723349, 5.71902430131711, 4.391119158039836]",0.9096380224413234,0.86464,0.866494,0.87026,1.0,0.26559999999999995,5000,100,10,0.18,0.35,6.0,0.7,2.5,0.0,lightning.qubit
CVaR|r=0.301029995664|erdos_renyi|g=4|init=0,CVaR,3,0.30102999566398114,0.5,0.5,1.2041199826559246,erdos_renyi,8,2,4,0,20262429,950300,"[3.0045084741480124, 0.6658867766369198, 2.9231716237466285, 4.046416608096568]","[3.3771591939131502, 0.5274159579135207, 2.723949509022574, 4.464786236324493]",0.0,0.9085999999999999,0.9086820000000001,0.91708,1.0,0.514,5000,100,10,0.18,0.35,6.0,0.7,2.5,0.0,lightning.qubit
QTL|r=0.301029995664|erdos_renyi|g=4|init=0,QTL,3,0.30102999566398114,0.5,0.5,1.2041199826559246,erdos_renyi,8,2,4,0,20262429,950300,"[3.0045084741480124, 0.6658867766369198, 2.9231716237466285, 4.046416608096568]","[3.389049836723099, 0.5179096883838702, 2.734632811251525, 4.462372695804657]",0.3972510228019093,0.9083400000000001,0.9068640000000002,0.9128999999999999,1.0,0.5182,5000,100,10,0.18,0.35,6.0,0.7,2.5,0.0,lightning.qubit
CVaR|r=0.301029995664|erdos_renyi|g=4|init=1,CVaR,3,0.30102999566398114,0.5,0.5,1.2041199826559246,erdos_renyi,8,2,4,1,20262430,950301,"[5.1541213316333945, 3.721852295442659, 4.903726068591482, 1.2222919096378122]","[4.97119936616216, 3.803222445758369, 5.228995245831689, 1.0942275046891607]",1.524,0.7099399999999999,0.704504,0.7125,1.0,0.0714,5000,100,10,0.18,0.35,6.0,0.7,2.5,0.0,lightning.qubit
QTL|r=0.301029995664|erdos_renyi|g=4|init=1,QTL,3,0.30102999566398114,0.5,0.5,1.2041199826559246,erdos_renyi,8,2,4,1,20262430,950301,"[5.1541213316333945, 3.721852295442659, 4.903726068591482, 1.2222919096378122]","[5.049400096290012, 3.8129530579267086, 5.211364730453929, 1.1930618246551836]",1.6541976697260827,0.6938599999999999,0.6925739999999999,0.70436,1.0,0.07540000000000001,5000,100,10,0.18,0.35,6.0,0.7,2.5,0.0,lightning.qubit
CVaR|r=0.301029995664|erdos_renyi|g=4|init=2,CVaR,3,0.30102999566398114,0.5,0.5,1.2041199826559246,erdos_renyi,8,2,4,2,20262431,950302,"[0.7781164276219816, 3.2262615747046017, 1.0811483388068108, 2.98222281407082]","[0.24705612096233037, 3.6622343939882134, 1.1608818616031993, 2.878463524003179]",0.0,0.9022600000000001,0.907432,0.914,1.0,0.5016,5000,100,10,0.18,0.35,6.0,0.7,2.5,0.0,lightning.qubit
QTL|r=0.301029995664|erdos_renyi|g=4|init=2,QTL,3,0.30102999566398114,0.5,0.5,1.2041199826559246,erdos_renyi,8,2,4,2,20262431,950302,"[0.7781164276219816, 3.2262615747046017, 1.0811483388068108, 2.98222281407082]","[0.24787716349734207, 3.660818396296899, 1.1638551212550021, 2.8920619163312455]",0.41107894332930567,0.90554,0.907084,0.91272,1.0,0.5045999999999999,5000,100,10,0.18,0.35,6.0,0.7,2.5,0.0,lightning.qubit
CVaR|r=0.301029995664|erdos_renyi|g=4|init=3,CVaR,3,0.30102999566398114,0.5,0.5,1.2041199826559246,erdos_renyi,8,2,4,3,20262432,950303,"[4.307602282343021, 3.034090238606556, 2.891329909804126, 1.6537892584670473]","[3.3815469085090384, 3.6597171884267996, 2.7212790927557515, 1.3213613403042292]",0.0,0.91204,0.9074059999999999,0.91204,1.0,0.5252,5000,100,10,0.18,0.35,6.0,0.7,2.5,0.0,lightning.qubit
QTL|r=0.301029995664|erdos_renyi|g=4|init=3,QTL,3,0.30102999566398114,0.5,0.5,1.2041199826559246,erdos_renyi,8,2,4,3,20262432,950303,"[4.307602282343021, 3.034090238606556, 2.891329909804126, 1.6537892584670473]","[3.391604768738258, 3.66299824358605, 2.7339039882389047, 1.3193580413454489]",0.38629898479065045,0.9108800000000002,0.9075940000000001,0.9169599999999999,1.0,0.5268,5000,100,10,0.18,0.35,6.0,0.7,2.5,0.0,lightning.qubit
CVaR|r=0.301029995664|erdos_renyi|g=4|init=4,CVaR,3,0.30102999566398114,0.5,0.5,1.2041199826559246,erdos_renyi,8,2,4,4,20262433,950304,"[1.697931517675189, 4.9740234499068094, 5.809501218322688, 4.3764810471886175]","[1.656187384489644, 5.054431979721259, 5.803888405827832, 4.370700951273031]",0.48319999999999985,0.84734,0.851206,0.86126,1.0,0.2584,5000,100,10,0.18,0.35,6.0,0.7,2.5,0.0,lightning.qubit
QTL|r=0.301029995664|erdos_renyi|g=4|init=4,QTL,3,0.30102999566398114,0.5,0.5,1.2041199826559246,erdos_renyi,8,2,4,4,20262433,950304,"[1.697931517675189, 4.9740234499068094, 5.809501218322688, 4.3764810471886175]","[1.6379303023666165, 5.016432536003936, 5.745414650679049, 4.3841644250138305]",0.7867849910355754,0.8575200000000001,0.8609380000000002,0.8665800000000001,1.0,0.2516,5000,100,10,0.18,0.35,6.0,0.7,2.5,0.0,lightning.qubit
CVaR|r=0.45593195565|erdos_renyi|g=4|init=0,CVaR,4,0.4559319556497244,0.35,0.65,1.8237278225988975,erdos_renyi,8,2,4,0,20262429,950400,"[3.0045084741480124, 0.6658867766369198, 2.9231716237466285, 4.046416608096568]","[3.31424740001165, 0.35267407903753945, 2.7393577422443416, 4.522234999914721]",0.0,0.91372,0.911956,0.91768,1.0,0.38760000000000006,5000,100,10,0.18,0.35,6.0,0.7,2.5,0.0,lightning.qubit
QTL|r=0.45593195565|erdos_renyi|g=4|init=0,QTL,4,0.4559319556497244,0.35,0.65,1.8237278225988975,erdos_renyi,8,2,4,0,20262429,950400,"[3.0045084741480124, 0.6658867766369198, 2.9231716237466285, 4.046416608096568]","[3.4005014524643213, 0.5289281533299738, 2.7304290385331766, 4.454623694616679]",0.30294977758050473,0.9034000000000001,0.9023159999999999,0.91666,1.0,0.5258,5000,100,10,0.18,0.35,6.0,0.7,2.5,0.0,lightning.qubit
CVaR|r=0.45593195565|erdos_renyi|g=4|init=1,CVaR,4,0.4559319556497244,0.35,0.65,1.8237278225988975,erdos_renyi,8,2,4,1,20262430,950401,"[5.1541213316333945, 3.721852295442659, 4.903726068591482, 1.2222919096378122]","[5.047493432598805, 3.797698819230889, 5.182504813693614, 1.176390202240035]",1.2102857142857146,0.69318,0.69286,0.7001999999999999,1.0,0.08199999999999999,5000,100,10,0.18,0.35,6.0,0.7,2.5,0.0,lightning.qubit
QTL|r=0.45593195565|erdos_renyi|g=4|init=1,QTL,4,0.4559319556497244,0.35,0.65,1.8237278225988975,erdos_renyi,8,2,4,1,20262430,950401,"[5.1541213316333945, 3.721852295442659, 4.903726068591482, 1.2222919096378122]","[5.077907340355335, 3.820178289323717, 5.217462965678178, 1.244111532707177]",1.2102533895948522,0.69452,0.689334,0.69452,1.0,0.0876,5000,100,10,0.18,0.35,6.0,0.7,2.5,0.0,lightning.qubit
CVaR|r=0.45593195565|erdos_renyi|g=4|init=2,CVaR,4,0.4559319556497244,0.35,0.65,1.8237278225988975,erdos_renyi,8,2,4,2,20262431,950402,"[0.7781164276219816, 3.2262615747046017, 1.0811483388068108, 2.98222281407082]","[0.15824756258331538, 3.4826567289974335, 1.1736911712531464, 2.9625398318856035]",0.0,0.9098000000000003,0.9102580000000001,0.91936,1.0,0.3638,5000,100,10,0.18,0.35,6.0,0.7,2.5,0.0,lightning.qubit
QTL|r=0.45593195565|erdos_renyi|g=4|init=2,QTL,4,0.4559319556497244,0.35,0.65,1.8237278225988975,erdos_renyi,8,2,4,2,20262431,950402,"[0.7781164276219816, 3.2262615747046017, 1.0811483388068108, 2.98222281407082]","[0.2593889133007933, 3.6715199571064647, 1.1612635961844655, 2.8822414982395963]",0.3247053749890612,0.89754,0.9015959999999998,0.9147200000000002,1.0,0.5014000000000001,5000,100,10,0.18,0.35,6.0,0.7,2.5,0.0,lightning.qubit
CVaR|r=0.45593195565|erdos_renyi|g=4|init=3,CVaR,4,0.4559319556497244,0.35,0.65,1.8237278225988975,erdos_renyi,8,2,4,3,20262432,950403,"[4.307602282343021, 3.034090238606556, 2.891329909804126, 1.6537892584670473]","[3.287797176738477, 3.493582740368153, 2.7396617097360356, 1.3981532403700345]",0.015999999999999983,0.9063199999999998,0.9108919999999999,0.91842,1.0,0.3444,5000,100,10,0.18,0.35,6.0,0.7,2.5,0.0,lightning.qubit
QTL|r=0.45593195565|erdos_renyi|g=4|init=3,QTL,4,0.4559319556497244,0.35,0.65,1.8237278225988975,erdos_renyi,8,2,4,3,20262432,950403,"[4.307602282343021, 3.034090238606556, 2.891329909804126, 1.6537892584670473]","[3.401669911644892, 3.6780014679036057, 2.7313190117161503, 1.3119995740529335]",0.3120869798042589,0.9011800000000001,0.900188,0.91236,1.0,0.5154000000000001,5000,100,10,0.18,0.35,6.0,0.7,2.5,0.0,lightning.qubit
CVaR|r=0.45593195565|erdos_renyi|g=4|init=4,CVaR,4,0.4559319556497244,0.35,0.65,1.8237278225988975,erdos_renyi,8,2,4,4,20262433,950404,"[1.697931517675189, 4.9740234499068094, 5.809501218322688, 4.3764810471886175]","[1.652215721751633, 5.048453393182394, 5.794337921824603, 4.363136181448335]",0.23257142857142873,0.8504799999999999,0.8519120000000001,0.85982,1.0,0.2686,5000,100,10,0.18,0.35,6.0,0.7,2.5,0.0,lightning.qubit
QTL|r=0.45593195565|erdos_renyi|g=4|init=4,QTL,4,0.4559319556497244,0.35,0.65,1.8237278225988975,erdos_renyi,8,2,4,4,20262433,950404,"[1.697931517675189, 4.9740234499068094, 5.809501218322688, 4.3764810471886175]","[1.6418101778670813, 5.029145217563874, 5.770240629680027, 4.375366748411608]",0.6073970859991675,0.8570399999999999,0.8581939999999999,0.8628399999999999,1.0,0.2648,5000,100,10,0.18,0.35,6.0,0.7,2.5,0.0,lightning.qubit
CVaR|r=0.698970004336|erdos_renyi|g=4|init=0,CVaR,5,0.6989700043360187,0.2,0.8,2.795880017344075,erdos_renyi,8,2,4,0,20262429,950500,"[3.0045084741480124, 0.6658867766369198, 2.9231716237466285, 4.046416608096568]","[3.2914184618606, 0.3372212593437323, 2.788488833006388, 4.579606158212624]",0.0,0.9037,0.898114,0.90948,1.0,0.3182,5000,100,10,0.18,0.35,6.0,0.7,2.5,0.0,lightning.qubit
QTL|r=0.698970004336|erdos_renyi|g=4|init=0,QTL,5,0.6989700043360187,0.2,0.8,2.795880017344075,erdos_renyi,8,2,4,0,20262429,950500,"[3.0045084741480124, 0.6658867766369198, 2.9231716237466285, 4.046416608096568]","[3.4104906094487855, 0.5376506925693175, 2.7314591073136922, 4.44763404698743]",0.22086623187854298,0.8992799999999999,0.898494,0.9080400000000001,1.0,0.5212,5000,100,10,0.18,0.35,6.0,0.7,2.5,0.0,lightning.qubit
CVaR|r=0.698970004336|erdos_renyi|g=4|init=1,CVaR,5,0.6989700043360187,0.2,0.8,2.795880017344075,erdos_renyi,8,2,4,1,20262430,950501,"[5.1541213316333945, 3.721852295442659, 4.903726068591482, 1.2222919096378122]","[5.041219427071305, 3.8066788221384553, 5.191353562067713, 1.1799818870158698]",0.5920000000000004,0.6930799999999999,0.693268,0.70114,1.0,0.08159999999999999,5000,100,10,0.18,0.35,6.0,0.7,2.5,0.0,lightning.qubit
QTL|r=0.698970004336|erdos_renyi|g=4|init=1,QTL,5,0.6989700043360187,0.2,0.8,2.795880017344075,erdos_renyi,8,2,4,1,20262430,950501,"[5.1541213316333945, 3.721852295442659, 4.903726068591482, 1.2222919096378122]","[5.091558331938224, 3.816744887697281, 5.208478511466917, 1.2790143795801465]",0.8487628885245837,0.68914,0.688366,0.69658,1.0,0.08640000000000002,5000,100,10,0.18,0.35,6.0,0.7,2.5,0.0,lightning.qubit
CVaR|r=0.698970004336|erdos_renyi|g=4|init=2,CVaR,5,0.6989700043360187,0.2,0.8,2.795880017344075,erdos_renyi,8,2,4,2,20262431,950502,"[0.7781164276219816, 3.2262615747046017, 1.0811483388068108, 2.98222281407082]","[0.13145746077291168, 3.4754482500107264, 1.219657587109012, 3.0091429556520324]",0.0,0.8952000000000002,0.8986000000000001,0.9088200000000001,1.0,0.2898,5000,100,10,0.18,0.35,6.0,0.7,2.5,0.0,lightning.qubit
QTL|r=0.698970004336|erdos_renyi|g=4|init=2,QTL,5,0.6989700043360187,0.2,0.8,2.795880017344075,erdos_renyi,8,2,4,2,20262431,950502,"[0.7781164276219816, 3.2262615747046017, 1.0811483388068108, 2.98222281407082]","[0.26655750482388096, 3.6787763778611713, 1.1611000275060632, 2.875367659762567]",0.21966856140466262,0.8992000000000001,0.8983780000000001,0.91138,1.0,0.5238,5000,100,10,0.18,0.35,6.0,0.7,2.5,0.0,lightning.qubit
CVaR|r=0.698970004336|erdos_renyi|g=4|init=3,CVaR,5,0.6989700043360187,0.2,0.8,2.795880017344075,erdos_renyi,8,2,4,3,20262432,950503,"[4.307602282343021, 3.034090238606556, 2.891329909804126, 1.6537892584670473]","[3.2791609984207084, 3.4754131507040724, 2.787043247567788, 1.4399605946427534]",0.0,0.8982600000000002,0.897362,0.90556,1.0,0.3026,5000,100,10,0.18,0.35,6.0,0.7,2.5,0.0,lightning.qubit
QTL|r=0.698970004336|erdos_renyi|g=4|init=3,QTL,5,0.6989700043360187,0.2,0.8,2.795880017344075,erdos_renyi,8,2,4,3,20262432,950503,"[4.307602282343021, 3.034090238606556, 2.891329909804126, 1.6537892584670473]","[3.409860914929289, 3.679561761972891, 2.7319374778026027, 1.307243648238774]",0.21590048349797922,0.9023000000000001,0.8972960000000001,0.9091999999999999,1.0,0.5294,5000,100,10,0.18,0.35,6.0,0.7,2.5,0.0,lightning.qubit
CVaR|r=0.698970004336|erdos_renyi|g=4|init=4,CVaR,5,0.6989700043360187,0.2,0.8,2.795880017344075,erdos_renyi,8,2,4,4,20262433,950504,"[1.697931517675189, 4.9740234499068094, 5.809501218322688, 4.3764810471886175]","[1.7012212701308427, 4.967864923374031, 5.60515685437107, 4.3909303081710185]",0.0,0.86692,0.858344,0.86692,1.0,0.24300000000000002,5000,100,10,0.18,0.35,6.0,0.7,2.5,0.0,lightning.qubit
QTL|r=0.698970004336|erdos_renyi|g=4|init=4,QTL,5,0.6989700043360187,0.2,0.8,2.795880017344075,erdos_renyi,8,2,4,4,20262433,950504,"[1.697931517675189, 4.9740234499068094, 5.809501218322688, 4.3764810471886175]","[1.646031846543262, 5.03943696719381, 5.804220027210673, 4.368932835414307]",0.44968730177811206,0.8555599999999999,0.853534,0.8596,1.0,0.26080000000000003,5000,100,10,0.18,0.35,6.0,0.7,2.5,0.0,lightning.qubit
CVaR|r=1|erdos_renyi|g=4|init=0,CVaR,6,0.9999999999999998,0.1,0.9,3.999999999999999,erdos_renyi,8,2,4,0,20262429,950600,"[3.0045084741480124, 0.6658867766369198, 2.9231716237466285, 4.046416608096568]","[3.3239178160164626, 0.5661521352950155, 2.8671844761758787, 4.526703889301521]",0.0,0.8927400000000001,0.8905099999999999,0.9029399999999999,1.0,0.35780000000000006,5000,100,10,0.18,0.35,6.0,0.7,2.5,0.0,lightning.qubit
QTL|r=1|erdos_renyi|g=4|init=0,QTL,6,0.9999999999999998,0.1,0.9,3.999999999999999,erdos_renyi,8,2,4,0,20262429,950600,"[3.0045084741480124, 0.6658867766369198, 2.9231716237466285, 4.046416608096568]","[3.4114415500884467, 0.5429658136890047, 2.729959413612259, 4.444385029455087]",0.16698976407098884,0.8958999999999999,0.8954419999999998,0.90948,1.0,0.5074000000000001,5000,100,10,0.18,0.35,6.0,0.7,2.5,0.0,lightning.qubit
CVaR|r=1|erdos_renyi|g=4|init=1,CVaR,6,0.9999999999999998,0.1,0.9,3.999999999999999,erdos_renyi,8,2,4,1,20262430,950601,"[5.1541213316333945, 3.721852295442659, 4.903726068591482, 1.2222919096378122]","[5.100511191291004, 3.8378827065312375, 5.233120209869073, 1.2895672813261074]",0.21999999999999972,0.6881200000000001,0.6920480000000001,0.7026,1.0,0.07800000000000001,5000,100,10,0.18,0.35,6.0,0.7,2.5,0.0,lightning.qubit
QTL|r=1|erdos_renyi|g=4|init=1,QTL,6,0.9999999999999998,0.1,0.9,3.999999999999999,erdos_renyi,8,2,4,1,20262430,950601,"[5.1541213316333945, 3.721852295442659, 4.903726068591482, 1.2222919096378122]","[5.099767104618602, 3.8200624550630415, 5.207784551769173, 1.2905082664216831]",0.6154060476593783,0.6887000000000001,0.688422,0.6954800000000001,1.0,0.08360000000000001,5000,100,10,0.18,0.35,6.0,0.7,2.5,0.0,lightning.qubit
CVaR|r=1|erdos_renyi|g=4|init=2,CVaR,6,0.9999999999999998,0.1,0.9,3.999999999999999,erdos_renyi,8,2,4,2,20262431,950602,"[0.7781164276219816, 3.2262615747046017, 1.0811483388068108, 2.98222281407082]","[0.8522213036808558, 3.271724325582863, 1.2549081295334452, 3.085815921497174]",0.0,0.7280599999999999,0.727298,0.7331,1.0,0.13319999999999999,5000,100,10,0.18,0.35,6.0,0.7,2.5,0.0,lightning.qubit
QTL|r=1|erdos_renyi|g=4|init=2,QTL,6,0.9999999999999998,0.1,0.9,3.999999999999999,erdos_renyi,8,2,4,2,20262431,950602,"[0.7781164276219816, 3.2262615747046017, 1.0811483388068108, 2.98222281407082]","[0.2691162934407803, 3.679456127702681, 1.1606311348884353, 2.873254508599894]",0.16049082010676521,0.8983000000000001,0.8981720000000001,0.90898,1.0,0.521,5000,100,10,0.18,0.35,6.0,0.7,2.5,0.0,lightning.qubit
CVaR|r=1|erdos_renyi|g=4|init=3,CVaR,6,0.9999999999999998,0.1,0.9,3.999999999999999,erdos_renyi,8,2,4,3,20262432,950603,"[4.307602282343021, 3.034090238606556, 2.891329909804126, 1.6537892584670473]","[3.8388423063364034, 2.9804421177311777, 2.8015700019842535, 1.543653847800882]",0.0,0.73384,0.731272,0.7407199999999999,1.0,0.159,5000,100,10,0.18,0.35,6.0,0.7,2.5,0.0,lightning.qubit
QTL|r=1|erdos_renyi|g=4|init=3,QTL,6,0.9999999999999998,0.1,0.9,3.999999999999999,erdos_renyi,8,2,4,3,20262432,950603,"[4.307602282343021, 3.034090238606556, 2.891329909804126, 1.6537892584670473]","[3.4734094977774577, 3.09289821125215, 2.765408883168526, 1.607470974201476]",0.320301566672566,0.85304,0.851384,0.8547399999999999,1.0,0.27099999999999996,5000,100,10,0.18,0.35,6.0,0.7,2.5,0.0,lightning.qubit
CVaR|r=1|erdos_renyi|g=4|init=4,CVaR,6,0.9999999999999998,0.1,0.9,3.999999999999999,erdos_renyi,8,2,4,4,20262433,950604,"[1.697931517675189, 4.9740234499068094, 5.809501218322688, 4.3764810471886175]","[1.7595145779991768, 4.907692916576303, 5.600765997070201, 4.423342369575209]",0.0,0.85046,0.848916,0.86448,1.0,0.1912,5000,100,10,0.18,0.35,6.0,0.7,2.5,0.0,lightning.qubit
QTL|r=1|erdos_renyi|g=4|init=4,QTL,6,0.9999999999999998,0.1,0.9,3.999999999999999,erdos_renyi,8,2,4,4,20262433,950604,"[1.697931517675189, 4.9740234499068094, 5.809501218322688, 4.3764810471886175]","[1.648506886907979, 5.046669624060124, 5.809780426069989, 4.365027633388429]",0.323014828678951,0.85068,0.8519160000000001,0.8604,1.0,0.26799999999999996,5000,100,10,0.18,0.35,6.0,0.7,2.5,0.0,lightning.qubit
