,iteration,loss,mean_cut,mean_ratio,best_ratio_step,best_ratio_so_far,best_cut_so_far,optimal_mass,gamma,lr,grad_norm,circuit_evals,shots_used,graph_family,n,p,seed,objective,mode
0,1,7.107421875,7.779296875,0.5186197916666667,0.9333333333333333,0.9333333333333333,14,0.0,,0.06172606375797438,1.6434917290563293,14,14336,erdos_renyi,14,3,0,Expectation,sampled
1,2,7.197265625,7.8916015625,0.5261067708333333,0.9333333333333333,0.9333333333333333,14,0.0,,0.05735522822936679,1.4421193082977681,28,28672,erdos_renyi,14,3,0,Expectation,sampled
2,3,7.208984375,8.0068359375,0.5337890625,0.9333333333333333,0.9333333333333333,14,0.0,,0.05375750759044572,2.0286729163605224,42,43008,erdos_renyi,14,3,0,Expectation,sampled
3,4,6.8203125,8.279296875,0.551953125,1.0,1.0,15,0.001953125,,0.05073089276276016,2.5,56,57344,erdos_renyi,14,3,0,Expectation,sampled
4,5,6.3203125,8.427734375,0.5618489583333334,1.0,1.0,15,0.001953125,,0.0481400490304311,2.5,70,71680,erdos_renyi,14,3,0,Expectation,sampled
5,6,6.119140625,8.8935546875,0.5929036458333333,1.0,1.0,15,0.00390625,,0.04589050319120088,2.4999999999999996,84,86016,erdos_renyi,14,3,0,Expectation,sampled
6,7,5.4921875,9.28515625,0.6190104166666667,1.0,1.0,15,0.0029296875,,0.0439140671199312,2.5,98,100352,erdos_renyi,14,3,0,Expectation,sampled
7,8,4.9560546875,10.1181640625,0.6745442708333333,1.0,1.0,15,0.0068359375,,0.04216014399219075,2.5,112,114688,erdos_renyi,14,3,0,Expectation,sampled
8,9,4.3544921875,10.658203125,0.710546875,1.0,1.0,15,0.0146484375,,0.04059030480903759,2.5,126,129024,erdos_renyi,14,3,0,Expectation,sampled
9,10,3.90625,10.9501953125,0.7300130208333333,1.0,1.0,15,0.0185546875,,0.03917477534832558,2.5,140,143360,erdos_renyi,14,3,0,Expectation,sampled
10,11,3.5126953125,11.5693359375,0.7712890625,1.0,1.0,15,0.0234375,,0.0378900866404636,2.5,154,157696,erdos_renyi,14,3,0,Expectation,sampled
11,12,3.3515625,11.5810546875,0.7720703125,1.0,1.0,15,0.021484375,,0.03671745973566442,2.5,168,172032,erdos_renyi,14,3,0,Expectation,sampled
12,13,3.3046875,11.734375,0.7822916666666667,1.0,1.0,15,0.03125,,0.0356416683383965,2.5,182,186368,erdos_renyi,14,3,0,Expectation,sampled
13,14,3.30078125,11.7265625,0.7817708333333333,1.0,1.0,15,0.021484375,,0.0346502208875103,2.4999999999999996,196,200704,erdos_renyi,14,3,0,Expectation,sampled
14,15,3.15234375,11.8896484375,0.7926432291666666,1.0,1.0,15,0.021484375,,0.03373276128686897,2.5,210,215040,erdos_renyi,14,3,0,Expectation,sampled
15,16,3.0400390625,11.912109375,0.794140625,1.0,1.0,15,0.029296875,,0.032880622468849645,2.5,224,229376,erdos_renyi,14,3,0,Expectation,sampled
16,17,2.9228515625,11.990234375,0.7993489583333333,1.0,1.0,15,0.0390625,,0.03208648880827392,2.5,238,243712,erdos_renyi,14,3,0,Expectation,sampled
17,18,2.7646484375,12.205078125,0.813671875,1.0,1.0,15,0.0400390625,,0.03134413738094823,2.5,252,258048,erdos_renyi,14,3,0,Expectation,sampled
18,19,2.6708984375,12.2314453125,0.8154296875,1.0,1.0,15,0.0595703125,,0.03064823721074824,2.0966228305052854,266,272384,erdos_renyi,14,3,0,Expectation,sampled
19,20,2.6455078125,12.4091796875,0.8272786458333333,1.0,1.0,15,0.0751953125,,0.029994191761820287,2.2687064426749153,280,286720,erdos_renyi,14,3,0,Expectation,sampled
20,21,2.560546875,12.46484375,0.8309895833333333,1.0,1.0,15,0.0810546875,,0.02937801409200147,1.9535924733528527,294,301056,erdos_renyi,14,3,0,Expectation,sampled
21,22,2.482421875,12.470703125,0.8313802083333334,1.0,1.0,15,0.0869140625,,0.028796226961947273,1.5835857524773385,308,315392,erdos_renyi,14,3,0,Expectation,sampled
22,23,2.498046875,12.4560546875,0.8304036458333334,1.0,1.0,15,0.1005859375,,0.02824578221714004,1.5048799607573558,322,329728,erdos_renyi,14,3,0,Expectation,sampled
23,24,2.423828125,12.5205078125,0.8347005208333333,1.0,1.0,15,0.0927734375,,0.027723995201538437,1.9735912562114366,336,344064,erdos_renyi,14,3,0,Expectation,sampled
24,25,2.4990234375,12.5537109375,0.8369140625,1.0,1.0,15,0.091796875,,0.02722849100253128,1.8936967093142647,350,358400,erdos_renyi,14,3,0,Expectation,sampled
25,26,2.357421875,12.5986328125,0.8399088541666667,1.0,1.0,15,0.0908203125,,0.026757160087561217,1.7783050285072193,364,372736,erdos_renyi,14,3,0,Expectation,sampled
26,27,2.359375,12.646484375,0.8430989583333334,1.0,1.0,15,0.09375,,0.026308121454964955,0.4583106757834794,378,387072,erdos_renyi,14,3,0,Expectation,sampled
27,28,2.455078125,12.51953125,0.8346354166666666,1.0,1.0,15,0.08203125,,0.025879691841392598,0.8527258529621687,392,401408,erdos_renyi,14,3,0,Expectation,sampled
28,29,2.4306640625,12.6806640625,0.8453776041666666,1.0,1.0,15,0.08984375,,0.02547035984473107,0.9538346447262126,406,415744,erdos_renyi,14,3,0,Expectation,sampled
29,30,2.400390625,12.5927734375,0.8395182291666666,1.0,1.0,15,0.08984375,,0.025078764062338103,0.9404367860583595,420,430080,erdos_renyi,14,3,0,Expectation,sampled
30,31,2.390625,12.548828125,0.8365885416666666,1.0,1.0,15,0.08203125,,0.02470367452925437,1.1077882406271413,434,444416,erdos_renyi,14,3,0,Expectation,sampled
31,32,2.3642578125,12.607421875,0.8404947916666666,1.0,1.0,15,0.0986328125,,0.02434397688406908,1.4026283251691778,448,458752,erdos_renyi,14,3,0,Expectation,sampled
32,33,2.3388671875,12.6630859375,0.8442057291666667,1.0,1.0,15,0.103515625,,0.023998658801579687,1.06473127458188,462,473088,erdos_renyi,14,3,0,Expectation,sampled
33,34,2.3408203125,12.73828125,0.84921875,1.0,1.0,15,0.1142578125,,0.023666798318885542,0.8741680004399404,476,487424,erdos_renyi,14,3,0,Expectation,sampled
34,35,2.3828125,12.5849609375,0.8389973958333333,1.0,1.0,15,0.1015625,,0.02334755375070217,0.5177319567974873,490,501760,erdos_renyi,14,3,0,Expectation,sampled
35,36,2.2939453125,12.59765625,0.83984375,1.0,1.0,15,0.0859375,,0.023040154944674613,1.5455572507257684,504,516096,erdos_renyi,14,3,0,Expectation,sampled
36,37,2.291015625,12.6884765625,0.8458984375,1.0,1.0,15,0.1015625,,0.02274389567146551,1.0886525853545386,518,530432,erdos_renyi,14,3,0,Expectation,sampled
37,38,2.400390625,12.5849609375,0.8389973958333333,1.0,1.0,15,0.0947265625,,0.022458126979795854,1.137622801471443,532,544768,erdos_renyi,14,3,0,Expectation,sampled
38,39,2.34375,12.5947265625,0.8396484375,1.0,1.0,15,0.07421875,,0.022182251375256774,0.9033023646865648,546,559104,erdos_renyi,14,3,0,Expectation,sampled
39,40,2.404296875,12.671875,0.8447916666666667,1.0,1.0,15,0.109375,,0.02191571770500077,1.271795231897588,560,573440,erdos_renyi,14,3,0,Expectation,sampled
40,41,2.40625,12.541015625,0.8360677083333333,1.0,1.0,15,0.099609375,,0.02165801664945291,1.2179014724443151,574,587776,erdos_renyi,14,3,0,Expectation,sampled
41,42,2.34375,12.6689453125,0.8445963541666667,1.0,1.0,15,0.11328125,,0.02140867673780778,0.7784011779666465,588,602112,erdos_renyi,14,3,0,Expectation,sampled
42,43,2.3447265625,12.5302734375,0.8353515625,1.0,1.0,15,0.0908203125,,0.02116726081696399,1.039291471335225,602,616448,erdos_renyi,14,3,0,Expectation,sampled
43,44,2.3974609375,12.6083984375,0.8405598958333333,1.0,1.0,15,0.0966796875,,0.02093336291422007,0.43497939839303557,616,630784,erdos_renyi,14,3,0,Expectation,sampled
44,45,2.330078125,12.6552734375,0.8436848958333333,1.0,1.0,15,0.1015625,,0.02070660544293041,0.8470254124023501,630,645120,erdos_renyi,14,3,0,Expectation,sampled
45,46,2.3857421875,12.6728515625,0.8448567708333333,1.0,1.0,15,0.103515625,,0.02048663670772878,1.0697897866791892,644,659456,erdos_renyi,14,3,0,Expectation,sampled
46,47,2.4130859375,12.6220703125,0.8414713541666666,1.0,1.0,15,0.1025390625,,0.02027312867213555,1.3133139130242495,658,673792,erdos_renyi,14,3,0,Expectation,sampled
47,48,2.4423828125,12.6552734375,0.8436848958333333,1.0,1.0,15,0.0966796875,,0.020065774956585968,0.8891428611116554,672,688128,erdos_renyi,14,3,0,Expectation,sampled
48,49,2.2783203125,12.7529296875,0.8501953125,1.0,1.0,15,0.111328125,,0.019864289039322903,1.34082066813087,686,702464,erdos_renyi,14,3,0,Expectation,sampled
49,50,2.322265625,12.591796875,0.839453125,1.0,1.0,15,0.1064453125,,0.019668402636328148,1.0345282034922012,700,716800,erdos_renyi,14,3,0,Expectation,sampled
50,51,2.4228515625,12.5791015625,0.8386067708333333,1.0,1.0,15,0.1123046875,,0.019477864239635097,1.642773483942158,714,731136,erdos_renyi,14,3,0,Expectation,sampled
51,52,2.3291015625,12.669921875,0.8446614583333333,1.0,1.0,15,0.1171875,,0.019292437796065362,1.1145752998609193,728,745472,erdos_renyi,14,3,0,Expectation,sampled
52,53,2.4072265625,12.6083984375,0.8405598958333333,1.0,1.0,15,0.109375,,0.019111901510738816,1.2116338880916016,742,759808,erdos_renyi,14,3,0,Expectation,sampled
53,54,2.255859375,12.6474609375,0.8431640625,1.0,1.0,15,0.12109375,,0.018936046761683596,1.2411371744899429,756,774144,erdos_renyi,14,3,0,Expectation,sampled
54,55,2.3056640625,12.58984375,0.8393229166666667,1.0,1.0,15,0.107421875,,0.018764677113571295,0.451660948056738,770,788480,erdos_renyi,14,3,0,Expectation,sampled
55,56,2.421875,12.5830078125,0.8388671875,1.0,1.0,15,0.0849609375,,0.018597607420066286,0.9664969547419127,784,802816,erdos_renyi,14,3,0,Expectation,sampled
56,57,2.3369140625,12.7470703125,0.8498046875,1.0,1.0,15,0.1298828125,,0.01843466300554247,1.2039130466276755,798,817152,erdos_renyi,14,3,0,Expectation,sampled
57,58,2.3203125,12.6962890625,0.8464192708333333,1.0,1.0,15,0.095703125,,0.018275678918015296,1.0166522186586777,812,831488,erdos_renyi,14,3,0,Expectation,sampled
58,59,2.3623046875,12.802734375,0.853515625,1.0,1.0,15,0.1123046875,,0.01812049924608745,0.798324164840304,826,845824,erdos_renyi,14,3,0,Expectation,sampled
59,60,2.326171875,12.681640625,0.8454427083333333,1.0,1.0,15,0.11328125,,0.017968976493533073,1.6273839043668772,840,860160,erdos_renyi,14,3,0,Expectation,sampled
60,61,2.373046875,12.630859375,0.8420572916666667,1.0,1.0,15,0.0810546875,,0.01782097100586636,1.3553456187319235,854,874496,erdos_renyi,14,3,0,Expectation,sampled
61,62,2.294921875,12.5576171875,0.8371744791666667,1.0,1.0,15,0.1005859375,,0.017676350443870288,1.490529362391552,868,888832,erdos_renyi,14,3,0,Expectation,sampled
62,63,2.2900390625,12.515625,0.834375,1.0,1.0,15,0.0703125,,0.01753498929961278,1.461842628828411,882,903168,erdos_renyi,14,3,0,Expectation,sampled
63,64,2.380859375,12.6357421875,0.8423828125,1.0,1.0,15,0.0947265625,,0.01739676845096164,0.513422103901753,896,917504,erdos_renyi,14,3,0,Expectation,sampled
64,65,2.357421875,12.51171875,0.8341145833333333,1.0,1.0,15,0.099609375,,0.017261574751035083,0.46794262337073994,910,931840,erdos_renyi,14,3,0,Expectation,sampled
65,66,2.388671875,12.546875,0.8364583333333333,1.0,1.0,15,0.09765625,,0.017129300649399624,1.3616685482714073,924,946176,erdos_renyi,14,3,0,Expectation,sampled
66,67,2.3427734375,12.6484375,0.8432291666666667,1.0,1.0,15,0.09765625,,0.01699984384215766,0.8543219696531461,938,960512,erdos_renyi,14,3,0,Expectation,sampled
67,68,2.3017578125,12.5966796875,0.8397786458333333,1.0,1.0,15,0.087890625,,0.01687310694835983,0.6201771624540761,952,974848,erdos_renyi,14,3,0,Expectation,sampled
68,69,2.4697265625,12.5751953125,0.8383463541666667,1.0,1.0,15,0.099609375,,0.016748997210435965,1.2695665559994498,966,989184,erdos_renyi,14,3,0,Expectation,sampled
69,70,2.3505859375,12.7265625,0.8484375,1.0,1.0,15,0.115234375,,0.016627426216568396,0.631900082476176,980,1003520,erdos_renyi,14,3,0,Expectation,sampled
70,71,2.3818359375,12.607421875,0.8404947916666666,1.0,1.0,15,0.111328125,,0.01650830964313557,0.6362047988034257,994,1017856,erdos_renyi,14,3,0,Expectation,sampled
71,72,2.4208984375,12.625,0.8416666666666667,1.0,1.0,15,0.0986328125,,0.016391567015535524,1.1684059166956633,1008,1032192,erdos_renyi,14,3,0,Expectation,sampled
72,73,2.455078125,12.580078125,0.838671875,1.0,1.0,15,0.0927734375,,0.016277121485861,0.8396364887786699,1022,1046528,erdos_renyi,14,3,0,Expectation,sampled
73,74,2.3046875,12.6259765625,0.8417317708333333,1.0,1.0,15,0.115234375,,0.01616489962604245,0.5793649933083559,1036,1060864,erdos_renyi,14,3,0,Expectation,sampled
74,75,2.333984375,12.6689453125,0.8445963541666667,1.0,1.0,15,0.1064453125,,0.016054831235204608,1.0536018718172797,1050,1075200,erdos_renyi,14,3,0,Expectation,sampled
75,76,2.322265625,12.697265625,0.846484375,1.0,1.0,15,0.103515625,,0.015946849160098125,0.6488116919671691,1064,1089536,erdos_renyi,14,3,0,Expectation,sampled
76,77,2.2734375,12.55078125,0.83671875,1.0,1.0,15,0.1005859375,,0.015840889127571523,0.9334481736330552,1078,1103872,erdos_renyi,14,3,0,Expectation,sampled
77,78,2.30078125,12.671875,0.8447916666666667,1.0,1.0,15,0.10546875,,0.01573688958814218,1.038261850834575,1092,1118208,erdos_renyi,14,3,0,Expectation,sampled
78,79,2.431640625,12.677734375,0.8451822916666667,1.0,1.0,15,0.0908203125,,0.01563479156980859,0.8123156998757615,1106,1132544,erdos_renyi,14,3,0,Expectation,sampled
79,80,2.2890625,12.609375,0.840625,1.0,1.0,15,0.091796875,,0.015534538541321963,1.2208574121246694,1120,1146880,erdos_renyi,14,3,0,Expectation,sampled
80,81,2.34375,12.66796875,0.84453125,1.0,1.0,15,0.0888671875,,0.015436076284203048,1.290694989022387,1134,1161216,erdos_renyi,14,3,0,Expectation,sampled
81,82,2.3291015625,12.595703125,0.8397135416666667,1.0,1.0,15,0.10546875,,0.015339352772851573,0.7985929035562186,1148,1175552,erdos_renyi,14,3,0,Expectation,sampled
82,83,2.4013671875,12.5751953125,0.8383463541666667,1.0,1.0,15,0.10546875,,0.015244318062151213,0.7626465453359065,1162,1189888,erdos_renyi,14,3,0,Expectation,sampled
83,84,2.330078125,12.7080078125,0.8472005208333333,1.0,1.0,15,0.103515625,,0.015150924182023153,1.0415156954398987,1176,1204224,erdos_renyi,14,3,0,Expectation,sampled
84,85,2.3515625,12.6494140625,0.8432942708333333,1.0,1.0,15,0.0888671875,,0.015059125038426886,0.682701007461084,1190,1218560,erdos_renyi,14,3,0,Expectation,sampled
85,86,2.427734375,12.5830078125,0.8388671875,1.0,1.0,15,0.08984375,,0.014968876320348053,1.4692508573998566,1204,1232896,erdos_renyi,14,3,0,Expectation,sampled
86,87,2.3994140625,12.5927734375,0.8395182291666666,1.0,1.0,15,0.0859375,,0.01488013541235063,0.6267964295033002,1218,1247232,erdos_renyi,14,3,0,Expectation,sampled
87,88,2.361328125,12.564453125,0.8376302083333333,1.0,1.0,15,0.09765625,,0.014792861312304815,1.1471895456984276,1232,1261568,erdos_renyi,14,3,0,Expectation,sampled
88,89,2.361328125,12.5966796875,0.8397786458333333,1.0,1.0,15,0.0947265625,,0.014707014553932862,1.4791040899803438,1246,1275904,erdos_renyi,14,3,0,Expectation,sampled
89,90,2.3916015625,12.626953125,0.841796875,1.0,1.0,15,0.091796875,,0.0146225571338434,0.43288053673274707,1260,1290240,erdos_renyi,14,3,0,Expectation,sampled
90,91,2.2744140625,12.6318359375,0.8421223958333334,1.0,1.0,15,0.11328125,,0.014539452442750376,0.7926932922887943,1274,1304576,erdos_renyi,14,3,0,Expectation,sampled
91,92,2.3271484375,12.6220703125,0.8414713541666666,1.0,1.0,15,0.103515625,,0.014457665200596373,0.9695696900744848,1288,1318912,erdos_renyi,14,3,0,Expectation,sampled
92,93,2.3935546875,12.6533203125,0.8435546875,1.0,1.0,15,0.10546875,,0.014377161395321273,0.8289497155560218,1302,1333248,erdos_renyi,14,3,0,Expectation,sampled
93,94,2.3603515625,12.6142578125,0.8409505208333333,1.0,1.0,15,0.087890625,,0.014297908225037063,0.8609078348521765,1316,1347584,erdos_renyi,14,3,0,Expectation,sampled
94,95,2.46484375,12.6123046875,0.8408203125,1.0,1.0,15,0.0888671875,,0.014219874043387296,0.8251525506671835,1330,1361920,erdos_renyi,14,3,0,Expectation,sampled
95,96,2.431640625,12.619140625,0.8412760416666667,1.0,1.0,15,0.1240234375,,0.014143028307886312,1.1439415776467114,1344,1376256,erdos_renyi,14,3,0,Expectation,sampled
96,97,2.275390625,12.701171875,0.8467447916666667,1.0,1.0,15,0.1103515625,,0.01406734153104827,1.0806951433211178,1358,1390592,erdos_renyi,14,3,0,Expectation,sampled
97,98,2.369140625,12.59765625,0.83984375,1.0,1.0,15,0.0986328125,,0.013992785234129921,0.9804629139517543,1372,1404928,erdos_renyi,14,3,0,Expectation,sampled
98,99,2.3271484375,12.591796875,0.839453125,1.0,1.0,15,0.103515625,,0.013919331903323711,1.4348451728900975,1386,1419264,erdos_renyi,14,3,0,Expectation,sampled
99,100,2.3828125,12.720703125,0.848046875,1.0,1.0,15,0.095703125,,0.01384695494824947,0.9209926714776439,1400,1433600,erdos_renyi,14,3,0,Expectation,sampled
100,101,2.3662109375,12.59765625,0.83984375,1.0,1.0,15,0.095703125,,0.0137756286626037,0.7318011692768608,1414,1447936,erdos_renyi,14,3,0,Expectation,sampled
101,102,2.35546875,12.65625,0.84375,1.0,1.0,15,0.119140625,,0.013705328186835307,0.8638102433964759,1428,1462272,erdos_renyi,14,3,0,Expectation,sampled
102,103,2.3857421875,12.6943359375,0.8462890625,1.0,1.0,15,0.1103515625,,0.013636029472725771,0.40157741415032805,1442,1476608,erdos_renyi,14,3,0,Expectation,sampled
103,104,2.37890625,12.6064453125,0.8404296875,1.0,1.0,15,0.08984375,,0.013567709249760092,0.7586878803596951,1456,1490944,erdos_renyi,14,3,0,Expectation,sampled
104,105,2.361328125,12.6826171875,0.8455078125,1.0,1.0,15,0.1064453125,,0.013500344993182659,0.9900773806145113,1470,1505280,erdos_renyi,14,3,0,Expectation,sampled
105,106,2.2978515625,12.619140625,0.8412760416666667,1.0,1.0,15,0.087890625,,0.013433914893639267,0.5460259522359141,1484,1519616,erdos_renyi,14,3,0,Expectation,sampled
106,107,2.328125,12.595703125,0.8397135416666667,1.0,1.0,15,0.1025390625,,0.013368397828313172,0.7804396432025532,1498,1533952,erdos_renyi,14,3,0,Expectation,sampled
107,108,2.388671875,12.5498046875,0.8366536458333333,1.0,1.0,15,0.0888671875,,0.013303773333469191,1.0613927120230955,1512,1548288,erdos_renyi,14,3,0,Expectation,sampled
108,109,2.3291015625,12.6845703125,0.8456380208333333,1.0,1.0,15,0.10546875,,0.013240021578325444,0.942823427596599,1526,1562624,erdos_renyi,14,3,0,Expectation,sampled
109,110,2.3466796875,12.7353515625,0.8490234375,1.0,1.0,15,0.1162109375,,0.013177123340177664,0.4618335355283053,1540,1576960,erdos_renyi,14,3,0,Expectation,sampled
110,111,2.3994140625,12.6376953125,0.8425130208333333,1.0,1.0,15,0.0986328125,,0.013115059980705803,0.8065135199873357,1554,1591296,erdos_renyi,14,3,0,Expectation,sampled
111,112,2.3115234375,12.599609375,0.8399739583333333,1.0,1.0,15,0.099609375,,0.013053813423397185,0.7298934221198384,1568,1605632,erdos_renyi,14,3,0,Expectation,sampled
112,113,2.28515625,12.634765625,0.8423177083333333,1.0,1.0,15,0.1005859375,,0.01299336613202461,0.7553620982112237,1582,1619968,erdos_renyi,14,3,0,Expectation,sampled
113,114,2.4248046875,12.6171875,0.8411458333333334,1.0,1.0,15,0.1083984375,,0.01293370109012175,0.748321562450018,1596,1634304,erdos_renyi,14,3,0,Expectation,sampled
114,115,2.3173828125,12.7431640625,0.8495442708333333,1.0,1.0,15,0.0986328125,,0.012874801781401725,0.47309187053758384,1610,1648640,erdos_renyi,14,3,0,Expectation,sampled
115,116,2.2861328125,12.5009765625,0.8333984375,1.0,1.0,15,0.095703125,,0.01281665217106813,0.7586074277860627,1624,1662976,erdos_renyi,14,3,0,Expectation,sampled
116,117,2.478515625,12.6552734375,0.8436848958333333,1.0,1.0,15,0.10546875,,0.012759236687970918,1.324866032575543,1638,1677312,erdos_renyi,14,3,0,Expectation,sampled
117,118,2.4443359375,12.66015625,0.8440104166666667,1.0,1.0,15,0.0966796875,,0.012702540207562401,0.513444393248671,1652,1691648,erdos_renyi,14,3,0,Expectation,sampled
118,119,2.318359375,12.572265625,0.8381510416666667,1.0,1.0,15,0.1044921875,,0.012646548035611395,0.6877808430729546,1666,1705984,erdos_renyi,14,3,0,Expectation,sampled
119,120,2.4462890625,12.5869140625,0.8391276041666667,1.0,1.0,15,0.1083984375,,0.012591245892635996,1.0445498936315318,1680,1720320,erdos_renyi,14,3,0,Expectation,sampled
120,121,2.361328125,12.705078125,0.8470052083333334,1.0,1.0,15,0.1015625,,0.012536619899017894,0.6347738881673701,1694,1734656,erdos_renyi,14,3,0,Expectation,sampled
121,122,2.416015625,12.6123046875,0.8408203125,1.0,1.0,15,0.09375,,0.012482656560763254,0.8444725051478487,1708,1748992,erdos_renyi,14,3,0,Expectation,sampled
122,123,2.3974609375,12.6640625,0.8442708333333333,1.0,1.0,15,0.0947265625,,0.012429342755877289,0.8489906601319065,1722,1763328,erdos_renyi,14,3,0,Expectation,sampled
123,124,2.37890625,12.615234375,0.841015625,1.0,1.0,15,0.1064453125,,0.012376665721321565,0.4414937430572388,1736,1777664,erdos_renyi,14,3,0,Expectation,sampled
124,125,2.3505859375,12.6376953125,0.8425130208333333,1.0,1.0,15,0.0888671875,,0.01232461304052482,0.6804083148033359,1750,1792000,erdos_renyi,14,3,0,Expectation,sampled
125,126,2.326171875,12.4892578125,0.8326171875,1.0,1.0,15,0.0849609375,,0.012273172631419808,0.6185927990903431,1764,1806336,erdos_renyi,14,3,0,Expectation,sampled
126,127,2.3486328125,12.5888671875,0.8392578125,1.0,1.0,15,0.0927734375,,0.012222332734980218,0.8223375302586369,1778,1820672,erdos_renyi,14,3,0,Expectation,sampled
127,128,2.4326171875,12.587890625,0.8391927083333334,1.0,1.0,15,0.1171875,,0.01217208190423316,0.7695225749035131,1792,1835008,erdos_renyi,14,3,0,Expectation,sampled
128,129,2.2998046875,12.6103515625,0.8406901041666667,1.0,1.0,15,0.0927734375,,0.012122408993724132,0.545514840348124,1806,1849344,erdos_renyi,14,3,0,Expectation,sampled
129,130,2.30078125,12.765625,0.8510416666666667,1.0,1.0,15,0.1103515625,,0.01207330314941262,0.845739773491428,1820,1863680,erdos_renyi,14,3,0,Expectation,sampled
130,131,2.4462890625,12.544921875,0.836328125,1.0,1.0,15,0.1005859375,,0.012024753798977729,1.0794267397497692,1834,1878016,erdos_renyi,14,3,0,Expectation,sampled
131,132,2.4365234375,12.67578125,0.8450520833333334,1.0,1.0,15,0.09765625,,0.01197675064251431,0.991403344933933,1848,1892352,erdos_renyi,14,3,0,Expectation,sampled
132,133,2.4091796875,12.5947265625,0.8396484375,1.0,1.0,15,0.09765625,,0.011929283643601222,0.9997753844724183,1862,1906688,erdos_renyi,14,3,0,Expectation,sampled
133,134,2.365234375,12.5869140625,0.8391276041666667,1.0,1.0,15,0.095703125,,0.011882343020724202,1.305811962804043,1876,1921024,erdos_renyi,14,3,0,Expectation,sampled
134,135,2.369140625,12.66015625,0.8440104166666667,1.0,1.0,15,0.1064453125,,0.011835919239036926,0.5982009300579263,1890,1935360,erdos_renyi,14,3,0,Expectation,sampled
135,136,2.369140625,12.578125,0.8385416666666666,1.0,1.0,15,0.0966796875,,0.01179000300244458,0.9252284206130169,1904,1949696,erdos_renyi,14,3,0,Expectation,sampled
136,137,2.3369140625,12.724609375,0.8483072916666666,1.0,1.0,15,0.1015625,,0.011744585245995169,0.787802114512813,1918,1964032,erdos_renyi,14,3,0,Expectation,sampled
137,138,2.4013671875,12.6171875,0.8411458333333334,1.0,1.0,15,0.1005859375,,0.011699657128564548,0.5061364317300368,1932,1978368,erdos_renyi,14,3,0,Expectation,sampled
138,139,2.3095703125,12.54296875,0.8361979166666667,1.0,1.0,15,0.091796875,,0.011655210025821865,0.9808217663165272,1946,1992704,erdos_renyi,14,3,0,Expectation,sampled
139,140,2.3759765625,12.591796875,0.839453125,1.0,1.0,15,0.083984375,,0.01161123552346284,0.7946842972679263,1960,2007040,erdos_renyi,14,3,0,Expectation,sampled
140,141,2.4365234375,12.638671875,0.842578125,1.0,1.0,15,0.1005859375,,0.011567725410698912,0.5447459603484157,1974,2021376,erdos_renyi,14,3,0,Expectation,sampled
141,142,2.3330078125,12.5751953125,0.8383463541666667,1.0,1.0,15,0.08203125,,0.011524671673990919,0.8001068997486465,1988,2035712,erdos_renyi,14,3,0,Expectation,sampled
142,143,2.24609375,12.6357421875,0.8423828125,1.0,1.0,15,0.109375,,0.011482066491016544,1.3271416108865999,2002,2050048,erdos_renyi,14,3,0,Expectation,sampled
143,144,2.34375,12.6259765625,0.8417317708333333,1.0,1.0,15,0.0927734375,,0.011439902224861298,1.4809637123005002,2016,2064384,erdos_renyi,14,3,0,Expectation,sampled
144,145,2.365234375,12.7236328125,0.8482421875,1.0,1.0,15,0.08984375,,0.011398171418423348,1.5912449915613074,2030,2078720,erdos_renyi,14,3,0,Expectation,sampled
145,146,2.291015625,12.671875,0.8447916666666667,1.0,1.0,15,0.103515625,,0.01135686678902293,0.7844818407221744,2044,2093056,erdos_renyi,14,3,0,Expectation,sampled
146,147,2.34375,12.615234375,0.841015625,1.0,1.0,15,0.0908203125,,0.011315981223207603,0.6860572241223815,2058,2107392,erdos_renyi,14,3,0,Expectation,sampled
147,148,2.3095703125,12.494140625,0.8329427083333333,1.0,1.0,15,0.09765625,,0.01127550777174499,0.5408075807119095,2072,2121728,erdos_renyi,14,3,0,Expectation,sampled
148,149,2.3544921875,12.6005859375,0.8400390625,1.0,1.0,15,0.1025390625,,0.011235439644795077,0.6174501270741048,2086,2136064,erdos_renyi,14,3,0,Expectation,sampled
149,150,2.3466796875,12.67578125,0.8450520833333334,1.0,1.0,15,0.1015625,,0.011195770207254515,1.3048921527365538,2100,2150400,erdos_renyi,14,3,0,Expectation,sampled
150,1,2.2409266902326825,7.806640625,0.5204427083333333,0.9333333333333333,0.9333333333333333,14,0.0,5.0,0.05611460341634034,2.5,14,14336,erdos_renyi,14,3,0,QTL gamma=5.0,sampled
151,2,3.0220942169460936,7.810546875,0.520703125,0.9333333333333333,0.9333333333333333,14,0.0,5.0,0.052141116572151626,2.5000000000000004,28,28672,erdos_renyi,14,3,0,QTL gamma=5.0,sampled
152,3,2.3768916723869786,7.837890625,0.5225260416666667,0.8666666666666667,0.9333333333333333,14,0.0,5.0,0.04887046144585974,2.5,42,43008,erdos_renyi,14,3,0,QTL gamma=5.0,sampled
153,4,2.3847678505669165,7.8955078125,0.5263671875,0.9333333333333333,0.9333333333333333,14,0.0,5.0,0.04611899342069105,2.5,56,57344,erdos_renyi,14,3,0,QTL gamma=5.0,sampled
154,5,2.2442329989331706,7.7939453125,0.5195963541666667,0.9333333333333333,0.9333333333333333,14,0.0,5.0,0.04376368093675554,2.5,70,71680,erdos_renyi,14,3,0,QTL gamma=5.0,sampled
155,6,3.2306054534077235,7.8505859375,0.5233723958333333,0.9333333333333333,0.9333333333333333,14,0.0,5.0,0.04171863926472807,2.5,84,86016,erdos_renyi,14,3,0,QTL gamma=5.0,sampled
156,7,2.1638339600257415,7.806640625,0.5204427083333333,0.9333333333333333,0.9333333333333333,14,0.0,5.0,0.03992187919993745,2.5,98,100352,erdos_renyi,14,3,0,QTL gamma=5.0,sampled
157,8,2.165602373191545,7.833984375,0.522265625,1.0,1.0,15,0.0009765625,5.0,0.03832740362926432,2.5000000000000004,112,114688,erdos_renyi,14,3,0,QTL gamma=5.0,sampled
158,9,2.244900814004149,7.7041015625,0.5136067708333333,0.8666666666666667,1.0,15,0.0,5.0,0.03690027709912508,2.5,126,129024,erdos_renyi,14,3,0,QTL gamma=5.0,sampled
159,10,3.2319143146196816,7.7802734375,0.5186848958333333,0.8666666666666667,1.0,15,0.0,5.0,0.03561343213484143,2.5,140,143360,erdos_renyi,14,3,0,QTL gamma=5.0,sampled
160,11,1.247627771330332,7.748046875,0.5165364583333333,1.0,1.0,15,0.0009765625,5.0,0.03444553330951236,0.7694223051199042,154,157696,erdos_renyi,14,3,0,QTL gamma=5.0,sampled
161,12,2.3821110752500774,7.8076171875,0.5205078125,0.9333333333333333,1.0,15,0.0,5.0,0.03337950885060401,2.5,168,172032,erdos_renyi,14,3,0,QTL gamma=5.0,sampled
162,13,1.3849234885490518,7.7275390625,0.5151692708333333,1.0,1.0,15,0.0009765625,5.0,0.032401516671269545,2.5,182,186368,erdos_renyi,14,3,0,QTL gamma=5.0,sampled
163,14,2.3808492529776233,7.673828125,0.5115885416666667,0.9333333333333333,1.0,15,0.0,5.0,0.03150020080682754,0.9440357650936552,196,200704,erdos_renyi,14,3,0,QTL gamma=5.0,sampled
164,15,2.383497569646891,7.6982421875,0.5132161458333333,0.9333333333333333,1.0,15,0.0,5.0,0.030666146624426335,2.5,210,215040,erdos_renyi,14,3,0,QTL gamma=5.0,sampled
165,16,3.3702605001808963,7.595703125,0.5063802083333333,0.8666666666666667,1.0,15,0.0,5.0,0.029891474971681493,2.5,224,229376,erdos_renyi,14,3,0,QTL gamma=5.0,sampled
166,17,3.1062872096451573,7.568359375,0.5045572916666666,0.9333333333333333,1.0,15,0.0,5.0,0.02916953528024902,2.4999999999999996,238,243712,erdos_renyi,14,3,0,QTL gamma=5.0,sampled
167,18,2.382155841738558,7.5732421875,0.5048828125,1.0,1.0,15,0.0009765625,5.0,0.028494670346316572,2.5,252,258048,erdos_renyi,14,3,0,QTL gamma=5.0,sampled
168,19,3.1039439696508966,7.482421875,0.498828125,0.9333333333333333,1.0,15,0.0,5.0,0.027862033827952944,2.5,266,272384,erdos_renyi,14,3,0,QTL gamma=5.0,sampled
169,20,3.1598057405714086,7.54296875,0.5028645833333333,0.9333333333333333,1.0,15,0.0,5.0,0.02726744705620026,2.5,280,286720,erdos_renyi,14,3,0,QTL gamma=5.0,sampled
170,21,3.061098988802283,7.50390625,0.5002604166666667,0.8666666666666667,1.0,15,0.0,5.0,0.02670728553818315,2.5,294,301056,erdos_renyi,14,3,0,QTL gamma=5.0,sampled
171,22,2.246919008841238,7.5068359375,0.5004557291666667,0.8666666666666667,1.0,15,0.0,5.0,0.026178388147224792,2.5000000000000004,308,315392,erdos_renyi,14,3,0,QTL gamma=5.0,sampled
172,23,1.386284469298478,7.5419921875,0.5027994791666667,0.8666666666666667,1.0,15,0.0,5.0,0.02567798383376367,2.5,322,329728,erdos_renyi,14,3,0,QTL gamma=5.0,sampled
173,24,3.1593981775088986,7.5986328125,0.5065755208333333,0.8666666666666667,1.0,15,0.0,5.0,0.025203632001398576,2.5,336,344064,erdos_renyi,14,3,0,QTL gamma=5.0,sampled
174,25,2.378225719069583,7.5859375,0.5057291666666667,0.9333333333333333,1.0,15,0.0,5.0,0.024753173638664798,2.5,350,358400,erdos_renyi,14,3,0,QTL gamma=5.0,sampled
175,26,3.369045017441543,7.587890625,0.505859375,0.8666666666666667,1.0,15,0.0,5.0,0.024324690988692013,2.5000000000000004,364,372736,erdos_renyi,14,3,0,QTL gamma=5.0,sampled
176,27,3.354789000447108,7.6962890625,0.5130859375,0.8666666666666667,1.0,15,0.0,5.0,0.023916474049968137,2.5,378,387072,erdos_renyi,14,3,0,QTL gamma=5.0,sampled
177,28,2.3807773858308354,7.7685546875,0.5179036458333334,0.9333333333333333,1.0,15,0.0,5.0,0.023526992583084178,1.5004439065284982,392,401408,erdos_renyi,14,3,0,QTL gamma=5.0,sampled
178,29,3.156736610888377,7.69140625,0.5127604166666667,1.0,1.0,15,0.0009765625,5.0,0.023154872586119153,2.4999999999999996,406,415744,erdos_renyi,14,3,0,QTL gamma=5.0,sampled
179,30,2.3795063233654115,7.798828125,0.519921875,0.9333333333333333,1.0,15,0.0,5.0,0.022798876420307364,2.5,420,430080,erdos_renyi,14,3,0,QTL gamma=5.0,sampled
180,31,3.2288198079696384,7.900390625,0.5266927083333334,0.9333333333333333,1.0,15,0.0,5.0,0.02245788593568579,2.5,434,444416,erdos_renyi,14,3,0,QTL gamma=5.0,sampled
181,32,2.37945223952316,7.9501953125,0.5300130208333333,0.9333333333333333,1.0,15,0.0,5.0,0.022130888076426436,2.5,448,458752,erdos_renyi,14,3,0,QTL gamma=5.0,sampled
182,33,3.0233969385666297,7.8525390625,0.5235026041666667,0.9333333333333333,1.0,15,0.0,5.0,0.021816962546890622,2.5000000000000004,462,473088,erdos_renyi,14,3,0,QTL gamma=5.0,sampled
183,34,2.3729685874707864,7.8984375,0.5265625,0.9333333333333333,1.0,15,0.0,5.0,0.021515271198986854,2.5,476,487424,erdos_renyi,14,3,0,QTL gamma=5.0,sampled
184,35,2.9658493522934926,7.7734375,0.5182291666666666,1.0,1.0,15,0.0009765625,5.0,0.0212250488642747,2.5000000000000004,490,501760,erdos_renyi,14,3,0,QTL gamma=5.0,sampled
185,36,2.379452653035524,7.7021484375,0.5134765625,0.8666666666666667,1.0,15,0.0,5.0,0.020945595404249645,2.5,504,516096,erdos_renyi,14,3,0,QTL gamma=5.0,sampled
186,37,1.3849315862373728,7.87109375,0.5247395833333334,0.8666666666666667,1.0,15,0.0,5.0,0.02067626879224137,2.5,518,530432,erdos_renyi,14,3,0,QTL gamma=5.0,sampled
187,38,3.2388321018124495,7.8388671875,0.5225911458333333,0.9333333333333333,1.0,15,0.0,5.0,0.020416479072541682,2.5,532,544768,erdos_renyi,14,3,0,QTL gamma=5.0,sampled
188,39,1.384868901691593,7.7646484375,0.5176432291666667,0.9333333333333333,1.0,15,0.0,5.0,0.020165683068415246,2.5,546,559104,erdos_renyi,14,3,0,QTL gamma=5.0,sampled
189,40,2.3794349930261127,7.7119140625,0.5141276041666667,0.9333333333333333,1.0,15,0.0,5.0,0.01992337973181888,2.4999999999999996,560,573440,erdos_renyi,14,3,0,QTL gamma=5.0,sampled
190,41,1.3849229375762095,7.7353515625,0.5156901041666667,0.8666666666666667,1.0,15,0.0,5.0,0.01968910604495719,1.632753364932118,574,587776,erdos_renyi,14,3,0,QTL gamma=5.0,sampled
191,42,1.3835622015908269,7.7490234375,0.5166015625,1.0,1.0,15,0.0009765625,5.0,0.019462433398007073,2.5,588,602112,erdos_renyi,14,3,0,QTL gamma=5.0,sampled
192,43,2.3755582811944675,7.693359375,0.512890625,0.9333333333333333,1.0,15,0.0,5.0,0.01924296437905817,2.5,602,616448,erdos_renyi,14,3,0,QTL gamma=5.0,sampled
193,44,2.921187961158644,7.7587890625,0.5172526041666666,0.9333333333333333,1.0,15,0.0,5.0,0.019030329922018245,2.5,616,630784,erdos_renyi,14,3,0,QTL gamma=5.0,sampled
194,45,3.098098169692803,7.724609375,0.5149739583333334,0.8666666666666667,1.0,15,0.0,5.0,0.01882418676630037,2.5000000000000004,630,645120,erdos_renyi,14,3,0,QTL gamma=5.0,sampled
195,46,1.3848685864908594,7.9130859375,0.5275390625,0.9333333333333333,1.0,15,0.0,5.0,0.018624215188844346,2.5000000000000004,644,659456,erdos_renyi,14,3,0,QTL gamma=5.0,sampled
196,47,3.0600445827561913,7.888671875,0.5259114583333333,0.9333333333333333,1.0,15,0.0,5.0,0.01843011697466868,2.5,658,673792,erdos_renyi,14,3,0,QTL gamma=5.0,sampled
197,48,1.3808940509448937,7.8671875,0.5244791666666667,1.0,1.0,15,0.001953125,5.0,0.018241613596896335,1.3450064617490016,672,688128,erdos_renyi,14,3,0,QTL gamma=5.0,sampled
198,49,1.3848503068660496,7.8583984375,0.5238932291666667,0.9333333333333333,1.0,15,0.0,5.0,0.018058444581202638,2.5,686,702464,erdos_renyi,14,3,0,QTL gamma=5.0,sampled
199,50,1.2469320644285045,7.931640625,0.5287760416666667,0.9333333333333333,1.0,15,0.0,5.0,0.017880366033025587,2.5,700,716800,erdos_renyi,14,3,0,QTL gamma=5.0,sampled
200,51,2.160287696041206,7.9873046875,0.5324869791666667,1.0,1.0,15,0.0009765625,5.0,0.017707149308759176,2.4401251161446393,714,731136,erdos_renyi,14,3,0,QTL gamma=5.0,sampled
201,52,1.3821833088899003,8.1279296875,0.5418619791666667,1.0,1.0,15,0.001953125,5.0,0.01753857981460487,2.5,728,745472,erdos_renyi,14,3,0,QTL gamma=5.0,sampled
202,53,1.3808938658355667,8.052734375,0.5368489583333333,1.0,1.0,15,0.001953125,5.0,0.01737445591885347,1.6218194387217817,742,759808,erdos_renyi,14,3,0,QTL gamma=5.0,sampled
203,54,2.1589506736643034,8.060546875,0.5373697916666667,1.0,1.0,15,0.0029296875,5.0,0.017214587965166905,2.5,756,774144,erdos_renyi,14,3,0,QTL gamma=5.0,sampled
204,55,1.378181767346319,8.1884765625,0.5458984375,1.0,1.0,15,0.0029296875,5.0,0.017058797375973902,2.1205982294627126,770,788480,erdos_renyi,14,3,0,QTL gamma=5.0,sampled
205,56,1.1063327274124959,8.3505859375,0.5567057291666667,1.0,1.0,15,0.001953125,5.0,0.016906915836423893,1.0781466766222887,784,802816,erdos_renyi,14,3,0,QTL gamma=5.0,sampled
206,57,1.0627576850829454,8.36328125,0.5575520833333333,1.0,1.0,15,0.0048828125,5.0,0.016758784550493153,2.5000000000000004,798,817152,erdos_renyi,14,3,0,QTL gamma=5.0,sampled
207,58,0.9959225835036534,8.5625,0.5708333333333333,1.0,1.0,15,0.00390625,5.0,0.016614253561832087,2.5,812,831488,erdos_renyi,14,3,0,QTL gamma=5.0,sampled
208,59,0.9244040646250964,8.8818359375,0.5921223958333334,1.0,1.0,15,0.00390625,5.0,0.016473181132806772,2.039402760687778,826,845824,erdos_renyi,14,3,0,QTL gamma=5.0,sampled
209,60,0.9438506179091988,8.9912109375,0.5994140625,1.0,1.0,15,0.009765625,5.0,0.016335433175939156,1.703525386577548,840,860160,erdos_renyi,14,3,0,QTL gamma=5.0,sampled
210,61,0.8722458198943274,9.2080078125,0.6138671875,1.0,1.0,15,0.0126953125,5.0,0.01620088273260578,2.0015127265408634,854,874496,erdos_renyi,14,3,0,QTL gamma=5.0,sampled
211,62,0.9671686978108415,9.2412109375,0.6160807291666667,1.0,1.0,15,0.013671875,5.0,0.016069409494427533,2.5,868,888832,erdos_renyi,14,3,0,QTL gamma=5.0,sampled
212,63,0.8177207914362798,9.4970703125,0.6331380208333334,1.0,1.0,15,0.0107421875,5.0,0.015940899363284345,1.6878787773228978,882,903168,erdos_renyi,14,3,0,QTL gamma=5.0,sampled
213,64,0.785769763528539,9.7578125,0.6505208333333333,1.0,1.0,15,0.0126953125,5.0,0.015815244046328763,1.4524826256718733,896,917504,erdos_renyi,14,3,0,QTL gamma=5.0,sampled
214,65,0.8046928990198842,9.7890625,0.6526041666666667,1.0,1.0,15,0.015625,5.0,0.015692340682759164,1.0280454087286608,910,931840,erdos_renyi,14,3,0,QTL gamma=5.0,sampled
215,66,0.7944059593142593,10.0341796875,0.6689453125,1.0,1.0,15,0.0185546875,5.0,0.015572091499454203,1.938464739470031,924,946176,erdos_renyi,14,3,0,QTL gamma=5.0,sampled
216,67,0.6916098479085172,10.0244140625,0.6682942708333334,1.0,1.0,15,0.017578125,5.0,0.015454403492870599,1.4667837387795555,938,960512,erdos_renyi,14,3,0,QTL gamma=5.0,sampled
217,68,0.6681827584131704,10.298828125,0.6865885416666667,1.0,1.0,15,0.0341796875,5.0,0.015339188134872572,1.0554940243433024,952,974848,erdos_renyi,14,3,0,QTL gamma=5.0,sampled
218,69,0.7320543138404056,10.306640625,0.687109375,1.0,1.0,15,0.0234375,5.0,0.015226361100396331,0.7964951773057498,966,989184,erdos_renyi,14,3,0,QTL gamma=5.0,sampled
219,70,0.6969067736618576,10.6162109375,0.7077473958333333,1.0,1.0,15,0.033203125,5.0,0.015115842015062176,1.1996375130253591,980,1003520,erdos_renyi,14,3,0,QTL gamma=5.0,sampled
220,71,0.6679919710127813,10.4775390625,0.6985026041666667,1.0,1.0,15,0.0263671875,5.0,0.015007554221032336,0.8941162350427306,994,1017856,erdos_renyi,14,3,0,QTL gamma=5.0,sampled
221,72,0.6319050631020942,10.7158203125,0.7143880208333333,1.0,1.0,15,0.0341796875,5.0,0.014901424559577747,1.1383966745246643,1008,1032192,erdos_renyi,14,3,0,QTL gamma=5.0,sampled
222,73,0.6901331344645476,10.7685546875,0.7179036458333333,1.0,1.0,15,0.0185546875,5.0,0.014797383168964543,0.754313972625139,1022,1046528,erdos_renyi,14,3,0,QTL gamma=5.0,sampled
223,74,0.702009929937083,10.7685546875,0.7179036458333333,1.0,1.0,15,0.0341796875,5.0,0.014695363296402227,0.8731693654202722,1036,1060864,erdos_renyi,14,3,0,QTL gamma=5.0,sampled
224,75,0.6363337554026509,10.8603515625,0.7240234375,1.0,1.0,15,0.046875,5.0,0.014595301122913278,0.566030461776746,1050,1075200,erdos_renyi,14,3,0,QTL gamma=5.0,sampled
225,76,0.5901343082374997,11.01171875,0.7341145833333333,1.0,1.0,15,0.0361328125,5.0,0.014497135600089204,1.2052573292151851,1064,1089536,erdos_renyi,14,3,0,QTL gamma=5.0,sampled
226,77,0.670730028579011,11.0048828125,0.7336588541666667,1.0,1.0,15,0.0361328125,5.0,0.014400808297792292,0.848933876022191,1078,1103872,erdos_renyi,14,3,0,QTL gamma=5.0,sampled
227,78,0.6266200992237565,11.0751953125,0.7383463541666667,1.0,1.0,15,0.05859375,5.0,0.014306263261947436,0.5387122252133667,1092,1118208,erdos_renyi,14,3,0,QTL gamma=5.0,sampled
228,79,0.6606692404496963,11.23046875,0.7486979166666666,1.0,1.0,15,0.0361328125,5.0,0.014213446881644172,0.6738735304991298,1106,1132544,erdos_renyi,14,3,0,QTL gamma=5.0,sampled
229,80,0.5972191548612968,11.1865234375,0.7457682291666666,1.0,1.0,15,0.037109375,5.0,0.014122307764838148,0.8475811905209704,1120,1146880,erdos_renyi,14,3,0,QTL gamma=5.0,sampled
230,81,0.5891776228264638,11.23828125,0.74921875,1.0,1.0,15,0.0322265625,5.0,0.01403279662200277,1.0521427461986441,1134,1161216,erdos_renyi,14,3,0,QTL gamma=5.0,sampled
231,82,0.6013107359420391,11.3994140625,0.7599609375,1.0,1.0,15,0.0498046875,5.0,0.013944866157137793,0.48770875053375434,1148,1175552,erdos_renyi,14,3,0,QTL gamma=5.0,sampled
232,83,0.6449703610968756,11.4052734375,0.7603515625,1.0,1.0,15,0.0419921875,5.0,0.01385847096559201,0.8425888569877659,1162,1189888,erdos_renyi,14,3,0,QTL gamma=5.0,sampled
233,84,0.5819983712832931,11.5,0.7666666666666667,1.0,1.0,15,0.0517578125,5.0,0.013773567438202865,0.5906099347989229,1176,1204224,erdos_renyi,14,3,0,QTL gamma=5.0,sampled
234,85,0.5643193231509926,11.380859375,0.7587239583333333,1.0,1.0,15,0.0498046875,5.0,0.013690113671297167,0.44179716256512885,1190,1218560,erdos_renyi,14,3,0,QTL gamma=5.0,sampled
235,86,0.6085087454213358,11.5205078125,0.7680338541666667,1.0,1.0,15,0.0322265625,5.0,0.013608069382134592,0.30383875221138684,1204,1232896,erdos_renyi,14,3,0,QTL gamma=5.0,sampled
236,87,0.6007265950932045,11.60546875,0.7736979166666667,1.0,1.0,15,0.046875,5.0,0.013527395829409664,0.6247864425311092,1218,1247232,erdos_renyi,14,3,0,QTL gamma=5.0,sampled
237,88,0.6129801711087197,11.4892578125,0.7659505208333334,1.0,1.0,15,0.0361328125,5.0,0.013448055738458921,0.36711885531929633,1232,1261568,erdos_renyi,14,3,0,QTL gamma=5.0,sampled
238,89,0.5580117545351186,11.453125,0.7635416666666667,1.0,1.0,15,0.0517578125,5.0,0.013370013230848056,0.5890618426698713,1246,1275904,erdos_renyi,14,3,0,QTL gamma=5.0,sampled
239,90,0.555486011913868,11.595703125,0.773046875,1.0,1.0,15,0.0498046875,5.0,0.013293233758039452,0.30824253292262593,1260,1290240,erdos_renyi,14,3,0,QTL gamma=5.0,sampled
240,91,0.5518112610200107,11.5185546875,0.7679036458333334,1.0,1.0,15,0.0517578125,5.0,0.013217684038863977,0.2708176770427241,1274,1304576,erdos_renyi,14,3,0,QTL gamma=5.0,sampled
241,92,0.5857342338027265,11.5478515625,0.7698567708333334,1.0,1.0,15,0.048828125,5.0,0.013143332000542155,0.20220054118992603,1288,1318912,erdos_renyi,14,3,0,QTL gamma=5.0,sampled
242,93,0.6089232371777592,11.5146484375,0.7676432291666667,1.0,1.0,15,0.0576171875,5.0,0.013070146723019338,0.20914839950870162,1302,1333248,erdos_renyi,14,3,0,QTL gamma=5.0,sampled
243,94,0.5959425905484537,11.587890625,0.7725260416666667,1.0,1.0,15,0.0537109375,5.0,0.012998098386397329,0.3470990588824185,1316,1347584,erdos_renyi,14,3,0,QTL gamma=5.0,sampled
244,95,0.5968522145042107,11.5517578125,0.7701171875,1.0,1.0,15,0.041015625,5.0,0.012927158221261177,0.514152242767099,1330,1361920,erdos_renyi,14,3,0,QTL gamma=5.0,sampled
245,96,0.6211187976186369,11.63671875,0.77578125,1.0,1.0,15,0.0595703125,5.0,0.012857298461714827,0.32484801900678373,1344,1376256,erdos_renyi,14,3,0,QTL gamma=5.0,sampled
246,97,0.6000806066612535,11.5205078125,0.7680338541666667,1.0,1.0,15,0.048828125,5.0,0.012788492300952971,0.36002179331821993,1358,1390592,erdos_renyi,14,3,0,QTL gamma=5.0,sampled
247,98,0.6128353796203961,11.6025390625,0.7735026041666667,1.0,1.0,15,0.0537109375,5.0,0.012720713849209017,0.3681422445033054,1372,1404928,erdos_renyi,14,3,0,QTL gamma=5.0,sampled
248,99,0.6038881917692626,11.59765625,0.7731770833333333,1.0,1.0,15,0.044921875,5.0,0.012653938093930646,0.49550476848251257,1386,1419264,erdos_renyi,14,3,0,QTL gamma=5.0,sampled
249,100,0.564850138696132,11.7158203125,0.7810546875,1.0,1.0,15,0.060546875,5.0,0.012588140862044971,0.23234982910011323,1400,1433600,erdos_renyi,14,3,0,QTL gamma=5.0,sampled
250,101,0.6251981673422816,11.599609375,0.7733072916666667,1.0,1.0,15,0.052734375,5.0,0.01252329878418518,0.24781196270001168,1414,1447936,erdos_renyi,14,3,0,QTL gamma=5.0,sampled
251,102,0.5458559652690026,11.5966796875,0.7731119791666666,1.0,1.0,15,0.052734375,5.0,0.012459389260759368,0.2616667047379129,1428,1462272,erdos_renyi,14,3,0,QTL gamma=5.0,sampled
252,103,0.6544759635835976,11.6474609375,0.7764973958333333,1.0,1.0,15,0.0556640625,5.0,0.0123963904297507,0.2275196891607662,1442,1476608,erdos_renyi,14,3,0,QTL gamma=5.0,sampled
253,104,0.612052338671268,11.5634765625,0.7708984375,1.0,1.0,15,0.0478515625,5.0,0.012334281136145537,0.37763679428076274,1456,1490944,erdos_renyi,14,3,0,QTL gamma=5.0,sampled
254,105,0.5887716313674893,11.7060546875,0.7804036458333333,1.0,1.0,15,0.05859375,5.0,0.012273040902893325,0.39871688477877426,1470,1505280,erdos_renyi,14,3,0,QTL gamma=5.0,sampled
255,106,0.5339081441863941,11.568359375,0.7712239583333333,1.0,1.0,15,0.0439453125,5.0,0.012212649903308424,0.43145714645292665,1484,1519616,erdos_renyi,14,3,0,QTL gamma=5.0,sampled
256,107,0.592539504515522,11.64453125,0.7763020833333333,1.0,1.0,15,0.0537109375,5.0,0.012153088934830155,0.4451370981888813,1498,1533952,erdos_renyi,14,3,0,QTL gamma=5.0,sampled
257,108,0.5579222821114086,11.6513671875,0.7767578125,1.0,1.0,15,0.052734375,5.0,0.0120943393940629,0.459208468163783,1512,1548288,erdos_renyi,14,3,0,QTL gamma=5.0,sampled
258,109,0.6301268922127761,11.6611328125,0.7774088541666667,1.0,1.0,15,0.0634765625,5.0,0.01203638325302313,0.2346286263923773,1526,1562624,erdos_renyi,14,3,0,QTL gamma=5.0,sampled
259,110,0.5777984415017817,11.75,0.7833333333333333,1.0,1.0,15,0.068359375,5.0,0.011979203036525148,0.3833116462066765,1540,1576960,erdos_renyi,14,3,0,QTL gamma=5.0,sampled
260,111,0.5855597144342681,11.5859375,0.7723958333333333,1.0,1.0,15,0.046875,5.0,0.011922781800641638,0.485951495042486,1554,1591296,erdos_renyi,14,3,0,QTL gamma=5.0,sampled
261,112,0.5518886380689491,11.66796875,0.7778645833333333,1.0,1.0,15,0.0595703125,5.0,0.011867103112179258,0.2247013990903635,1568,1605632,erdos_renyi,14,3,0,QTL gamma=5.0,sampled
262,113,0.577919119140311,11.77734375,0.78515625,1.0,1.0,15,0.0625,5.0,0.01181215102911328,0.15637220884152153,1582,1619968,erdos_renyi,14,3,0,QTL gamma=5.0,sampled
263,114,0.6296995680943931,11.611328125,0.7740885416666666,1.0,1.0,15,0.0537109375,5.0,0.011757910081928861,0.25284025804879046,1596,1634304,erdos_renyi,14,3,0,QTL gamma=5.0,sampled
264,115,0.5486068202516969,11.7275390625,0.7818359375,1.0,1.0,15,0.0498046875,5.0,0.011704365255819749,0.22518757255541624,1610,1648640,erdos_renyi,14,3,0,QTL gamma=5.0,sampled
265,116,0.5744763515525324,11.5849609375,0.7723307291666667,1.0,1.0,15,0.0576171875,5.0,0.011651501973698299,0.3904360090519202,1624,1662976,erdos_renyi,14,3,0,QTL gamma=5.0,sampled
266,117,0.6543059907437103,11.5791015625,0.7719401041666667,1.0,1.0,15,0.056640625,5.0,0.011599306079973561,0.3567600441452398,1638,1677312,erdos_renyi,14,3,0,QTL gamma=5.0,sampled
267,118,0.5890189951275994,11.677734375,0.778515625,1.0,1.0,15,0.05078125,5.0,0.011547763825056727,0.24564727154355445,1652,1691648,erdos_renyi,14,3,0,QTL gamma=5.0,sampled
268,119,0.545474973818961,11.609375,0.7739583333333333,1.0,1.0,15,0.0439453125,5.0,0.011496861850555812,0.21638815466207562,1666,1705984,erdos_renyi,14,3,0,QTL gamma=5.0,sampled
269,120,0.5704465812017774,11.6904296875,0.7793619791666667,1.0,1.0,15,0.0546875,5.0,0.011446587175123632,0.24383173542920836,1680,1720320,erdos_renyi,14,3,0,QTL gamma=5.0,sampled
270,121,0.5884945739715031,11.7080078125,0.7805338541666667,1.0,1.0,15,0.0576171875,5.0,0.011396927180925357,0.19141817419426532,1694,1734656,erdos_renyi,14,3,0,QTL gamma=5.0,sampled
271,122,0.6086944721366309,11.607421875,0.773828125,1.0,1.0,15,0.0400390625,5.0,0.011347869600693866,0.41054119935693334,1708,1748992,erdos_renyi,14,3,0,QTL gamma=5.0,sampled
272,123,0.592381808823052,11.7255859375,0.7817057291666667,1.0,1.0,15,0.0439453125,5.0,0.01129940250534299,0.11277264683703732,1722,1763328,erdos_renyi,14,3,0,QTL gamma=5.0,sampled
273,124,0.6002672223823903,11.6669921875,0.7777994791666667,1.0,1.0,15,0.060546875,5.0,0.011251514292110514,0.36410720615591874,1736,1777664,erdos_renyi,14,3,0,QTL gamma=5.0,sampled
274,125,0.5886413549209827,11.7060546875,0.7804036458333333,1.0,1.0,15,0.044921875,5.0,0.01120419367320438,0.45701581355045523,1750,1792000,erdos_renyi,14,3,0,QTL gamma=5.0,sampled
275,126,0.5930201201527406,11.6806640625,0.7787109375,1.0,1.0,15,0.048828125,5.0,0.011157429664927098,0.27759351069944077,1764,1806336,erdos_renyi,14,3,0,QTL gamma=5.0,sampled
276,127,0.6297263198699937,11.8388671875,0.7892578125,1.0,1.0,15,0.0546875,5.0,0.011111211577254743,0.09709622057573732,1778,1820672,erdos_renyi,14,3,0,QTL gamma=5.0,sampled
277,128,0.604638785075457,11.69140625,0.7794270833333333,1.0,1.0,15,0.0732421875,5.0,0.011065529003848327,0.46008541627652827,1792,1835008,erdos_renyi,14,3,0,QTL gamma=5.0,sampled
278,129,0.5547843282382006,11.6513671875,0.7767578125,1.0,1.0,15,0.04296875,5.0,0.011020371812476483,0.19057049385985964,1806,1849344,erdos_renyi,14,3,0,QTL gamma=5.0,sampled
279,130,0.5819420821006516,11.724609375,0.781640625,1.0,1.0,15,0.0537109375,5.0,0.010975730135829654,0.45562145247487046,1820,1863680,erdos_renyi,14,3,0,QTL gamma=5.0,sampled
280,131,0.6000846543898958,11.8046875,0.7869791666666667,1.0,1.0,15,0.0419921875,5.0,0.010931594362707025,0.5204916915889687,1834,1878016,erdos_renyi,14,3,0,QTL gamma=5.0,sampled
281,132,0.5887414086368388,11.8115234375,0.7874348958333334,1.0,1.0,15,0.052734375,5.0,0.010887955129558462,0.30846313789544855,1848,1892352,erdos_renyi,14,3,0,QTL gamma=5.0,sampled
282,133,0.5777322613870445,11.720703125,0.7813802083333333,1.0,1.0,15,0.0537109375,5.0,0.010844803312364745,0.29380487619944085,1862,1906688,erdos_renyi,14,3,0,QTL gamma=5.0,sampled
283,134,0.6030488529302142,11.58984375,0.77265625,1.0,1.0,15,0.052734375,5.0,0.010802130018840183,0.29351737181289084,1876,1921024,erdos_renyi,14,3,0,QTL gamma=5.0,sampled
284,135,0.558219353127064,11.8095703125,0.7873046875,1.0,1.0,15,0.0556640625,5.0,0.01075992658094266,0.4899300794505469,1890,1935360,erdos_renyi,14,3,0,QTL gamma=5.0,sampled
285,136,0.5743171487137528,11.728515625,0.7819010416666666,1.0,1.0,15,0.048828125,5.0,0.01071818454767689,0.15009846301428223,1904,1949696,erdos_renyi,14,3,0,QTL gamma=5.0,sampled
286,137,0.5921316140363794,11.8125,0.7875,1.0,1.0,15,0.0556640625,5.0,0.010676895678177426,0.44226818083622826,1918,1964032,erdos_renyi,14,3,0,QTL gamma=5.0,sampled
287,138,0.6435742794357062,11.8408203125,0.7893880208333334,1.0,1.0,15,0.05859375,5.0,0.01063605193505868,0.30713182316754534,1932,1978368,erdos_renyi,14,3,0,QTL gamma=5.0,sampled
288,139,0.5847000418480401,11.6787109375,0.7785807291666667,1.0,1.0,15,0.0458984375,5.0,0.010595645478019876,0.2944185963168658,1946,1992704,erdos_renyi,14,3,0,QTL gamma=5.0,sampled
289,140,0.5811263716827396,11.6689453125,0.7779296875,1.0,1.0,15,0.041015625,5.0,0.01055566865769349,0.2523062516707379,1960,2007040,erdos_renyi,14,3,0,QTL gamma=5.0,sampled
290,141,0.5613613172076213,11.849609375,0.7899739583333333,1.0,1.0,15,0.060546875,5.0,0.010516114009726282,0.3628935907644582,1974,2021376,erdos_renyi,14,3,0,QTL gamma=5.0,sampled
291,142,0.5311083264480212,11.734375,0.7822916666666667,1.0,1.0,15,0.0556640625,5.0,0.010476974249082652,0.4896484985873425,1988,2035712,erdos_renyi,14,3,0,QTL gamma=5.0,sampled
292,143,0.5639395761020461,11.615234375,0.7743489583333333,1.0,1.0,15,0.0537109375,5.0,0.010438242264560494,0.3150434766204666,2002,2050048,erdos_renyi,14,3,0,QTL gamma=5.0,sampled
293,144,0.5606233544694325,11.791015625,0.7860677083333333,1.0,1.0,15,0.052734375,5.0,0.01039991111351027,0.5023502404250756,2016,2064384,erdos_renyi,14,3,0,QTL gamma=5.0,sampled
294,145,0.5512486403696444,11.705078125,0.7803385416666667,1.0,1.0,15,0.0546875,5.0,0.010361974016748498,0.32738317586556354,2030,2078720,erdos_renyi,14,3,0,QTL gamma=5.0,sampled
295,146,0.5512261322440122,11.7939453125,0.7862630208333333,1.0,1.0,15,0.0546875,5.0,0.010324424353657208,0.1276185338798705,2044,2093056,erdos_renyi,14,3,0,QTL gamma=5.0,sampled
296,147,0.5920032207258388,11.7880859375,0.7858723958333333,1.0,1.0,15,0.0419921875,5.0,0.010287255657461455,0.3455393512911624,2058,2107392,erdos_renyi,14,3,0,QTL gamma=5.0,sampled
297,148,0.5338299026270189,11.6533203125,0.7768880208333333,1.0,1.0,15,0.0478515625,5.0,0.010250461610677263,0.489746464572558,2072,2121728,erdos_renyi,14,3,0,QTL gamma=5.0,sampled
298,149,0.5741293941301981,11.6865234375,0.7791015625,1.0,1.0,15,0.056640625,5.0,0.010214036040722796,0.29276614844494064,2086,2136064,erdos_renyi,14,3,0,QTL gamma=5.0,sampled
299,150,0.5395853048848868,11.83203125,0.7888020833333333,1.0,1.0,15,0.060546875,5.0,0.010177972915685922,0.4845579429734157,2100,2150400,erdos_renyi,14,3,0,QTL gamma=5.0,sampled
300,1,1.3119162310973889,7.837890625,0.5225260416666667,0.9333333333333333,0.9333333333333333,14,0.0,20.0,0.04409004554141028,2.5,14,14336,erdos_renyi,14,3,0,QTL gamma=20.0,sampled
301,2,0.34657359017691497,7.638671875,0.5092447916666667,0.8666666666666667,0.9333333333333333,14,0.0,20.0,0.04096802016383343,2.5,28,28672,erdos_renyi,14,3,0,QTL gamma=20.0,sampled
302,3,0.34657359017691497,7.8701171875,0.5246744791666667,0.8666666666666667,0.9333333333333333,14,0.0,20.0,0.03839821970746123,2.5,42,43008,erdos_renyi,14,3,0,QTL gamma=20.0,sampled
303,4,1.3119162307882157,7.9072265625,0.5271484375,0.9333333333333333,0.9333333333333333,14,0.0,20.0,0.03623635197340012,0.6041522975880017,56,57344,erdos_renyi,14,3,0,QTL gamma=20.0,sampled
304,5,2.311916229860697,7.8017578125,0.5201171875,0.9333333333333333,0.9333333333333333,14,0.0,20.0,0.03438574930745079,0.46368092293002794,70,71680,erdos_renyi,14,3,0,QTL gamma=20.0,sampled
305,6,2.311916229860697,7.7353515625,0.5156901041666667,0.9333333333333333,0.9333333333333333,14,0.0,20.0,0.03277893085085777,2.4999999999999996,84,86016,erdos_renyi,14,3,0,QTL gamma=20.0,sampled
306,7,1.3465735899707996,7.712890625,0.5141927083333333,1.0,1.0,15,0.0009765625,20.0,0.03136719079995086,2.5,98,100352,erdos_renyi,14,3,0,QTL gamma=20.0,sampled
307,8,2.2772588717602185,7.748046875,0.5165364583333333,0.9333333333333333,1.0,15,0.0,20.0,0.03011438856585054,2.5,112,114688,erdos_renyi,14,3,0,QTL gamma=20.0,sampled
308,9,2.3119162305821,7.6904296875,0.5126953125,0.9333333333333333,1.0,15,0.0,20.0,0.02899307486359828,2.5,126,129024,erdos_renyi,14,3,0,QTL gamma=20.0,sampled
309,10,1.291642975709157,7.626953125,0.5084635416666666,0.8,1.0,15,0.0,20.0,0.02798198239166113,2.5000000000000004,140,143360,erdos_renyi,14,3,0,QTL gamma=20.0,sampled
310,11,2.256985616595278,7.5908203125,0.5060546875,1.0,1.0,15,0.0009765625,20.0,0.027064347600331145,2.5,154,157696,erdos_renyi,14,3,0,QTL gamma=20.0,sampled
311,12,1.3465735900738571,7.544921875,0.5029947916666667,1.0,1.0,15,0.0009765625,20.0,0.026226756954046016,2.5,168,172032,erdos_renyi,14,3,0,QTL gamma=20.0,sampled
312,13,1.3465735900738571,7.5341796875,0.5022786458333334,0.8666666666666667,1.0,15,0.0,20.0,0.025458334527426074,2.5,182,186368,erdos_renyi,14,3,0,QTL gamma=20.0,sampled
313,14,0.34657359017691497,7.5029296875,0.5001953125,0.9333333333333333,1.0,15,0.0,20.0,0.02475015777679307,2.5000000000000004,196,200704,erdos_renyi,14,3,0,QTL gamma=20.0,sampled
314,15,1.3465735899707996,7.6611328125,0.5107421875,0.8666666666666667,1.0,15,0.0,20.0,0.024094829490620695,2.5,210,215040,erdos_renyi,14,3,0,QTL gamma=20.0,sampled
315,16,2.311916230633629,7.59375,0.50625,1.0,1.0,15,0.0009765625,20.0,0.023486158906321178,2.5,224,229376,erdos_renyi,14,3,0,QTL gamma=20.0,sampled
316,17,1.3465735899707996,7.6240234375,0.5082682291666667,0.9333333333333333,1.0,15,0.0,20.0,0.02291892057733852,2.5,238,243712,erdos_renyi,14,3,0,QTL gamma=20.0,sampled
317,18,2.242601512976983,7.48046875,0.4986979166666667,0.8666666666666667,1.0,15,0.0,20.0,0.02238866955782017,2.5000000000000004,252,258048,erdos_renyi,14,3,0,QTL gamma=20.0,sampled
318,19,1.3465735897646842,7.623046875,0.508203125,0.9333333333333333,1.0,15,0.0,20.0,0.021891598007677315,2.5,266,272384,erdos_renyi,14,3,0,QTL gamma=20.0,sampled
319,20,1.291642975640452,7.59765625,0.5065104166666666,0.8666666666666667,1.0,15,0.0,20.0,0.021424422687014492,2.5,280,286720,erdos_renyi,14,3,0,QTL gamma=20.0,sampled
320,21,2.291642974919048,7.5380859375,0.5025390625,0.9333333333333333,1.0,15,0.0,20.0,0.02098429578000105,2.5,294,301056,erdos_renyi,14,3,0,QTL gamma=20.0,sampled
321,22,2.2492780822530287,7.595703125,0.5063802083333333,0.9333333333333333,1.0,15,0.0,20.0,0.020568733544248055,2.5,308,315392,erdos_renyi,14,3,0,QTL gamma=20.0,sampled
322,23,2.256985616457868,7.5625,0.5041666666666667,0.9333333333333333,1.0,15,0.0,20.0,0.0201755587265286,0.5244044258144805,322,329728,erdos_renyi,14,3,0,QTL gamma=20.0,sampled
323,24,0.34657359017691497,7.826171875,0.5217447916666667,0.9333333333333333,1.0,15,0.0,20.0,0.019802853715384598,2.5,336,344064,erdos_renyi,14,3,0,QTL gamma=20.0,sampled
324,25,0.3465735900738573,7.8779296875,0.5251953125,0.9333333333333333,1.0,15,0.0,20.0,0.0194489221446652,2.5,350,358400,erdos_renyi,14,3,0,QTL gamma=20.0,sampled
325,26,0.34657359027997264,7.8798828125,0.5253255208333333,0.9333333333333333,1.0,15,0.0,20.0,0.01911225720540087,0.17320508120314054,364,372736,erdos_renyi,14,3,0,QTL gamma=20.0,sampled
326,27,1.2569856166124544,7.9541015625,0.5302734375,0.9333333333333333,1.0,15,0.0,20.0,0.01879151532497497,2.5,378,387072,erdos_renyi,14,3,0,QTL gamma=20.0,sampled
327,28,0.2772588722239781,8.0927734375,0.5395182291666667,0.9333333333333333,1.0,15,0.0,20.0,0.018485494172423286,2.5,392,401408,erdos_renyi,14,3,0,QTL gamma=20.0,sampled
328,29,0.34657358986774195,8.1396484375,0.5426432291666666,1.0,1.0,15,0.001953125,20.0,0.018193114174807908,0.42130748803810997,406,415744,erdos_renyi,14,3,0,QTL gamma=20.0,sampled
329,30,1.2492780825327565,8.2265625,0.5484375,1.0,1.0,15,0.0009765625,20.0,0.017913402901670074,0.5442885260435096,420,430080,erdos_renyi,14,3,0,QTL gamma=20.0,sampled
330,31,0.34657358966162655,8.2080078125,0.5472005208333334,1.0,1.0,15,0.0029296875,20.0,0.017645481806610266,2.5,434,444416,erdos_renyi,14,3,0,QTL gamma=20.0,sampled
331,32,0.3119162308912735,8.390625,0.559375,1.0,1.0,15,0.0048828125,20.0,0.0173885549171922,0.7202430153921894,448,458752,erdos_renyi,14,3,0,QTL gamma=20.0,sampled
332,33,0.2772588719405695,8.48046875,0.5653645833333333,1.0,1.0,15,0.005859375,20.0,0.017141899143985492,2.5,462,473088,erdos_renyi,14,3,0,QTL gamma=20.0,sampled
333,34,0.3119162308912735,8.6083984375,0.5738932291666666,1.0,1.0,15,0.005859375,20.0,0.016904855942061103,0.5491470658040174,476,487424,erdos_renyi,14,3,0,QTL gamma=20.0,sampled
334,35,0.2916429754343365,8.70703125,0.58046875,1.0,1.0,15,0.00390625,20.0,0.016676824107644407,0.6183535487653927,490,501760,erdos_renyi,14,3,0,QTL gamma=20.0,sampled
335,36,0.24927808251803393,8.7470703125,0.5831380208333333,1.0,1.0,15,0.0078125,20.0,0.016457253531910437,0.4469514787116793,504,516096,erdos_renyi,14,3,0,QTL gamma=20.0,sampled
336,37,0.2314443353932377,8.853515625,0.590234375,1.0,1.0,15,0.0078125,20.0,0.01624563976533251,0.5951627921133845,518,530432,erdos_renyi,14,3,0,QTL gamma=20.0,sampled
337,38,0.21832612226420056,8.970703125,0.598046875,1.0,1.0,15,0.0107421875,20.0,0.016041519271282754,0.3489567795057988,532,544768,erdos_renyi,14,3,0,QTL gamma=20.0,sampled
338,39,0.2426015129641011,8.90234375,0.5934895833333333,1.0,1.0,15,0.001953125,20.0,0.015844465268040554,0.4787187037573232,546,559104,erdos_renyi,14,3,0,QTL gamma=20.0,sampled
339,40,0.2426015128868078,8.9794921875,0.5986328125,1.0,1.0,15,0.0166015625,20.0,0.015654084075000553,0.6061146752295002,560,573440,erdos_renyi,14,3,0,QTL gamma=20.0,sampled
340,41,0.24260151293833668,8.9951171875,0.5996744791666667,1.0,1.0,15,0.0107421875,20.0,0.015470011892466365,0.7070194785531878,574,587776,erdos_renyi,14,3,0,QTL gamma=20.0,sampled
341,42,0.20205500220195077,9.384765625,0.6256510416666666,1.0,1.0,15,0.013671875,20.0,0.015291911955576987,0.4445854818034242,588,602112,erdos_renyi,14,3,0,QTL gamma=20.0,sampled
342,43,0.22232825753292845,9.376953125,0.6251302083333333,1.0,1.0,15,0.015625,20.0,0.015119472012117137,0.48979198998334095,602,616448,erdos_renyi,14,3,0,QTL gamma=20.0,sampled
343,44,0.2111710799706532,9.3779296875,0.6251953125,1.0,1.0,15,0.0244140625,20.0,0.014952402081585766,0.3237021130658677,616,630784,erdos_renyi,14,3,0,QTL gamma=20.0,sampled
344,45,0.21462072357101056,9.490234375,0.6326822916666667,1.0,1.0,15,0.015625,20.0,0.014790432459236008,0.5467345651234798,630,645120,erdos_renyi,14,3,0,QTL gamma=20.0,sampled
345,46,0.22667882616224128,9.6044921875,0.6402994791666666,1.0,1.0,15,0.01953125,20.0,0.014633311934091987,0.5552361629279626,644,659456,erdos_renyi,14,3,0,QTL gamma=20.0,sampled
346,47,0.1765137210560194,9.587890625,0.6391927083333333,1.0,1.0,15,0.015625,20.0,0.014480806194382537,0.47064664490221103,658,673792,erdos_renyi,14,3,0,QTL gamma=20.0,sampled
347,48,0.21832612202637516,9.6748046875,0.6449869791666667,1.0,1.0,15,0.021484375,20.0,0.014332696397561406,0.5496862820464843,672,688128,erdos_renyi,14,3,0,QTL gamma=20.0,sampled
348,49,0.18979887923259214,9.759765625,0.6506510416666667,1.0,1.0,15,0.0263671875,20.0,0.014188777885230645,0.3927819317930914,686,702464,erdos_renyi,14,3,0,QTL gamma=20.0,sampled
349,50,0.19935164103417394,9.892578125,0.6595052083333334,1.0,1.0,15,0.0380859375,20.0,0.014048859025948678,0.550806226752801,700,716800,erdos_renyi,14,3,0,QTL gamma=20.0,sampled
350,51,0.18178174676600695,9.8310546875,0.6554036458333333,1.0,1.0,15,0.0263671875,20.0,0.013912760171167928,0.5256238016102021,714,731136,erdos_renyi,14,3,0,QTL gamma=20.0,sampled
351,52,0.2049129227013044,9.8662109375,0.6577473958333333,1.0,1.0,15,0.0263671875,20.0,0.01378031271147526,0.45692307769227614,728,745472,erdos_renyi,14,3,0,QTL gamma=20.0,sampled
352,53,0.16739764318254163,10.00390625,0.6669270833333333,1.0,1.0,15,0.025390625,20.0,0.013651358221956298,0.45171026083207216,742,759808,erdos_renyi,14,3,0,QTL gamma=20.0,sampled
353,54,0.16739764318826705,10.0849609375,0.6723307291666667,1.0,1.0,15,0.0341796875,20.0,0.013525747686916854,0.3965212233239552,756,774144,erdos_renyi,14,3,0,QTL gamma=20.0,sampled
354,55,0.19202146727946162,10.205078125,0.6803385416666666,1.0,1.0,15,0.03125,20.0,0.013403340795408069,0.3307828197323905,770,788480,erdos_renyi,14,3,0,QTL gamma=20.0,sampled
355,56,0.1856297987892242,10.1005859375,0.6733723958333333,1.0,1.0,15,0.0302734375,20.0,0.013284005300047348,0.4359955866511805,784,802816,erdos_renyi,14,3,0,QTL gamma=20.0,sampled
356,57,0.16739764315677724,10.3447265625,0.6896484375,1.0,1.0,15,0.041015625,20.0,0.013167616432530336,0.30875759095046423,798,817152,erdos_renyi,14,3,0,QTL gamma=20.0,sampled
357,58,0.16739764315677721,10.146484375,0.6764322916666666,1.0,1.0,15,0.0302734375,20.0,0.013054056370010926,0.37881972264062275,812,831488,erdos_renyi,14,3,0,QTL gamma=20.0,sampled
358,59,0.1748742298263289,10.2626953125,0.6841796875,1.0,1.0,15,0.0390625,20.0,0.012943213747205322,0.340998939568098,826,845824,erdos_renyi,14,3,0,QTL gamma=20.0,sampled
359,60,0.1660276943859392,10.3583984375,0.6905598958333333,1.0,1.0,15,0.03125,20.0,0.012834983209666482,0.3049113218921644,840,860160,erdos_renyi,14,3,0,QTL gamma=20.0,sampled
360,61,0.15406621004317228,10.357421875,0.6904947916666667,1.0,1.0,15,0.0322265625,20.0,0.01272926500419026,0.4272724280332824,854,874496,erdos_renyi,14,3,0,QTL gamma=20.0,sampled
361,62,0.16339550769866987,10.455078125,0.6970052083333333,1.0,1.0,15,0.0380859375,20.0,0.012625964602764493,0.32896174628701014,868,888832,erdos_renyi,14,3,0,QTL gamma=20.0,sampled
362,63,0.16880618696110802,10.265625,0.684375,1.0,1.0,15,0.033203125,20.0,0.012524992356866271,0.3475784959288261,882,903168,erdos_renyi,14,3,0,QTL gamma=20.0,sampled
363,64,0.14269671791874633,10.4404296875,0.6960286458333333,1.0,1.0,15,0.0380859375,20.0,0.012426263179258315,0.4085952263928772,896,917504,erdos_renyi,14,3,0,QTL gamma=20.0,sampled
364,65,0.16469428203058506,10.544921875,0.7029947916666667,1.0,1.0,15,0.037109375,20.0,0.012329696250739345,0.38758504541310534,910,931840,erdos_renyi,14,3,0,QTL gamma=20.0,sampled
365,66,0.14805899441375156,10.37890625,0.6919270833333333,1.0,1.0,15,0.04296875,20.0,0.012235214749571162,0.3012140022695136,924,946176,erdos_renyi,14,3,0,QTL gamma=20.0,sampled
366,67,0.15198257517884206,10.58203125,0.70546875,1.0,1.0,15,0.0419921875,20.0,0.012142745601541187,0.2945797188220232,938,960512,erdos_renyi,14,3,0,QTL gamma=20.0,sampled
367,68,0.15514152021803715,10.765625,0.7177083333333333,1.0,1.0,15,0.0380859375,20.0,0.01205221924882845,0.32445788678053356,952,974848,erdos_renyi,14,3,0,QTL gamma=20.0,sampled
368,69,0.15198257515780988,10.623046875,0.708203125,1.0,1.0,15,0.0419921875,20.0,0.01196356943602569,0.3767185890216582,966,989184,erdos_renyi,14,3,0,QTL gamma=20.0,sampled
369,70,0.15514152021355637,10.712890625,0.7141927083333334,1.0,1.0,15,0.048828125,20.0,0.011876733011834568,0.2827550117540368,980,1003520,erdos_renyi,14,3,0,QTL gamma=20.0,sampled
370,71,0.15406620999273982,10.6533203125,0.7102213541666667,1.0,1.0,15,0.0537109375,20.0,0.011791649745096838,0.18797589643049048,994,1017856,erdos_renyi,14,3,0,QTL gamma=20.0,sampled
371,72,0.15624046555785925,10.7265625,0.7151041666666667,1.0,1.0,15,0.0478515625,20.0,0.011708262153953946,0.2563954687328941,1008,1032192,erdos_renyi,14,3,0,QTL gamma=20.0,sampled
372,73,0.15198257514308736,10.73046875,0.7153645833333333,1.0,1.0,15,0.0517578125,20.0,0.011626515347043571,0.2179885318853963,1022,1046528,erdos_renyi,14,3,0,QTL gamma=20.0,sampled
373,74,0.15301353949196314,10.80078125,0.7200520833333334,1.0,1.0,15,0.0537109375,20.0,0.011546356875744608,0.2609029486635232,1036,1060864,erdos_renyi,14,3,0,QTL gamma=20.0,sampled
374,75,0.14805899440014017,10.79296875,0.71953125,1.0,1.0,15,0.0546875,20.0,0.011467736596574721,0.1753375959766688,1050,1075200,erdos_renyi,14,3,0,QTL gamma=20.0,sampled
375,76,0.15406620995984904,10.677734375,0.7118489583333333,1.0,1.0,15,0.0498046875,20.0,0.011390606542927232,0.18076436160039844,1064,1089536,erdos_renyi,14,3,0,QTL gamma=20.0,sampled
376,77,0.1480589943845843,10.755859375,0.7170572916666667,1.0,1.0,15,0.0595703125,20.0,0.011314920805408232,0.2518829042830355,1078,1103872,erdos_renyi,14,3,0,QTL gamma=20.0,sampled
377,78,0.1453060055407805,10.9892578125,0.7326171875,1.0,1.0,15,0.0458984375,20.0,0.011240635420101558,0.2674294642415482,1092,1118208,erdos_renyi,14,3,0,QTL gamma=20.0,sampled
378,79,0.15851358424364206,10.87890625,0.7252604166666666,1.0,1.0,15,0.0478515625,20.0,0.011167708264148994,0.17514571201232723,1106,1132544,erdos_renyi,14,3,0,QTL gamma=20.0,sampled
379,80,0.1435514395394289,10.89453125,0.7263020833333333,1.0,1.0,15,0.06640625,20.0,0.011096098958087117,0.2672355518315981,1120,1146880,erdos_renyi,14,3,0,QTL gamma=20.0,sampled
380,81,0.149982308437641,10.9375,0.7291666666666666,1.0,1.0,15,0.052734375,20.0,0.011025768774430749,0.25018846210924844,1134,1161216,erdos_renyi,14,3,0,QTL gamma=20.0,sampled
381,82,0.14269671790477242,10.9990234375,0.7332682291666667,1.0,1.0,15,0.0595703125,20.0,0.010956680552036838,0.1807034005501833,1148,1175552,erdos_renyi,14,3,0,QTL gamma=20.0,sampled
382,83,0.15851358423405532,10.982421875,0.7321614583333333,1.0,1.0,15,0.0546875,20.0,0.010888798615822296,0.19892400447691033,1162,1189888,erdos_renyi,14,3,0,QTL gamma=20.0,sampled
383,84,0.14998230845178617,10.947265625,0.7298177083333334,1.0,1.0,15,0.05859375,20.0,0.010822088701445111,0.17239294866025864,1176,1204224,erdos_renyi,14,3,0,QTL gamma=20.0,sampled
384,85,0.14102989685843387,10.8046875,0.7203125,1.0,1.0,15,0.056640625,20.0,0.010756517884590634,0.29155975077850343,1190,1218560,erdos_renyi,14,3,0,QTL gamma=20.0,sampled
385,86,0.14442102666043344,10.990234375,0.7326822916666667,1.0,1.0,15,0.05859375,20.0,0.010692054514534324,0.17180556767190377,1204,1232896,erdos_renyi,14,3,0,QTL gamma=20.0,sampled
386,87,0.14021687082658937,11.0048828125,0.7336588541666667,1.0,1.0,15,0.056640625,20.0,0.010628668151679023,0.1823943660665885,1218,1247232,erdos_renyi,14,3,0,QTL gamma=20.0,sampled
387,88,0.14805899437875086,10.99609375,0.7330729166666666,1.0,1.0,15,0.0595703125,20.0,0.010566329508789154,0.18381074642991216,1232,1261568,erdos_renyi,14,3,0,QTL gamma=20.0,sampled
388,89,0.14185636197477564,10.9267578125,0.7284505208333333,1.0,1.0,15,0.05078125,20.0,0.010505010395666332,0.2538405007839165,1246,1275904,erdos_renyi,14,3,0,QTL gamma=20.0,sampled
389,90,0.14021687082991383,10.986328125,0.732421875,1.0,1.0,15,0.0458984375,20.0,0.010444683667031,0.15950229879379577,1260,1290240,erdos_renyi,14,3,0,QTL gamma=20.0,sampled
390,91,0.14901140409722086,11.109375,0.740625,1.0,1.0,15,0.0634765625,20.0,0.010385323173393126,0.1496331602356545,1274,1304576,erdos_renyi,14,3,0,QTL gamma=20.0,sampled
391,92,0.1519825751241584,11.09765625,0.73984375,1.0,1.0,15,0.0654296875,20.0,0.010326903714711696,0.17384671774344623,1288,1318912,erdos_renyi,14,3,0,QTL gamma=20.0,sampled
392,93,0.1480589943845843,11.0068359375,0.7337890625,1.0,1.0,15,0.0498046875,20.0,0.010269400996658053,0.1835805380987941,1302,1333248,erdos_renyi,14,3,0,QTL gamma=20.0,sampled
393,94,0.141856361959317,11.072265625,0.7381510416666667,1.0,1.0,15,0.0546875,20.0,0.010212791589312188,0.1506953919593037,1316,1347584,erdos_renyi,14,3,0,QTL gamma=20.0,sampled
394,95,0.14269671788031807,10.9619140625,0.7307942708333334,1.0,1.0,15,0.0576171875,20.0,0.010157052888133783,0.18892033611513925,1330,1361920,erdos_renyi,14,3,0,QTL gamma=20.0,sampled
395,96,0.1394168537428298,11.2822265625,0.7521484375,1.0,1.0,15,0.072265625,20.0,0.010102163077061653,0.20606694271356304,1344,1376256,erdos_renyi,14,3,0,QTL gamma=20.0,sampled
396,97,0.14620693077101068,11.029296875,0.7352864583333333,1.0,1.0,15,0.05859375,20.0,0.010048101093605908,0.2278717508316122,1358,1390592,erdos_renyi,14,3,0,QTL gamma=20.0,sampled
397,98,0.12938331903470957,11.0126953125,0.7341796875,1.0,1.0,15,0.05078125,20.0,0.009994846595807088,0.13564922938261126,1372,1404928,erdos_renyi,14,3,0,QTL gamma=20.0,sampled
398,99,0.12685113238476647,11.1708984375,0.7447265625,1.0,1.0,15,0.0615234375,20.0,0.00994237993094551,0.17766053507119697,1386,1419264,erdos_renyi,14,3,0,QTL gamma=20.0,sampled
399,100,0.14102989683478126,11.1884765625,0.7458984375,1.0,1.0,15,0.0595703125,20.0,0.00989068210589248,0.13845156015433732,1400,1433600,erdos_renyi,14,3,0,QTL gamma=20.0,sampled
400,101,0.14355143951632976,11.123046875,0.7415364583333334,1.0,1.0,15,0.0517578125,20.0,0.009839734759002643,0.20018236568497108,1414,1447936,erdos_renyi,14,3,0,QTL gamma=20.0,sampled
401,102,0.13559820482111418,11.0498046875,0.7366536458333334,1.0,1.0,15,0.060546875,20.0,0.009789520133453791,0.2015826878370863,1428,1462272,erdos_renyi,14,3,0,QTL gamma=20.0,sampled
402,103,0.13709085299595822,11.11328125,0.7408854166666666,1.0,1.0,15,0.056640625,20.0,0.00974002105194698,0.18449852129067423,1442,1476608,erdos_renyi,14,3,0,QTL gamma=20.0,sampled
403,104,0.1418563619163763,11.0634765625,0.7375651041666667,1.0,1.0,15,0.0517578125,20.0,0.00969122089268578,0.1304737827846087,1456,1490944,erdos_renyi,14,3,0,QTL gamma=20.0,sampled
404,105,0.12685113238858342,11.3564453125,0.7570963541666667,1.0,1.0,15,0.0556640625,20.0,0.009643103566559043,0.14483606094373286,1470,1505280,erdos_renyi,14,3,0,QTL gamma=20.0,sampled
405,106,0.1410298968263339,11.2041015625,0.7469401041666667,1.0,1.0,15,0.05859375,20.0,0.00959565349545662,0.1603694708789445,1484,1519616,erdos_renyi,14,3,0,QTL gamma=20.0,sampled
406,107,0.13343959626243398,11.119140625,0.7412760416666667,1.0,1.0,15,0.0615234375,20.0,0.009548855591652266,0.23128999411746792,1498,1533952,erdos_renyi,14,3,0,QTL gamma=20.0,sampled
407,108,0.13941685375100898,11.1513671875,0.7434244791666667,1.0,1.0,15,0.068359375,20.0,0.00950269523819228,0.17063924307187786,1512,1548288,erdos_renyi,14,3,0,QTL gamma=20.0,sampled
408,109,0.14901140410316646,11.2041015625,0.7469401041666667,1.0,1.0,15,0.064453125,20.0,0.00945715827023246,0.182693467629578,1526,1562624,erdos_renyi,14,3,0,QTL gamma=20.0,sampled
409,110,0.13343959620582485,11.1943359375,0.7462890625,1.0,1.0,15,0.0654296875,20.0,0.00941223095726976,0.16336581677939915,1540,1576960,erdos_renyi,14,3,0,QTL gamma=20.0,sampled
410,111,0.14021687083822493,11.166015625,0.7444010416666667,1.0,1.0,15,0.068359375,20.0,0.00936789998621843,0.1761314784923767,1554,1591296,erdos_renyi,14,3,0,QTL gamma=20.0,sampled
411,112,0.1341488280067234,11.189453125,0.7459635416666667,1.0,1.0,15,0.0673828125,20.0,0.009324152445283704,0.14571836125393817,1568,1605632,erdos_renyi,14,3,0,QTL gamma=20.0,sampled
412,113,0.12214177164746379,11.2734375,0.7515625,1.0,1.0,15,0.076171875,20.0,0.009280975808589007,0.12497395979511534,1582,1619968,erdos_renyi,14,3,0,QTL gamma=20.0,sampled
413,114,0.14269671783839627,11.2216796875,0.7481119791666667,1.0,1.0,15,0.0712890625,20.0,0.009238357921515535,0.13120038743707824,1596,1634304,erdos_renyi,14,3,0,QTL gamma=20.0,sampled
414,115,0.13486826482756484,11.3662109375,0.7577473958333333,1.0,1.0,15,0.0595703125,20.0,0.009196286986715518,0.11588733760384459,1610,1648640,erdos_renyi,14,3,0,QTL gamma=20.0,sampled
415,116,0.1281011974961647,11.220703125,0.748046875,1.0,1.0,15,0.0615234375,20.0,0.00915475155076295,0.15752218796916448,1624,1662976,erdos_renyi,14,3,0,QTL gamma=20.0,sampled
416,117,0.1418563619661875,11.19921875,0.7466145833333333,1.0,1.0,15,0.0703125,20.0,0.009113740491407799,0.14240428064551985,1638,1677312,erdos_renyi,14,3,0,QTL gamma=20.0,sampled
417,118,0.13343959624791882,11.3076171875,0.7538411458333333,1.0,1.0,15,0.07421875,20.0,0.009073243005401715,0.10655039042428407,1652,1691648,erdos_renyi,14,3,0,QTL gamma=20.0,sampled
418,119,0.12214177163472632,11.380859375,0.7587239583333333,1.0,1.0,15,0.068359375,20.0,0.009033248596865282,0.10471767221850736,1666,1705984,erdos_renyi,14,3,0,QTL gamma=20.0,sampled
419,120,0.14901140404767388,11.228515625,0.7485677083333333,1.0,1.0,15,0.0673828125,20.0,0.008993747066168569,0.15595050940178465,1680,1720320,erdos_renyi,14,3,0,QTL gamma=20.0,sampled
420,121,0.1363389590858509,11.3984375,0.7598958333333333,1.0,1.0,15,0.076171875,20.0,0.008954728499298495,0.17669721855829898,1694,1734656,erdos_renyi,14,3,0,QTL gamma=20.0,sampled
421,122,0.14269671786634414,11.30859375,0.75390625,1.0,1.0,15,0.0537109375,20.0,0.008916183257688039,0.1892347809870906,1708,1748992,erdos_renyi,14,3,0,QTL gamma=20.0,sampled
422,123,0.1418563619387055,11.361328125,0.757421875,1.0,1.0,15,0.0751953125,20.0,0.008878101968483779,0.14475877166461015,1722,1763328,erdos_renyi,14,3,0,QTL gamma=20.0,sampled
423,124,0.12810119748051035,11.2021484375,0.7468098958333333,1.0,1.0,15,0.0556640625,20.0,0.00884047551522969,0.0891132788204685,1736,1777664,erdos_renyi,14,3,0,QTL gamma=20.0,sampled
424,125,0.13414882796402808,11.2529296875,0.7501953125,1.0,1.0,15,0.0576171875,20.0,0.0088032950289463,0.1279003788756846,1750,1792000,erdos_renyi,14,3,0,QTL gamma=20.0,sampled
425,126,0.13137033545960694,11.328125,0.7552083333333334,1.0,1.0,15,0.076171875,20.0,0.008766551879585577,0.14371719440628028,1764,1806336,erdos_renyi,14,3,0,QTL gamma=20.0,sampled
426,127,0.13343959622469453,11.24609375,0.7497395833333333,1.0,1.0,15,0.0625,20.0,0.008730237667843014,0.12027352063356675,1778,1820672,erdos_renyi,14,3,0,QTL gamma=20.0,sampled
427,128,0.13486826485146225,11.3056640625,0.7537109375,1.0,1.0,15,0.0615234375,20.0,0.008694344217309401,0.16519773018606626,1792,1835008,erdos_renyi,14,3,0,QTL gamma=20.0,sampled
428,129,0.13343959622469453,11.3701171875,0.7580078125,1.0,1.0,15,0.0654296875,20.0,0.008658863566945809,0.14415128040430072,1806,1849344,erdos_renyi,14,3,0,QTL gamma=20.0,sampled
429,130,0.13003692310971354,11.2900390625,0.7526692708333333,1.0,1.0,15,0.076171875,20.0,0.008623787963866158,0.0987317176507334,1820,1863680,erdos_renyi,14,3,0,QTL gamma=20.0,sampled
430,131,0.14102989682971284,11.361328125,0.757421875,1.0,1.0,15,0.0654296875,20.0,0.008589109856412664,0.13549001416942186,1834,1878016,erdos_renyi,14,3,0,QTL gamma=20.0,sampled
431,132,0.13633895911815258,11.4091796875,0.7606119791666667,1.0,1.0,15,0.0703125,20.0,0.008554821887510222,0.11853390921055647,1848,1892352,erdos_renyi,14,3,0,QTL gamma=20.0,sampled
432,133,0.13709085294442938,11.4111328125,0.7607421875,1.0,1.0,15,0.05859375,20.0,0.008520916888286587,0.08654409399492886,1862,1906688,erdos_renyi,14,3,0,QTL gamma=20.0,sampled
433,134,0.12938331897581945,11.4130859375,0.7608723958333333,1.0,1.0,15,0.0654296875,20.0,0.008487387871945858,0.1402639780224321,1876,1921024,erdos_renyi,14,3,0,QTL gamma=20.0,sampled
434,135,0.1250327501746323,11.4267578125,0.7617838541666667,1.0,1.0,15,0.0732421875,20.0,0.00845422802788352,0.13334242496921478,1890,1935360,erdos_renyi,14,3,0,QTL gamma=20.0,sampled
435,136,0.1370908529678516,11.416015625,0.7610677083333334,1.0,1.0,15,0.0693359375,20.0,0.008421430716031844,0.10900123531357024,1904,1949696,erdos_renyi,14,3,0,QTL gamma=20.0,sampled
436,137,0.1426967178261691,11.4931640625,0.7662109375,1.0,1.0,15,0.0654296875,20.0,0.008388989461425122,0.0892638863161593,1918,1964032,erdos_renyi,14,3,0,QTL gamma=20.0,sampled
437,138,0.1402168707700739,11.40234375,0.76015625,1.0,1.0,15,0.07421875,20.0,0.008356897948974679,0.15730564435641944,1932,1978368,erdos_renyi,14,3,0,QTL gamma=20.0,sampled
438,139,0.13137033542479018,11.46484375,0.7643229166666666,1.0,1.0,15,0.07421875,20.0,0.008325150018444189,0.12395686615907588,1946,1992704,erdos_renyi,14,3,0,QTL gamma=20.0,sampled
439,140,0.13069918440803457,11.46484375,0.7643229166666666,1.0,1.0,15,0.0654296875,20.0,0.008293739659616314,0.13985105128022352,1960,2007040,erdos_renyi,14,3,0,QTL gamma=20.0,sampled
440,141,0.13486826484100717,11.4931640625,0.7662109375,1.0,1.0,15,0.076171875,20.0,0.00826266100764208,0.12585810271581596,1974,2021376,erdos_renyi,14,3,0,QTL gamma=20.0,sampled
441,142,0.1306991844162792,11.4912109375,0.7660807291666667,1.0,1.0,15,0.0732421875,20.0,0.008231908338564943,0.12460247904916669,1988,2035712,erdos_renyi,14,3,0,QTL gamma=20.0,sampled
442,143,0.1306991844039123,11.4521484375,0.7634765625,1.0,1.0,15,0.080078125,20.0,0.008201476065011818,0.11452860610462413,2002,2050048,erdos_renyi,14,3,0,QTL gamma=20.0,sampled
443,144,0.13069918439291944,11.505859375,0.7670572916666667,1.0,1.0,15,0.0654296875,20.0,0.008171358732043785,0.1505914262959708,2016,2064384,erdos_renyi,14,3,0,QTL gamma=20.0,sampled
444,145,0.13633895907200733,11.498046875,0.7665364583333333,1.0,1.0,15,0.064453125,20.0,0.008141551013159535,0.14381459905564134,2030,2078720,erdos_renyi,14,3,0,QTL gamma=20.0,sampled
445,146,0.13205061800232026,11.4814453125,0.7654296875,1.0,1.0,15,0.064453125,20.0,0.00811204770644495,0.10973185554402484,2044,2093056,erdos_renyi,14,3,0,QTL gamma=20.0,sampled
446,147,0.13343959620872786,11.537109375,0.769140625,1.0,1.0,15,0.0615234375,20.0,0.008082843730862575,0.1655423143182161,2058,2107392,erdos_renyi,14,3,0,QTL gamma=20.0,sampled
447,148,0.12623762774457828,11.4267578125,0.7617838541666667,1.0,1.0,15,0.06640625,20.0,0.008053934122674994,0.13136764285072475,2072,2121728,erdos_renyi,14,3,0,QTL gamma=20.0,sampled
448,149,0.13414882796844485,11.380859375,0.7587239583333333,1.0,1.0,15,0.078125,20.0,0.008025314031996484,0.09157074551954454,2086,2136064,erdos_renyi,14,3,0,QTL gamma=20.0,sampled
449,150,0.12385622531271075,11.4375,0.7625,1.0,1.0,15,0.06640625,20.0,0.007996978719467512,0.12302945031600213,2100,2150400,erdos_renyi,14,3,0,QTL gamma=20.0,sampled
450,1,7.107421875,7.779296875,0.5186197916666667,0.9333333333333333,0.9333333333333333,14,0.0,0.0,0.06172606375797438,1.6434917290563293,14,14336,erdos_renyi,14,3,0,QTL schedule linear,sampled
451,2,4.5133215025619595,7.8583984375,0.5238932291666667,0.9333333333333333,0.9333333333333333,14,0.0,1.342281879194631,0.055855745138402954,2.4999999999999996,28,28672,erdos_renyi,14,3,0,QTL schedule linear,sampled
452,3,3.2639486180208896,8.001953125,0.5334635416666667,1.0,1.0,15,0.0009765625,2.684563758389262,0.051018271534881615,2.5,42,43008,erdos_renyi,14,3,0,QTL schedule linear,sampled
453,4,2.366708837264469,8.1005859375,0.5400390625,1.0,1.0,15,0.0009765625,4.026845637583892,0.04694970820901407,2.5,56,57344,erdos_renyi,14,3,0,QTL schedule linear,sampled
454,5,2.281516772922336,8.095703125,0.5397135416666666,0.9333333333333333,1.0,15,0.0,5.369127516778524,0.043471923063843836,2.5,70,71680,erdos_renyi,14,3,0,QTL schedule linear,sampled
455,6,1.0320628958264377,8.1806640625,0.5453776041666667,0.9333333333333333,1.0,15,0.0,6.7114093959731544,0.04045967441117711,2.5,84,86016,erdos_renyi,14,3,0,QTL schedule linear,sampled
456,7,0.8604602759533934,8.3271484375,0.5551432291666667,0.9333333333333333,1.0,15,0.0,8.053691275167784,0.03782194220155924,2.0723805195903617,98,100352,erdos_renyi,14,3,0,QTL schedule linear,sampled
457,8,0.7376712700382215,8.4345703125,0.5623046875,1.0,1.0,15,0.0009765625,9.395973154362416,0.03549074268269165,1.5346424005723445,112,114688,erdos_renyi,14,3,0,QTL schedule linear,sampled
458,9,0.5431789802379862,8.5283203125,0.5685546875,1.0,1.0,15,0.00390625,10.738255033557047,0.033414118323461875,1.602079963978608,126,129024,erdos_renyi,14,3,0,QTL schedule linear,sampled
459,10,0.5163918340331959,8.8037109375,0.5869140625,1.0,1.0,15,0.0029296875,12.080536912751679,0.031551575821083845,2.061112655033781,140,143360,erdos_renyi,14,3,0,QTL schedule linear,sampled
460,11,0.39649130437600194,9.041015625,0.602734375,1.0,1.0,15,0.0068359375,13.422818791946309,0.02987102068480993,1.141451791859165,154,157696,erdos_renyi,14,3,0,QTL schedule linear,sampled
461,12,0.3755596271869154,9.3720703125,0.6248046875,1.0,1.0,15,0.0029296875,14.76510067114094,0.028346639899554396,0.5637253319548521,168,172032,erdos_renyi,14,3,0,QTL schedule linear,sampled
462,13,0.3190904564366484,9.6015625,0.6401041666666667,1.0,1.0,15,0.005859375,16.10738255033557,0.026957403971680602,2.5,182,186368,erdos_renyi,14,3,0,QTL schedule linear,sampled
463,14,0.25023532235157964,9.873046875,0.658203125,1.0,1.0,15,0.0068359375,17.449664429530202,0.025685984638005147,1.9545617203043628,196,200704,erdos_renyi,14,3,0,QTL schedule linear,sampled
464,15,0.29508265438899306,10.1943359375,0.6796223958333333,1.0,1.0,15,0.01171875,18.79194630872483,0.02451795820362672,0.7989530162257784,210,215040,erdos_renyi,14,3,0,QTL schedule linear,sampled
465,16,0.21318991878846413,10.3349609375,0.6889973958333333,1.0,1.0,15,0.013671875,20.13422818791946,0.023441209319897596,0.2812973835819398,224,229376,erdos_renyi,14,3,0,QTL schedule linear,sampled
466,17,0.18564621593232505,10.4169921875,0.6944661458333333,1.0,1.0,15,0.013671875,21.476510067114095,0.022445478086539034,0.3691963569273651,238,243712,erdos_renyi,14,3,0,QTL schedule linear,sampled
467,18,0.17960015021281875,10.6279296875,0.7085286458333333,1.0,1.0,15,0.015625,22.818791946308725,0.021522011381388418,0.3512328224616803,252,258048,erdos_renyi,14,3,0,QTL schedule linear,sampled
468,19,0.16087651550071783,10.556640625,0.7037760416666666,1.0,1.0,15,0.0126953125,24.161073825503358,0.02066329115113795,0.44526130307284245,266,272384,erdos_renyi,14,3,0,QTL schedule linear,sampled
469,20,0.15432241849253858,10.580078125,0.7053385416666667,1.0,1.0,15,0.0146484375,25.503355704697988,0.019862820322272098,0.2982526670596018,280,286720,erdos_renyi,14,3,0,QTL schedule linear,sampled
470,21,0.14305599337075214,10.6455078125,0.7097005208333333,1.0,1.0,15,0.017578125,26.845637583892618,0.01911495240047257,0.22388109443872672,294,301056,erdos_renyi,14,3,0,QTL schedule linear,sampled
471,22,0.1679530564311236,10.66015625,0.7106770833333333,1.0,1.0,15,0.0107421875,28.187919463087248,0.018414754580816067,0.3349036101372568,308,315392,erdos_renyi,14,3,0,QTL schedule linear,sampled
472,23,0.15675093640410925,10.73046875,0.7153645833333333,1.0,1.0,15,0.0107421875,29.53020134228188,0.01775789683693614,0.17860173969511212,322,329728,erdos_renyi,14,3,0,QTL schedule linear,sampled
473,24,0.13680213458044926,10.7392578125,0.7159505208333333,1.0,1.0,15,0.017578125,30.87248322147651,0.01714056134866899,0.23271063314118726,336,344064,erdos_renyi,14,3,0,QTL schedule linear,sampled
474,25,0.12544248064745514,10.8603515625,0.7240234375,1.0,1.0,15,0.025390625,32.21476510067114,0.0165593679974578,0.19935663066282858,350,358400,erdos_renyi,14,3,0,QTL schedule linear,sampled
475,26,0.1204247814215577,10.810546875,0.720703125,1.0,1.0,15,0.0185546875,33.557046979865774,0.016011312662837836,0.1922707659105322,364,372736,erdos_renyi,14,3,0,QTL schedule linear,sampled
476,27,0.12299418402339315,10.8916015625,0.7261067708333333,1.0,1.0,15,0.015625,34.899328859060404,0.015493715797588058,0.1030827790795105,378,387072,erdos_renyi,14,3,0,QTL schedule linear,sampled
477,28,0.10356653302082862,10.9287109375,0.7285807291666667,1.0,1.0,15,0.021484375,36.241610738255034,0.015004179316605047,0.19688732206209256,392,401408,erdos_renyi,14,3,0,QTL schedule linear,sampled
478,29,0.11065599632510555,10.8701171875,0.7246744791666667,1.0,1.0,15,0.0146484375,37.58389261744966,0.01454055025618747,0.13905255353101176,406,415744,erdos_renyi,14,3,0,QTL schedule linear,sampled
479,30,0.09537531053947529,10.91796875,0.7278645833333334,1.0,1.0,15,0.0146484375,38.92617449664429,0.014100889982220291,0.10641844694496513,420,430080,erdos_renyi,14,3,0,QTL schedule linear,sampled
480,31,0.09219613352149278,10.8671875,0.7244791666666667,1.0,1.0,15,0.01953125,40.26845637583892,0.013683447973453165,0.13641567598207263,434,444416,erdos_renyi,14,3,0,QTL schedule linear,sampled
481,32,0.09229418927160152,10.9375,0.7291666666666666,1.0,1.0,15,0.021484375,41.61073825503356,0.01328663939826481,0.1809211539059659,448,458752,erdos_renyi,14,3,0,QTL schedule linear,sampled
482,33,0.08940999585686397,10.8994140625,0.7266276041666667,1.0,1.0,15,0.015625,42.95302013422819,0.012909025853557304,0.08673409828924562,462,473088,erdos_renyi,14,3,0,QTL schedule linear,sampled
483,34,0.08473625428976887,11.0517578125,0.7367838541666667,1.0,1.0,15,0.0185546875,44.29530201342282,0.012549298752718667,0.11730111745333752,476,487424,erdos_renyi,14,3,0,QTL schedule linear,sampled
484,35,0.09254262045148372,10.8583984375,0.7238932291666667,1.0,1.0,15,0.01953125,45.63758389261745,0.012206264943349556,0.189341443346288,490,501760,erdos_renyi,14,3,0,QTL schedule linear,sampled
485,36,0.08852479706008444,10.837890625,0.7225260416666667,1.0,1.0,15,0.015625,46.97986577181208,0.011878834210230164,0.10461446762630247,504,516096,erdos_renyi,14,3,0,QTL schedule linear,sampled
486,37,0.09201919558554256,11.064453125,0.7376302083333334,1.0,1.0,15,0.0244140625,48.322147651006716,0.011566008379004643,0.0847008875499532,518,530432,erdos_renyi,14,3,0,QTL schedule linear,sampled
487,38,0.08136809555510675,10.9326171875,0.7288411458333334,1.0,1.0,15,0.01953125,49.664429530201346,0.011266871784476707,0.09208178923510406,532,544768,erdos_renyi,14,3,0,QTL schedule linear,sampled
488,39,0.07056458250239646,10.7763671875,0.7184244791666666,1.0,1.0,15,0.013671875,51.006711409395976,0.010980582906688567,0.09069641741711919,546,559104,erdos_renyi,14,3,0,QTL schedule linear,sampled
489,40,0.08199612268226217,10.9560546875,0.7304036458333333,1.0,1.0,15,0.0234375,52.348993288590606,0.010706367009983984,0.09001452816084257,560,573440,erdos_renyi,14,3,0,QTL schedule linear,sampled
490,41,0.08817535462640273,10.9267578125,0.7284505208333333,1.0,1.0,15,0.025390625,53.691275167785236,0.010443509646499946,0.12858272926499675,574,587776,erdos_renyi,14,3,0,QTL schedule linear,sampled
491,42,0.06746058550353129,11.0068359375,0.7337890625,1.0,1.0,15,0.0224609375,55.033557046979865,0.010191350907135336,0.10150293731321308,588,602112,erdos_renyi,14,3,0,QTL schedule linear,sampled
492,43,0.07168141751283215,10.8291015625,0.7219401041666667,1.0,1.0,15,0.0263671875,56.375838926174495,0.009949280320907363,0.09003157665338031,602,616448,erdos_renyi,14,3,0,QTL schedule linear,sampled
493,44,0.06576751870475292,10.9111328125,0.7274088541666667,1.0,1.0,15,0.025390625,57.71812080536913,0.009716732318438599,0.05279893042292496,616,630784,erdos_renyi,14,3,0,QTL schedule linear,sampled
494,45,0.06502545153226472,10.9599609375,0.7306640625,1.0,1.0,15,0.021484375,59.06040268456376,0.009493182187681942,0.05991258741258739,630,645120,erdos_renyi,14,3,0,QTL schedule linear,sampled
495,46,0.0710633063246272,10.962890625,0.730859375,1.0,1.0,15,0.021484375,60.40268456375839,0.009278142460339174,0.11277388108440356,644,659456,erdos_renyi,14,3,0,QTL schedule linear,sampled
496,47,0.05717509664854971,10.984375,0.7322916666666667,1.0,1.0,15,0.0205078125,61.74496644295302,0.009071159676120712,0.09094202972198749,658,673792,erdos_renyi,14,3,0,QTL schedule linear,sampled
497,48,0.06087489079616271,11.1279296875,0.7418619791666666,1.0,1.0,15,0.0234375,63.08724832214765,0.008871811479321392,0.09836050528362467,672,688128,erdos_renyi,14,3,0,QTL schedule linear,sampled
498,49,0.06272124032372814,11.0673828125,0.7378255208333333,1.0,1.0,15,0.0205078125,64.42953020134227,0.008679704008384494,0.08818464858028384,686,702464,erdos_renyi,14,3,0,QTL schedule linear,sampled
499,50,0.058390201375911166,11.05078125,0.73671875,1.0,1.0,15,0.0380859375,65.77181208053692,0.0084944695443852,0.1043724491042934,700,716800,erdos_renyi,14,3,0,QTL schedule linear,sampled
500,51,0.060212390710778996,10.98828125,0.7325520833333333,1.0,1.0,15,0.0224609375,67.11409395973155,0.008315764388841346,0.08517797133062043,714,731136,erdos_renyi,14,3,0,QTL schedule linear,sampled
501,52,0.056100389557247984,10.892578125,0.726171875,1.0,1.0,15,0.0166015625,68.45637583892618,0.008143266945081412,0.0825890763048811,728,745472,erdos_renyi,14,3,0,QTL schedule linear,sampled
502,53,0.05638703752642056,10.958984375,0.7305989583333333,1.0,1.0,15,0.0234375,69.79865771812081,0.007976675980672504,0.05579613126647842,742,759808,erdos_renyi,14,3,0,QTL schedule linear,sampled
503,54,0.05218649067254308,10.98046875,0.73203125,1.0,1.0,15,0.0185546875,71.14093959731544,0.007815709051221207,0.08222007394954581,756,774144,erdos_renyi,14,3,0,QTL schedule linear,sampled
504,55,0.05429862872914573,11.0419921875,0.7361328125,1.0,1.0,15,0.0185546875,72.48322147651007,0.007660101068279789,0.07563168333017396,770,788480,erdos_renyi,14,3,0,QTL schedule linear,sampled
505,56,0.052650495983048044,11.115234375,0.741015625,1.0,1.0,15,0.03125,73.8255033557047,0.0075096029961785275,0.05910883473250291,784,802816,erdos_renyi,14,3,0,QTL schedule linear,sampled
506,57,0.046965257961308696,10.9912109375,0.7327473958333334,1.0,1.0,15,0.0224609375,75.16778523489933,0.007363980664412407,0.07154321176833844,798,817152,erdos_renyi,14,3,0,QTL schedule linear,sampled
507,58,0.04801165919904541,11.1123046875,0.7408203125,1.0,1.0,15,0.025390625,76.51006711409396,0.007223013683777929,0.07432690571732319,812,831488,erdos_renyi,14,3,0,QTL schedule linear,sampled
508,59,0.055135323872555604,11.0380859375,0.7358723958333333,1.0,1.0,15,0.0263671875,77.85234899328859,0.007086494455818977,0.061813909660529645,826,845824,erdos_renyi,14,3,0,QTL schedule linear,sampled
509,60,0.04969705002328592,11.0107421875,0.7340494791666666,1.0,1.0,15,0.0185546875,79.19463087248322,0.006954227266328384,0.06461023368073075,840,860160,erdos_renyi,14,3,0,QTL schedule linear,sampled
510,61,0.04660493985937288,11.0283203125,0.7352213541666667,1.0,1.0,15,0.0263671875,80.53691275167785,0.006826027454689172,0.0643543986722914,854,874496,erdos_renyi,14,3,0,QTL schedule linear,sampled
511,62,0.04352969019396179,11.0556640625,0.7370442708333333,1.0,1.0,15,0.0302734375,81.87919463087249,0.00670172065174726,0.06809108125322352,868,888832,erdos_renyi,14,3,0,QTL schedule linear,sampled
512,63,0.049973675759725084,11.0283203125,0.7352213541666667,1.0,1.0,15,0.025390625,83.22147651006712,0.006581142079703536,0.06740291002355407,882,903168,erdos_renyi,14,3,0,QTL schedule linear,sampled
513,64,0.041359143298891406,10.9912109375,0.7327473958333334,1.0,1.0,15,0.025390625,84.56375838926175,0.006464135908212679,0.04726186758816392,896,917504,erdos_renyi,14,3,0,QTL schedule linear,sampled
514,65,0.04369213111816207,10.9814453125,0.7320963541666666,1.0,1.0,15,0.0224609375,85.90604026845638,0.006350554661491919,0.04196263346564476,910,931840,erdos_renyi,14,3,0,QTL schedule linear,sampled
515,66,0.03972266534747379,11.01953125,0.7346354166666667,1.0,1.0,15,0.0234375,87.24832214765101,0.006240258671786171,0.05733007375447711,924,946176,erdos_renyi,14,3,0,QTL schedule linear,sampled
516,67,0.046944968137923565,10.994140625,0.7329427083333333,1.0,1.0,15,0.025390625,88.59060402684564,0.006133115575015717,0.04651689528793793,938,960512,erdos_renyi,14,3,0,QTL schedule linear,sampled
517,68,0.043220556403994664,11.0966796875,0.7397786458333333,1.0,1.0,15,0.0283203125,89.93288590604027,0.0060289998448575894,0.04831414812889308,952,974848,erdos_renyi,14,3,0,QTL schedule linear,sampled
518,69,0.04067476478889387,10.93359375,0.72890625,1.0,1.0,15,0.0322265625,91.2751677852349,0.005927792361888264,0.055854512723834925,966,989184,erdos_renyi,14,3,0,QTL schedule linear,sampled
519,70,0.03966180542529838,10.984375,0.7322916666666667,1.0,1.0,15,0.0224609375,92.61744966442953,0.005829380014749861,0.03440676302449268,980,1003520,erdos_renyi,14,3,0,QTL schedule linear,sampled
520,71,0.04136824684382347,11.12109375,0.74140625,1.0,1.0,15,0.021484375,93.95973154362416,0.0057336553305995346,0.043881624158359375,994,1017856,erdos_renyi,14,3,0,QTL schedule linear,sampled
521,72,0.03814856380279391,10.998046875,0.733203125,1.0,1.0,15,0.01953125,95.30201342281879,0.005640516132366728,0.043243208992665386,1008,1032192,erdos_renyi,14,3,0,QTL schedule linear,sampled
522,73,0.0346420123058582,11.0087890625,0.7339192708333333,1.0,1.0,15,0.029296875,96.64429530201343,0.005549865220579608,0.055185185185185164,1022,1046528,erdos_renyi,14,3,0,QTL schedule linear,sampled
523,74,0.03710339767121051,11.0146484375,0.7343098958333333,1.0,1.0,15,0.0244140625,97.98657718120806,0.005461610077733163,0.06944803820094571,1036,1060864,erdos_renyi,14,3,0,QTL schedule linear,sampled
524,75,0.04125949397094204,10.962890625,0.730859375,1.0,1.0,15,0.03125,99.32885906040269,0.005375662593360643,0.047284004391371336,1050,1075200,erdos_renyi,14,3,0,QTL schedule linear,sampled
525,76,0.03960452607590126,10.99609375,0.7330729166666666,1.0,1.0,15,0.0166015625,100.67114093959732,0.005291938808139466,0.04523714130696849,1064,1089536,erdos_renyi,14,3,0,QTL schedule linear,sampled
526,77,0.03679337357318912,10.943359375,0.7295572916666667,1.0,1.0,15,0.0205078125,102.01342281879195,0.005210358675514695,0.06527247579587152,1078,1103872,erdos_renyi,14,3,0,QTL schedule linear,sampled
527,78,0.03807955781005025,11.1689453125,0.7445963541666667,1.0,1.0,15,0.03515625,103.35570469798658,0.005130845839459923,0.06735459202939513,1092,1118208,erdos_renyi,14,3,0,QTL schedule linear,sampled
528,79,0.03668102394127753,11.0673828125,0.7378255208333333,1.0,1.0,15,0.0224609375,104.69798657718121,0.005053327427118178,0.06350164634558556,1106,1132544,erdos_renyi,14,3,0,QTL schedule linear,sampled
529,80,0.03329182842826945,11.1064453125,0.7404296875,1.0,1.0,15,0.02734375,106.04026845637584,0.004977733855176285,0.03906400020532899,1120,1146880,erdos_renyi,14,3,0,QTL schedule linear,sampled
530,81,0.03457355007055979,10.9697265625,0.7313151041666667,1.0,1.0,15,0.01953125,107.38255033557047,0.004903998648925915,0.032013200249809054,1134,1161216,erdos_renyi,14,3,0,QTL schedule linear,sampled
531,82,0.030792899827429516,11.046875,0.7364583333333333,1.0,1.0,15,0.0263671875,108.7248322147651,0.004832058273054724,0.04314932109599904,1148,1175552,erdos_renyi,14,3,0,QTL schedule linear,sampled
532,83,0.03531435706180052,11.0859375,0.7390625,1.0,1.0,15,0.0234375,110.06711409395973,0.004761851973292517,0.05845075611862334,1162,1189888,erdos_renyi,14,3,0,QTL schedule linear,sampled
533,84,0.03627252452456566,11.05078125,0.73671875,1.0,1.0,15,0.0234375,111.40939597315436,0.0046933216281111224,0.04321993611748868,1176,1204224,erdos_renyi,14,3,0,QTL schedule linear,sampled
534,85,0.0319220730367984,10.9921875,0.7328125,1.0,1.0,15,0.02734375,112.75167785234899,0.004626411609743518,0.05538008325230059,1190,1218560,erdos_renyi,14,3,0,QTL schedule linear,sampled
535,86,0.034495599427927875,11.0869140625,0.7391276041666667,1.0,1.0,15,0.0244140625,114.09395973154362,0.004561068653848384,0.03880502714923443,1204,1232896,erdos_renyi,14,3,0,QTL schedule linear,sampled
536,87,0.031494744534864734,11.0615234375,0.7374348958333333,1.0,1.0,15,0.0322265625,115.43624161073826,0.004497241737201306,0.03069276309456266,1218,1247232,erdos_renyi,14,3,0,QTL schedule linear,sampled
537,88,0.03414183282405281,10.9599609375,0.7306640625,1.0,1.0,15,0.0234375,116.7785234899329,0.004434881962843898,0.01669278571697167,1232,1261568,erdos_renyi,14,3,0,QTL schedule linear,sampled
538,89,0.030471069716943928,10.947265625,0.7298177083333334,1.0,1.0,15,0.0224609375,118.12080536912752,0.004373942452167657,0.02885361689358204,1246,1275904,erdos_renyi,14,3,0,QTL schedule linear,sampled
539,90,0.030433123932565923,11.080078125,0.738671875,1.0,1.0,15,0.017578125,119.46308724832215,0.004314378243450824,0.08181416234973274,1260,1290240,erdos_renyi,14,3,0,QTL schedule linear,sampled
540,91,0.031069959906248588,11.0712890625,0.7380859375,1.0,1.0,15,0.0234375,120.80536912751678,0.004256146196404334,0.04386970512730089,1274,1304576,erdos_renyi,14,3,0,QTL schedule linear,sampled
541,92,0.030394329732360253,11.1025390625,0.7401692708333333,1.0,1.0,15,0.03515625,122.14765100671141,0.004199204902317465,0.031199756770961564,1288,1318912,erdos_renyi,14,3,0,QTL schedule linear,sampled
542,93,0.03228629843144124,11.00390625,0.73359375,1.0,1.0,15,0.0302734375,123.48993288590604,0.00414351459942528,0.032462237591148316,1302,1333248,erdos_renyi,14,3,0,QTL schedule linear,sampled
543,94,0.03193913393217843,10.921875,0.728125,1.0,1.0,15,0.0166015625,124.83221476510067,0.004089037093148795,0.024104269140939556,1316,1347584,erdos_renyi,14,3,0,QTL schedule linear,sampled
544,95,0.0297478339527912,10.984375,0.7322916666666667,1.0,1.0,15,0.025390625,126.1744966442953,0.004035735680885157,0.04430861456272452,1330,1361920,erdos_renyi,14,3,0,QTL schedule linear,sampled
545,96,0.028806995519427246,11.0498046875,0.7366536458333334,1.0,1.0,15,0.02734375,127.51677852348993,0.003983575081049264,0.043526992863148505,1344,1376256,erdos_renyi,14,3,0,QTL schedule linear,sampled
546,97,0.027659490644079892,11.0380859375,0.7358723958333333,1.0,1.0,15,0.01953125,128.85906040268455,0.003932521366090417,0.027157466968640093,1358,1390592,erdos_renyi,14,3,0,QTL schedule linear,sampled
547,98,0.028827797851158486,11.009765625,0.733984375,1.0,1.0,15,0.0244140625,130.2013422818792,0.0038825418992278556,0.013598221351043417,1372,1404928,erdos_renyi,14,3,0,QTL schedule linear,sampled
548,99,0.0258857949421689,11.109375,0.740625,1.0,1.0,15,0.0263671875,131.54362416107384,0.003833605274667713,0.03029411675585751,1386,1419264,erdos_renyi,14,3,0,QTL schedule linear,sampled
549,100,0.028565689942468445,11.1259765625,0.7417317708333333,1.0,1.0,15,0.0302734375,132.88590604026845,0.0037856812610810478,0.02549964016800979,1400,1433600,erdos_renyi,14,3,0,QTL schedule linear,sampled
550,101,0.030532025538497112,11.04296875,0.7361979166666667,1.0,1.0,15,0.017578125,134.2281879194631,0.0037387407481383446,0.03226164073648771,1414,1447936,erdos_renyi,14,3,0,QTL schedule linear,sampled
551,102,0.029030950013602667,11.064453125,0.7376302083333334,1.0,1.0,15,0.0302734375,135.5704697986577,0.0036927556959104172,0.01874317818788076,1428,1462272,erdos_renyi,14,3,0,QTL schedule linear,sampled
552,103,0.028050194778623992,11.1416015625,0.7427734375,1.0,1.0,15,0.025390625,136.91275167785236,0.0036476990869589586,0.03622527111815945,1442,1476608,erdos_renyi,14,3,0,QTL schedule linear,sampled
553,104,0.027456342760236663,10.990234375,0.7326822916666667,1.0,1.0,15,0.021484375,138.25503355704697,0.003603544880952324,0.024494980102396428,1456,1490944,erdos_renyi,14,3,0,QTL schedule linear,sampled
554,105,0.026314082445630656,11.138671875,0.742578125,1.0,1.0,15,0.021484375,139.59731543624162,0.00356026797165348,0.03341609353128421,1470,1505280,erdos_renyi,14,3,0,QTL schedule linear,sampled
555,106,0.028288947197072332,11.16015625,0.7440104166666667,1.0,1.0,15,0.0361328125,140.93959731543623,0.0035178441461375235,0.03523052484971852,1484,1519616,erdos_renyi,14,3,0,QTL schedule linear,sampled
556,107,0.027318653576109835,10.998046875,0.733203125,1.0,1.0,15,0.0234375,142.28187919463087,0.0034762500461058684,0.048938734684567595,1498,1533952,erdos_renyi,14,3,0,QTL schedule linear,sampled
557,108,0.02557630443313634,10.95703125,0.73046875,1.0,1.0,15,0.03125,143.6241610738255,0.0034354631311731536,0.03060816070844288,1512,1548288,erdos_renyi,14,3,0,QTL schedule linear,sampled
558,109,0.027503143108264766,11.1044921875,0.7402994791666667,1.0,1.0,15,0.0185546875,144.96644295302013,0.0033954616440111723,0.018252057536178614,1526,1562624,erdos_renyi,14,3,0,QTL schedule linear,sampled
559,110,0.02537508262059434,11.1806640625,0.7453776041666667,1.0,1.0,15,0.0302734375,146.30872483221478,0.003356224577241832,0.020313050748151384,1540,1576960,erdos_renyi,14,3,0,QTL schedule linear,sampled
560,111,0.026655690467035177,11.0859375,0.7390625,1.0,1.0,15,0.0224609375,147.6510067114094,0.003317731641978208,0.023886307143416725,1554,1591296,erdos_renyi,14,3,0,QTL schedule linear,sampled
561,112,0.025477507245985367,11.015625,0.734375,1.0,1.0,15,0.0234375,148.99328859060404,0.00327996323791936,0.04510383370180693,1568,1605632,erdos_renyi,14,3,0,QTL schedule linear,sampled
562,113,0.022848646088205936,11.1318359375,0.7421223958333333,1.0,1.0,15,0.0283203125,150.33557046979865,0.0032429004249106643,0.030916996246203393,1582,1619968,erdos_renyi,14,3,0,QTL schedule linear,sampled
563,114,0.026642650756981856,11.05078125,0.73671875,1.0,1.0,15,0.017578125,151.6778523489933,0.0032065248958870894,0.03254877697790659,1596,1634304,erdos_renyi,14,3,0,QTL schedule linear,sampled
564,115,0.023759193245599716,11.14453125,0.74296875,1.0,1.0,15,0.02734375,153.0201342281879,0.0031708189511220775,0.015229316350189512,1610,1648640,erdos_renyi,14,3,0,QTL schedule linear,sampled
565,116,0.023089661755057993,11.0087890625,0.7339192708333333,1.0,1.0,15,0.029296875,154.36241610738256,0.0031357654737096076,0.0444336547512638,1624,1662976,erdos_renyi,14,3,0,QTL schedule linear,sampled
566,117,0.026320711671118203,11.017578125,0.7345052083333333,1.0,1.0,15,0.0263671875,155.70469798657717,0.003101347906211528,0.022712267614589006,1638,1677312,erdos_renyi,14,3,0,QTL schedule linear,sampled
567,118,0.022068147415263216,11.015625,0.734375,1.0,1.0,15,0.03125,157.04697986577182,0.003067550228406479,0.030329393948775527,1652,1691648,erdos_renyi,14,3,0,QTL schedule linear,sampled
568,119,0.021137499034082973,11.041015625,0.7360677083333333,1.0,1.0,15,0.0361328125,158.38926174496643,0.003034356936080673,0.026227133195589235,1666,1705984,erdos_renyi,14,3,0,QTL schedule linear,sampled
569,120,0.023242722736510783,10.990234375,0.7326822916666667,1.0,1.0,15,0.0126953125,159.73154362416108,0.0030017530208044214,0.03415419200440504,1680,1720320,erdos_renyi,14,3,0,QTL schedule linear,sampled
570,121,0.02622040912792039,11.1181640625,0.7412109375,1.0,1.0,15,0.033203125,161.0738255033557,0.002969723950641759,0.032287881242538584,1694,1734656,erdos_renyi,14,3,0,QTL schedule linear,sampled
571,122,0.02216077797595922,11.0986328125,0.7399088541666666,1.0,1.0,15,0.01953125,162.41610738255034,0.0029382556517436407,0.023026047143079986,1708,1748992,erdos_renyi,14,3,0,QTL schedule linear,sampled
572,123,0.024347044718791757,11.12109375,0.74140625,1.0,1.0,15,0.0224609375,163.75838926174498,0.0029073344907782042,0.029021748401915817,1722,1763328,erdos_renyi,14,3,0,QTL schedule linear,sampled
573,124,0.022486861834510433,11.01953125,0.7346354166666667,1.0,1.0,15,0.0126953125,165.1006711409396,0.002876947258154311,0.02453004100796091,1736,1777664,erdos_renyi,14,3,0,QTL schedule linear,sampled
574,125,0.022069875599561195,11.091796875,0.739453125,1.0,1.0,15,0.0244140625,166.44295302013424,0.002847081151997206,0.021641567134857147,1750,1792000,erdos_renyi,14,3,0,QTL schedule linear,sampled
575,126,0.02166838423998694,10.9189453125,0.7279296875,1.0,1.0,15,0.0224609375,167.78523489932886,0.0028177237628375213,0.030706774666598245,1764,1806336,erdos_renyi,14,3,0,QTL schedule linear,sampled
576,127,0.0229823593576797,11.1376953125,0.7425130208333334,1.0,1.0,15,0.02734375,169.1275167785235,0.002788863058977109,0.012496424428579987,1778,1820672,erdos_renyi,14,3,0,QTL schedule linear,sampled
577,128,0.02404096499094261,10.9794921875,0.7319661458333333,1.0,1.0,15,0.025390625,170.46979865771812,0.0027604873724973223,0.015886655024835297,1792,1835008,erdos_renyi,14,3,0,QTL schedule linear,sampled
578,129,0.022352498964215994,11.072265625,0.7381510416666667,1.0,1.0,15,0.03125,171.81208053691276,0.0027325853858773,0.028121233233782003,1806,1849344,erdos_renyi,14,3,0,QTL schedule linear,sampled
579,130,0.020786466163496633,11.1669921875,0.7444661458333334,1.0,1.0,15,0.0341796875,173.15436241610738,0.0027051461191916998,0.026627764998941327,1820,1863680,erdos_renyi,14,3,0,QTL schedule linear,sampled
580,131,0.022275209838981864,10.9296875,0.7286458333333333,1.0,1.0,15,0.01953125,174.49664429530202,0.0026781589178590157,0.03016285193469475,1834,1878016,erdos_renyi,14,3,0,QTL schedule linear,sampled
581,132,0.02134577398139216,11.1455078125,0.7430338541666667,1.0,1.0,15,0.0234375,175.83892617449663,0.002651613440913272,0.018851523956710428,1848,1892352,erdos_renyi,14,3,0,QTL schedule linear,sampled
582,133,0.02073230738140597,10.93359375,0.72890625,1.0,1.0,15,0.0263671875,177.18120805369128,0.0026254996497733856,0.028084103241421448,1862,1906688,erdos_renyi,14,3,0,QTL schedule linear,sampled
583,134,0.02102478489896521,11.1142578125,0.7409505208333333,1.0,1.0,15,0.0302734375,178.52348993288592,0.0025998077974859115,0.018363980675271088,1876,1921024,erdos_renyi,14,3,0,QTL schedule linear,sampled
584,135,0.018313020941607725,11.107421875,0.7404947916666667,1.0,1.0,15,0.0244140625,179.86577181208054,0.002574528418418251,0.03300612811458863,1890,1935360,erdos_renyi,14,3,0,QTL schedule linear,sampled
585,136,0.022950873311873742,10.9736328125,0.7315755208333333,1.0,1.0,15,0.021484375,181.20805369127518,0.0025496523183806126,0.030969855125179743,1904,1949696,erdos_renyi,14,3,0,QTL schedule linear,sampled
586,137,0.018339888867807283,11.146484375,0.7430989583333333,1.0,1.0,15,0.0302734375,182.5503355704698,0.0025251705651562484,0.023283487613537768,1918,1964032,erdos_renyi,14,3,0,QTL schedule linear,sampled
587,138,0.01957265792037274,11.0283203125,0.7352213541666667,1.0,1.0,15,0.0263671875,183.89261744966444,0.0025010744794205417,0.018183276595952976,1932,1978368,erdos_renyi,14,3,0,QTL schedule linear,sampled
588,139,0.018881348027754773,10.986328125,0.732421875,1.0,1.0,15,0.0224609375,185.23489932885906,0.0024773556260306103,0.038687311750426515,1946,1992704,erdos_renyi,14,3,0,QTL schedule linear,sampled
589,140,0.019688234347809988,11.064453125,0.7376302083333334,1.0,1.0,15,0.0263671875,186.5771812080537,0.0024540058056680327,0.0209494709305785,1960,2007040,erdos_renyi,14,3,0,QTL schedule linear,sampled
590,141,0.02213119926502111,11.08203125,0.7388020833333333,1.0,1.0,15,0.02734375,187.91946308724832,0.0024310170468182482,0.025732405972015357,1974,2021376,erdos_renyi,14,3,0,QTL schedule linear,sampled
591,142,0.020056761023435295,11.0361328125,0.7357421875,1.0,1.0,15,0.01953125,189.26174496644293,0.0024083815980710335,0.03444668186722139,1988,2035712,erdos_renyi,14,3,0,QTL schedule linear,sampled
592,143,0.019074281901396956,11.0185546875,0.7345703125,1.0,1.0,15,0.02734375,190.60402684563758,0.0023860919207272877,0.027632931162428924,2002,2050048,erdos_renyi,14,3,0,QTL schedule linear,sampled
593,144,0.0189408953146739,11.125,0.7416666666666667,1.0,1.0,15,0.0185546875,191.9463087248322,0.002364140681698105,0.024162606302289103,2016,2064384,erdos_renyi,14,3,0,QTL schedule linear,sampled
594,145,0.01843966042938659,11.078125,0.7385416666666667,1.0,1.0,15,0.0302734375,193.28859060402687,0.0023425207466828673,0.01573229857505553,2030,2078720,erdos_renyi,14,3,0,QTL schedule linear,sampled
595,146,0.018679641586195637,11.02734375,0.73515625,1.0,1.0,15,0.02734375,194.63087248322148,0.0023212251736137402,0.032271574911230505,2044,2093056,erdos_renyi,14,3,0,QTL schedule linear,sampled
596,147,0.0181870623413128,11.12890625,0.7419270833333333,1.0,1.0,15,0.02734375,195.97315436241612,0.002300247206354615,0.020450785203256223,2058,2107392,erdos_renyi,14,3,0,QTL schedule linear,sampled
597,148,0.01824118459245623,11.083984375,0.7389322916666666,1.0,1.0,15,0.029296875,197.31543624161074,0.0022795802686431527,0.026007622451185774,2072,2121728,erdos_renyi,14,3,0,QTL schedule linear,sampled
598,149,0.019108130434489026,11.0068359375,0.7337890625,1.0,1.0,15,0.02734375,198.65771812080538,0.0022592179582651365,0.017240100190638825,2086,2136064,erdos_renyi,14,3,0,QTL schedule linear,sampled
599,150,0.01817817469797562,11.1337890625,0.7422526041666667,1.0,1.0,15,0.015625,200.0,0.0022391540414509028,0.019924042150660636,2100,2150400,erdos_renyi,14,3,0,QTL schedule linear,sampled
600,1,7.0595703125,7.87890625,0.5252604166666667,0.9333333333333333,0.9333333333333333,14,0.0,,0.06172606375797438,2.5,14,14336,erdos_renyi,14,3,1,Expectation,sampled
601,2,6.8349609375,8.09375,0.5395833333333333,1.0,1.0,15,0.0009765625,,0.05735522822936679,2.5,28,28672,erdos_renyi,14,3,1,Expectation,sampled
602,3,6.5029296875,8.5224609375,0.5681640625,0.9333333333333333,1.0,15,0.0,,0.05375750759044572,2.5,42,43008,erdos_renyi,14,3,1,Expectation,sampled
603,4,6.236328125,8.595703125,0.573046875,0.8666666666666667,1.0,15,0.0,,0.05073089276276016,2.5,56,57344,erdos_renyi,14,3,1,Expectation,sampled
604,5,6.2216796875,8.7958984375,0.5863932291666667,0.9333333333333333,1.0,15,0.0,,0.0481400490304311,2.5,70,71680,erdos_renyi,14,3,1,Expectation,sampled
605,6,6.025390625,9.0107421875,0.6007161458333333,1.0,1.0,15,0.001953125,,0.04589050319120088,2.4999999999999996,84,86016,erdos_renyi,14,3,1,Expectation,sampled
606,7,5.8359375,9.13671875,0.6091145833333333,0.9333333333333333,1.0,15,0.0,,0.0439140671199312,1.9245197737508712,98,100352,erdos_renyi,14,3,1,Expectation,sampled
607,8,5.7080078125,9.27734375,0.6184895833333334,1.0,1.0,15,0.0009765625,,0.04216014399219075,2.231432491073668,112,114688,erdos_renyi,14,3,1,Expectation,sampled
608,9,5.544921875,9.396484375,0.6264322916666667,1.0,1.0,15,0.001953125,,0.04059030480903759,2.5,126,129024,erdos_renyi,14,3,1,Expectation,sampled
609,10,5.3037109375,9.728515625,0.6485677083333333,1.0,1.0,15,0.0048828125,,0.03917477534832558,2.5000000000000004,140,143360,erdos_renyi,14,3,1,Expectation,sampled
610,11,5.1572265625,9.9248046875,0.6616536458333333,1.0,1.0,15,0.0078125,,0.0378900866404636,2.5,154,157696,erdos_renyi,14,3,1,Expectation,sampled
611,12,4.79296875,10.1962890625,0.6797526041666667,1.0,1.0,15,0.009765625,,0.03671745973566442,2.5,168,172032,erdos_renyi,14,3,1,Expectation,sampled
612,13,4.587890625,10.3759765625,0.6917317708333334,1.0,1.0,15,0.01171875,,0.0356416683383965,2.5,182,186368,erdos_renyi,14,3,1,Expectation,sampled
613,14,4.333984375,10.65625,0.7104166666666667,1.0,1.0,15,0.0068359375,,0.0346502208875103,2.5000000000000004,196,200704,erdos_renyi,14,3,1,Expectation,sampled
614,15,4.2353515625,10.7666015625,0.7177734375,1.0,1.0,15,0.0146484375,,0.03373276128686897,2.4999999999999996,210,215040,erdos_renyi,14,3,1,Expectation,sampled
615,16,4.0087890625,10.8427734375,0.7228515625,1.0,1.0,15,0.0166015625,,0.032880622468849645,2.5,224,229376,erdos_renyi,14,3,1,Expectation,sampled
616,17,4.0107421875,10.994140625,0.7329427083333333,1.0,1.0,15,0.01171875,,0.03208648880827392,2.360385299523582,238,243712,erdos_renyi,14,3,1,Expectation,sampled
617,18,3.9560546875,11.0888671875,0.7392578125,1.0,1.0,15,0.015625,,0.03134413738094823,1.9518032637088734,252,258048,erdos_renyi,14,3,1,Expectation,sampled
618,19,3.8984375,11.1044921875,0.7402994791666667,1.0,1.0,15,0.013671875,,0.03064823721074824,1.8140417973456648,266,272384,erdos_renyi,14,3,1,Expectation,sampled
619,20,3.9150390625,11.0224609375,0.7348307291666667,1.0,1.0,15,0.015625,,0.029994191761820287,2.1293581981572682,280,286720,erdos_renyi,14,3,1,Expectation,sampled
620,21,3.7958984375,11.19140625,0.74609375,1.0,1.0,15,0.021484375,,0.02937801409200147,2.2581951516681587,294,301056,erdos_renyi,14,3,1,Expectation,sampled
621,22,3.857421875,11.2587890625,0.7505859375,1.0,1.0,15,0.0146484375,,0.028796226961947273,1.0810763004558126,308,315392,erdos_renyi,14,3,1,Expectation,sampled
622,23,3.859375,11.240234375,0.7493489583333334,1.0,1.0,15,0.021484375,,0.02824578221714004,1.716289631940952,322,329728,erdos_renyi,14,3,1,Expectation,sampled
623,24,3.8505859375,11.23046875,0.7486979166666666,1.0,1.0,15,0.015625,,0.027723995201538437,0.7420570660468233,336,344064,erdos_renyi,14,3,1,Expectation,sampled
624,25,3.6728515625,11.2265625,0.7484375,1.0,1.0,15,0.0244140625,,0.02722849100253128,1.2044884028591016,350,358400,erdos_renyi,14,3,1,Expectation,sampled
625,26,3.71484375,11.2490234375,0.7499348958333333,1.0,1.0,15,0.0263671875,,0.026757160087561217,1.4105643318594032,364,372736,erdos_renyi,14,3,1,Expectation,sampled
626,27,3.736328125,11.263671875,0.7509114583333333,1.0,1.0,15,0.0244140625,,0.026308121454964955,1.1168007347891504,378,387072,erdos_renyi,14,3,1,Expectation,sampled
627,28,3.8681640625,11.3115234375,0.7541015625,1.0,1.0,15,0.01953125,,0.025879691841392598,0.9667751733675433,392,401408,erdos_renyi,14,3,1,Expectation,sampled
628,29,3.6572265625,11.322265625,0.7548177083333333,1.0,1.0,15,0.0224609375,,0.02547035984473107,0.9979102233381385,406,415744,erdos_renyi,14,3,1,Expectation,sampled
629,30,3.771484375,11.30859375,0.75390625,1.0,1.0,15,0.02734375,,0.025078764062338103,1.4498713995369765,420,430080,erdos_renyi,14,3,1,Expectation,sampled
630,31,3.7041015625,11.35546875,0.75703125,1.0,1.0,15,0.021484375,,0.02470367452925437,0.6598817152898147,434,444416,erdos_renyi,14,3,1,Expectation,sampled
631,32,3.7529296875,11.2958984375,0.7530598958333333,1.0,1.0,15,0.01953125,,0.02434397688406908,1.3637963663500607,448,458752,erdos_renyi,14,3,1,Expectation,sampled
632,33,3.7646484375,11.3759765625,0.7583984375,1.0,1.0,15,0.0302734375,,0.023998658801579687,1.4531768461433014,462,473088,erdos_renyi,14,3,1,Expectation,sampled
633,34,3.6748046875,11.2646484375,0.7509765625,1.0,1.0,15,0.01953125,,0.023666798318885542,1.1753938866947515,476,487424,erdos_renyi,14,3,1,Expectation,sampled
634,35,3.650390625,11.150390625,0.743359375,1.0,1.0,15,0.0263671875,,0.02334755375070217,0.8308790942579445,490,501760,erdos_renyi,14,3,1,Expectation,sampled
635,36,3.71875,11.345703125,0.7563802083333333,1.0,1.0,15,0.0234375,,0.023040154944674613,1.5262744018703474,504,516096,erdos_renyi,14,3,1,Expectation,sampled
636,37,3.7578125,11.25,0.75,1.0,1.0,15,0.0244140625,,0.02274389567146551,0.8908294978355101,518,530432,erdos_renyi,14,3,1,Expectation,sampled
637,38,3.771484375,11.34375,0.75625,1.0,1.0,15,0.03125,,0.022458126979795854,1.2262771177258454,532,544768,erdos_renyi,14,3,1,Expectation,sampled
638,39,3.73828125,11.2646484375,0.7509765625,1.0,1.0,15,0.03125,,0.022182251375256774,1.0228521405681485,546,559104,erdos_renyi,14,3,1,Expectation,sampled
639,40,3.6650390625,11.255859375,0.750390625,1.0,1.0,15,0.0185546875,,0.02191571770500077,1.1529547671653884,560,573440,erdos_renyi,14,3,1,Expectation,sampled
640,41,3.662109375,11.2001953125,0.7466796875,1.0,1.0,15,0.0244140625,,0.02165801664945291,0.557975373411752,574,587776,erdos_renyi,14,3,1,Expectation,sampled
641,42,3.759765625,11.2802734375,0.7520182291666667,1.0,1.0,15,0.021484375,,0.02140867673780778,0.8610734281874385,588,602112,erdos_renyi,14,3,1,Expectation,sampled
642,43,3.6591796875,11.255859375,0.750390625,1.0,1.0,15,0.0244140625,,0.02116726081696399,1.2198743280189424,602,616448,erdos_renyi,14,3,1,Expectation,sampled
643,44,3.70703125,11.3232421875,0.7548828125,1.0,1.0,15,0.0185546875,,0.02093336291422007,0.8290762566073274,616,630784,erdos_renyi,14,3,1,Expectation,sampled
644,45,3.765625,11.3310546875,0.7554036458333333,1.0,1.0,15,0.03125,,0.02070660544293041,0.6912952053747525,630,645120,erdos_renyi,14,3,1,Expectation,sampled
645,46,3.7607421875,11.2744140625,0.7516276041666666,1.0,1.0,15,0.0234375,,0.02048663670772878,1.0131580616135372,644,659456,erdos_renyi,14,3,1,Expectation,sampled
646,47,3.6708984375,11.2646484375,0.7509765625,1.0,1.0,15,0.0205078125,,0.02027312867213555,0.6145170359224921,658,673792,erdos_renyi,14,3,1,Expectation,sampled
647,48,3.6630859375,11.298828125,0.7532552083333334,1.0,1.0,15,0.0244140625,,0.020065774956585968,0.9510495461635068,672,688128,erdos_renyi,14,3,1,Expectation,sampled
648,49,3.69921875,11.3046875,0.7536458333333333,1.0,1.0,15,0.02734375,,0.019864289039322903,1.0244834156397544,686,702464,erdos_renyi,14,3,1,Expectation,sampled
649,50,3.7314453125,11.2470703125,0.7498046875,1.0,1.0,15,0.02734375,,0.019668402636328148,0.8554631759949681,700,716800,erdos_renyi,14,3,1,Expectation,sampled
650,51,3.748046875,11.3310546875,0.7554036458333333,1.0,1.0,15,0.02734375,,0.019477864239635097,0.5149809543087792,714,731136,erdos_renyi,14,3,1,Expectation,sampled
651,52,3.765625,11.2802734375,0.7520182291666667,1.0,1.0,15,0.0263671875,,0.019292437796065362,0.7466534018473597,728,745472,erdos_renyi,14,3,1,Expectation,sampled
652,53,3.79296875,11.181640625,0.7454427083333334,1.0,1.0,15,0.0224609375,,0.019111901510738816,0.7593387296829285,742,759808,erdos_renyi,14,3,1,Expectation,sampled
653,54,3.8330078125,11.263671875,0.7509114583333333,1.0,1.0,15,0.0283203125,,0.018936046761683596,0.8552134232983298,756,774144,erdos_renyi,14,3,1,Expectation,sampled
654,55,3.7255859375,11.349609375,0.756640625,1.0,1.0,15,0.0263671875,,0.018764677113571295,0.8801813666973698,770,788480,erdos_renyi,14,3,1,Expectation,sampled
655,56,3.6728515625,11.203125,0.746875,1.0,1.0,15,0.0205078125,,0.018597607420066286,0.9881215324558162,784,802816,erdos_renyi,14,3,1,Expectation,sampled
656,57,3.7177734375,11.2685546875,0.7512369791666667,1.0,1.0,15,0.0224609375,,0.01843466300554247,0.5856444579711686,798,817152,erdos_renyi,14,3,1,Expectation,sampled
657,58,3.7080078125,11.3017578125,0.7534505208333333,1.0,1.0,15,0.015625,,0.018275678918015296,0.7940426024338874,812,831488,erdos_renyi,14,3,1,Expectation,sampled
658,59,3.7841796875,11.2099609375,0.7473307291666667,1.0,1.0,15,0.021484375,,0.01812049924608745,0.8511586762902209,826,845824,erdos_renyi,14,3,1,Expectation,sampled
659,60,3.6943359375,11.1904296875,0.7460286458333333,1.0,1.0,15,0.017578125,,0.017968976493533073,1.1139085575015109,840,860160,erdos_renyi,14,3,1,Expectation,sampled
660,61,3.7353515625,11.23828125,0.74921875,1.0,1.0,15,0.025390625,,0.01782097100586636,0.9521915054362238,854,874496,erdos_renyi,14,3,1,Expectation,sampled
661,62,3.83203125,11.2880859375,0.7525390625,1.0,1.0,15,0.0166015625,,0.017676350443870288,1.0019840585198108,868,888832,erdos_renyi,14,3,1,Expectation,sampled
662,63,3.7607421875,11.1552734375,0.7436848958333333,1.0,1.0,15,0.0234375,,0.01753498929961278,0.790986689285574,882,903168,erdos_renyi,14,3,1,Expectation,sampled
663,64,3.71484375,11.3251953125,0.7550130208333333,1.0,1.0,15,0.0166015625,,0.01739676845096164,0.7277297621297707,896,917504,erdos_renyi,14,3,1,Expectation,sampled
664,65,3.744140625,11.2119140625,0.7474609375,1.0,1.0,15,0.0205078125,,0.017261574751035083,1.49776642125016,910,931840,erdos_renyi,14,3,1,Expectation,sampled
665,66,3.8173828125,11.2802734375,0.7520182291666667,1.0,1.0,15,0.025390625,,0.017129300649399624,1.0129509569141442,924,946176,erdos_renyi,14,3,1,Expectation,sampled
666,67,3.7197265625,11.330078125,0.7553385416666667,1.0,1.0,15,0.02734375,,0.01699984384215766,0.5708824340790659,938,960512,erdos_renyi,14,3,1,Expectation,sampled
667,68,3.689453125,11.21484375,0.74765625,1.0,1.0,15,0.0205078125,,0.01687310694835983,0.8464352299920985,952,974848,erdos_renyi,14,3,1,Expectation,sampled
668,69,3.71484375,11.26953125,0.7513020833333334,1.0,1.0,15,0.0224609375,,0.016748997210435965,0.9703385649050502,966,989184,erdos_renyi,14,3,1,Expectation,sampled
669,70,3.6357421875,11.271484375,0.7514322916666667,1.0,1.0,15,0.02734375,,0.016627426216568396,0.768758783057677,980,1003520,erdos_renyi,14,3,1,Expectation,sampled
670,71,3.7822265625,11.2607421875,0.7507161458333333,1.0,1.0,15,0.0302734375,,0.01650830964313557,0.9964187391101704,994,1017856,erdos_renyi,14,3,1,Expectation,sampled
671,72,3.7744140625,11.3037109375,0.7535807291666666,1.0,1.0,15,0.0234375,,0.016391567015535524,0.754786160735277,1008,1032192,erdos_renyi,14,3,1,Expectation,sampled
672,73,3.736328125,11.18359375,0.7455729166666667,1.0,1.0,15,0.021484375,,0.016277121485861,1.118789484616597,1022,1046528,erdos_renyi,14,3,1,Expectation,sampled
673,74,3.7861328125,11.30078125,0.7533854166666667,1.0,1.0,15,0.0185546875,,0.01616489962604245,0.5296706115370896,1036,1060864,erdos_renyi,14,3,1,Expectation,sampled
674,75,3.7041015625,11.2705078125,0.7513671875,1.0,1.0,15,0.017578125,,0.016054831235204608,0.9360874979252597,1050,1075200,erdos_renyi,14,3,1,Expectation,sampled
675,76,3.76953125,11.2373046875,0.7491536458333333,1.0,1.0,15,0.0244140625,,0.015946849160098125,1.2666768542097548,1064,1089536,erdos_renyi,14,3,1,Expectation,sampled
676,77,3.73046875,11.2890625,0.7526041666666666,1.0,1.0,15,0.0224609375,,0.015840889127571523,1.074141066083124,1078,1103872,erdos_renyi,14,3,1,Expectation,sampled
677,78,3.6875,11.255859375,0.750390625,1.0,1.0,15,0.0234375,,0.01573688958814218,0.8830333872236429,1092,1118208,erdos_renyi,14,3,1,Expectation,sampled
678,79,3.654296875,11.265625,0.7510416666666667,1.0,1.0,15,0.0205078125,,0.01563479156980859,0.9795189622773708,1106,1132544,erdos_renyi,14,3,1,Expectation,sampled
679,80,3.734375,11.220703125,0.748046875,1.0,1.0,15,0.0146484375,,0.015534538541321963,0.7053323641351527,1120,1146880,erdos_renyi,14,3,1,Expectation,sampled
680,81,3.734375,11.283203125,0.7522135416666667,1.0,1.0,15,0.0244140625,,0.015436076284203048,0.8907722217615522,1134,1161216,erdos_renyi,14,3,1,Expectation,sampled
681,82,3.6650390625,11.28515625,0.75234375,1.0,1.0,15,0.025390625,,0.015339352772851573,0.6528603341494729,1148,1175552,erdos_renyi,14,3,1,Expectation,sampled
682,83,3.8271484375,11.2822265625,0.7521484375,1.0,1.0,15,0.02734375,,0.015244318062151213,0.7976399658214746,1162,1189888,erdos_renyi,14,3,1,Expectation,sampled
683,84,3.794921875,11.294921875,0.7529947916666667,1.0,1.0,15,0.0224609375,,0.015150924182023153,0.9218263774915845,1176,1204224,erdos_renyi,14,3,1,Expectation,sampled
684,85,3.697265625,11.259765625,0.7506510416666666,1.0,1.0,15,0.0185546875,,0.015059125038426886,0.5557026774258349,1190,1218560,erdos_renyi,14,3,1,Expectation,sampled
685,86,3.759765625,11.212890625,0.7475260416666667,1.0,1.0,15,0.025390625,,0.014968876320348053,0.9477668615887455,1204,1232896,erdos_renyi,14,3,1,Expectation,sampled
686,87,3.7822265625,11.1513671875,0.7434244791666667,1.0,1.0,15,0.0224609375,,0.01488013541235063,1.0023166524981015,1218,1247232,erdos_renyi,14,3,1,Expectation,sampled
687,88,3.72265625,11.3681640625,0.7578776041666667,1.0,1.0,15,0.02734375,,0.014792861312304815,0.6695252960189616,1232,1261568,erdos_renyi,14,3,1,Expectation,sampled
688,89,3.7001953125,11.3798828125,0.7586588541666667,1.0,1.0,15,0.025390625,,0.014707014553932862,1.2680411176543183,1246,1275904,erdos_renyi,14,3,1,Expectation,sampled
689,90,3.8369140625,11.25,0.75,1.0,1.0,15,0.0205078125,,0.0146225571338434,0.921179557601964,1260,1290240,erdos_renyi,14,3,1,Expectation,sampled
690,91,3.740234375,11.30859375,0.75390625,1.0,1.0,15,0.01953125,,0.014539452442750376,0.8371846530548362,1274,1304576,erdos_renyi,14,3,1,Expectation,sampled
691,92,3.7548828125,11.25,0.75,1.0,1.0,15,0.01953125,,0.014457665200596373,1.3874719427897662,1288,1318912,erdos_renyi,14,3,1,Expectation,sampled
692,93,3.72265625,11.2724609375,0.7514973958333333,1.0,1.0,15,0.01953125,,0.014377161395321273,0.5100143819538867,1302,1333248,erdos_renyi,14,3,1,Expectation,sampled
693,94,3.7392578125,11.298828125,0.7532552083333334,1.0,1.0,15,0.0263671875,,0.014297908225037063,0.5882368620683303,1316,1347584,erdos_renyi,14,3,1,Expectation,sampled
694,95,3.705078125,11.2666015625,0.7511067708333333,1.0,1.0,15,0.017578125,,0.014219874043387296,0.9088292742419991,1330,1361920,erdos_renyi,14,3,1,Expectation,sampled
695,96,3.8359375,11.3583984375,0.7572265625,1.0,1.0,15,0.0126953125,,0.014143028307886312,1.2136982610736102,1344,1376256,erdos_renyi,14,3,1,Expectation,sampled
696,97,3.7958984375,11.3076171875,0.7538411458333333,1.0,1.0,15,0.025390625,,0.01406734153104827,0.8262278580692536,1358,1390592,erdos_renyi,14,3,1,Expectation,sampled
697,98,3.740234375,11.2822265625,0.7521484375,1.0,1.0,15,0.021484375,,0.013992785234129921,0.7785800323410904,1372,1404928,erdos_renyi,14,3,1,Expectation,sampled
698,99,3.68359375,11.32421875,0.7549479166666667,1.0,1.0,15,0.0263671875,,0.013919331903323711,0.7821101222245704,1386,1419264,erdos_renyi,14,3,1,Expectation,sampled
699,100,3.701171875,11.2021484375,0.7468098958333333,1.0,1.0,15,0.0244140625,,0.01384695494824947,0.7286144527052133,1400,1433600,erdos_renyi,14,3,1,Expectation,sampled
700,101,3.7216796875,11.26171875,0.75078125,1.0,1.0,15,0.021484375,,0.0137756286626037,0.7439778467797434,1414,1447936,erdos_renyi,14,3,1,Expectation,sampled
701,102,3.7568359375,11.2705078125,0.7513671875,1.0,1.0,15,0.0322265625,,0.013705328186835307,0.7740685556888676,1428,1462272,erdos_renyi,14,3,1,Expectation,sampled
702,103,3.67578125,11.0859375,0.7390625,1.0,1.0,15,0.0185546875,,0.013636029472725771,0.5594194618328396,1442,1476608,erdos_renyi,14,3,1,Expectation,sampled
703,104,3.734375,11.220703125,0.748046875,1.0,1.0,15,0.0224609375,,0.013567709249760092,0.8319664871728962,1456,1490944,erdos_renyi,14,3,1,Expectation,sampled
704,105,3.7578125,11.21484375,0.74765625,1.0,1.0,15,0.01953125,,0.013500344993182659,1.1928709938152333,1470,1505280,erdos_renyi,14,3,1,Expectation,sampled
705,106,3.701171875,11.2763671875,0.7517578125,1.0,1.0,15,0.0302734375,,0.013433914893639267,0.5247549302449727,1484,1519616,erdos_renyi,14,3,1,Expectation,sampled
706,107,3.7578125,11.3388671875,0.7559244791666667,1.0,1.0,15,0.029296875,,0.013368397828313172,0.7470632914294254,1498,1533952,erdos_renyi,14,3,1,Expectation,sampled
707,108,3.7734375,11.2783203125,0.7518880208333333,1.0,1.0,15,0.021484375,,0.013303773333469191,0.5236478923602578,1512,1548288,erdos_renyi,14,3,1,Expectation,sampled
708,109,3.748046875,11.2568359375,0.7504557291666667,1.0,1.0,15,0.021484375,,0.013240021578325444,0.8511995714573749,1526,1562624,erdos_renyi,14,3,1,Expectation,sampled
709,110,3.6650390625,11.2412109375,0.7494140625,1.0,1.0,15,0.0205078125,,0.013177123340177664,0.5665165234788053,1540,1576960,erdos_renyi,14,3,1,Expectation,sampled
710,111,3.8115234375,11.2255859375,0.7483723958333334,1.0,1.0,15,0.021484375,,0.013115059980705803,0.4988753067202999,1554,1591296,erdos_renyi,14,3,1,Expectation,sampled
711,112,3.6689453125,11.201171875,0.7467447916666666,1.0,1.0,15,0.01953125,,0.013053813423397185,0.9848263629127171,1568,1605632,erdos_renyi,14,3,1,Expectation,sampled
712,113,3.8095703125,11.2001953125,0.7466796875,1.0,1.0,15,0.0234375,,0.01299336613202461,0.632803457690026,1582,1619968,erdos_renyi,14,3,1,Expectation,sampled
713,114,3.8046875,11.3720703125,0.7581380208333334,1.0,1.0,15,0.025390625,,0.01293370109012175,0.47615008409942605,1596,1634304,erdos_renyi,14,3,1,Expectation,sampled
714,115,3.822265625,11.3095703125,0.7539713541666667,1.0,1.0,15,0.029296875,,0.012874801781401725,1.0024222601145898,1610,1648640,erdos_renyi,14,3,1,Expectation,sampled
715,116,3.6298828125,11.259765625,0.7506510416666666,1.0,1.0,15,0.021484375,,0.01281665217106813,0.7199040974219159,1624,1662976,erdos_renyi,14,3,1,Expectation,sampled
716,117,3.740234375,11.2412109375,0.7494140625,1.0,1.0,15,0.021484375,,0.012759236687970918,1.0589644004882621,1638,1677312,erdos_renyi,14,3,1,Expectation,sampled
717,118,3.7177734375,11.2197265625,0.7479817708333333,1.0,1.0,15,0.021484375,,0.012702540207562401,0.4907350453193553,1652,1691648,erdos_renyi,14,3,1,Expectation,sampled
718,119,3.80859375,11.2431640625,0.7495442708333333,1.0,1.0,15,0.0205078125,,0.012646548035611395,0.6369463741899701,1666,1705984,erdos_renyi,14,3,1,Expectation,sampled
719,120,3.6962890625,11.2880859375,0.7525390625,1.0,1.0,15,0.0224609375,,0.012591245892635996,1.1612720197513677,1680,1720320,erdos_renyi,14,3,1,Expectation,sampled
720,121,3.697265625,11.22265625,0.7481770833333333,1.0,1.0,15,0.0185546875,,0.012536619899017894,0.6305902338038152,1694,1734656,erdos_renyi,14,3,1,Expectation,sampled
721,122,3.7041015625,11.2568359375,0.7504557291666667,1.0,1.0,15,0.0244140625,,0.012482656560763254,0.882332730529295,1708,1748992,erdos_renyi,14,3,1,Expectation,sampled
722,123,3.6806640625,11.2880859375,0.7525390625,1.0,1.0,15,0.0205078125,,0.012429342755877289,1.2279220141521017,1722,1763328,erdos_renyi,14,3,1,Expectation,sampled
723,124,3.7919921875,11.2734375,0.7515625,1.0,1.0,15,0.0224609375,,0.012376665721321565,0.7938029594475785,1736,1777664,erdos_renyi,14,3,1,Expectation,sampled
724,125,3.6630859375,11.2763671875,0.7517578125,1.0,1.0,15,0.029296875,,0.01232461304052482,0.5523287629464263,1750,1792000,erdos_renyi,14,3,1,Expectation,sampled
725,126,3.8564453125,11.2109375,0.7473958333333334,1.0,1.0,15,0.0205078125,,0.012273172631419808,1.1081682545954668,1764,1806336,erdos_renyi,14,3,1,Expectation,sampled
726,127,3.8115234375,11.173828125,0.744921875,1.0,1.0,15,0.025390625,,0.012222332734980218,0.5514526603626948,1778,1820672,erdos_renyi,14,3,1,Expectation,sampled
727,128,3.7294921875,11.3662109375,0.7577473958333333,1.0,1.0,15,0.03125,,0.01217208190423316,0.4212687339352467,1792,1835008,erdos_renyi,14,3,1,Expectation,sampled
728,129,3.8115234375,11.380859375,0.7587239583333333,1.0,1.0,15,0.0322265625,,0.012122408993724132,0.6129336009570113,1806,1849344,erdos_renyi,14,3,1,Expectation,sampled
729,130,3.7744140625,11.2880859375,0.7525390625,1.0,1.0,15,0.017578125,,0.01207330314941262,0.7015661974429297,1820,1863680,erdos_renyi,14,3,1,Expectation,sampled
730,131,3.7705078125,11.2568359375,0.7504557291666667,1.0,1.0,15,0.03125,,0.012024753798977729,0.9229450804137596,1834,1878016,erdos_renyi,14,3,1,Expectation,sampled
731,132,3.7431640625,11.29296875,0.7528645833333333,1.0,1.0,15,0.0263671875,,0.01197675064251431,0.8852747784787752,1848,1892352,erdos_renyi,14,3,1,Expectation,sampled
732,133,3.7265625,11.2080078125,0.7472005208333333,1.0,1.0,15,0.0224609375,,0.011929283643601222,1.0132088899327083,1862,1906688,erdos_renyi,14,3,1,Expectation,sampled
733,134,3.7509765625,11.17578125,0.7450520833333333,1.0,1.0,15,0.025390625,,0.011882343020724202,1.0647393358049886,1876,1921024,erdos_renyi,14,3,1,Expectation,sampled
734,135,3.7509765625,11.1865234375,0.7457682291666666,1.0,1.0,15,0.0205078125,,0.011835919239036926,0.7058324609215879,1890,1935360,erdos_renyi,14,3,1,Expectation,sampled
735,136,3.73046875,11.27734375,0.7518229166666667,1.0,1.0,15,0.029296875,,0.01179000300244458,0.8096704363598416,1904,1949696,erdos_renyi,14,3,1,Expectation,sampled
736,137,3.724609375,11.173828125,0.744921875,1.0,1.0,15,0.021484375,,0.011744585245995169,0.605700245563419,1918,1964032,erdos_renyi,14,3,1,Expectation,sampled
737,138,3.7353515625,11.19140625,0.74609375,1.0,1.0,15,0.017578125,,0.011699657128564548,1.046161921176557,1932,1978368,erdos_renyi,14,3,1,Expectation,sampled
738,139,3.6767578125,11.302734375,0.753515625,1.0,1.0,15,0.0224609375,,0.011655210025821865,0.6201933085661553,1946,1992704,erdos_renyi,14,3,1,Expectation,sampled
739,140,3.7236328125,11.2197265625,0.7479817708333333,1.0,1.0,15,0.01171875,,0.01161123552346284,0.7117720515938902,1960,2007040,erdos_renyi,14,3,1,Expectation,sampled
740,141,3.77734375,11.3017578125,0.7534505208333333,1.0,1.0,15,0.0126953125,,0.011567725410698912,0.9241212537068577,1974,2021376,erdos_renyi,14,3,1,Expectation,sampled
741,142,3.7763671875,11.2841796875,0.7522786458333334,1.0,1.0,15,0.0224609375,,0.011524671673990919,0.6942143716100954,1988,2035712,erdos_renyi,14,3,1,Expectation,sampled
742,143,3.6669921875,11.30078125,0.7533854166666667,1.0,1.0,15,0.01953125,,0.011482066491016544,0.9419900817024977,2002,2050048,erdos_renyi,14,3,1,Expectation,sampled
743,144,3.7744140625,11.2578125,0.7505208333333333,1.0,1.0,15,0.0234375,,0.011439902224861298,0.6992323890080396,2016,2064384,erdos_renyi,14,3,1,Expectation,sampled
744,145,3.7548828125,11.2177734375,0.7478515625,1.0,1.0,15,0.0205078125,,0.011398171418423348,0.9741459358126243,2030,2078720,erdos_renyi,14,3,1,Expectation,sampled
745,146,3.6904296875,11.234375,0.7489583333333333,1.0,1.0,15,0.025390625,,0.01135686678902293,0.9645382787564849,2044,2093056,erdos_renyi,14,3,1,Expectation,sampled
746,147,3.83203125,11.123046875,0.7415364583333334,1.0,1.0,15,0.029296875,,0.011315981223207603,0.8106986397829331,2058,2107392,erdos_renyi,14,3,1,Expectation,sampled
747,148,3.6982421875,11.1630859375,0.7442057291666667,1.0,1.0,15,0.0205078125,,0.01127550777174499,1.009124611425307,2072,2121728,erdos_renyi,14,3,1,Expectation,sampled
748,149,3.7373046875,11.232421875,0.748828125,1.0,1.0,15,0.0224609375,,0.011235439644795077,0.7602462229159762,2086,2136064,erdos_renyi,14,3,1,Expectation,sampled
749,150,3.759765625,11.1865234375,0.7457682291666666,1.0,1.0,15,0.0166015625,,0.011195770207254515,1.27336747614704,2100,2150400,erdos_renyi,14,3,1,Expectation,sampled
750,1,2.242176108521119,7.65625,0.5104166666666666,0.9333333333333333,0.9333333333333333,14,0.0,5.0,0.05611460341634034,2.5,14,14336,erdos_renyi,14,3,1,QTL gamma=5.0,sampled
751,2,2.107630398379627,7.4736328125,0.4982421875,0.9333333333333333,0.9333333333333333,14,0.0,5.0,0.052141116572151626,2.5,28,28672,erdos_renyi,14,3,1,QTL gamma=5.0,sampled
752,3,2.162021836280864,7.486328125,0.49908854166666666,0.8666666666666667,0.9333333333333333,14,0.0,5.0,0.04887046144585974,2.5,42,43008,erdos_renyi,14,3,1,QTL gamma=5.0,sampled
753,4,1.3848050642253682,7.6103515625,0.5073567708333333,0.9333333333333333,0.9333333333333333,14,0.0,5.0,0.04611899342069105,2.5,56,57344,erdos_renyi,14,3,1,QTL gamma=5.0,sampled
754,5,2.372788855373627,7.6123046875,0.5074869791666666,0.9333333333333333,0.9333333333333333,14,0.0,5.0,0.04376368093675554,1.8454879300495177,70,71680,erdos_renyi,14,3,1,QTL gamma=5.0,sampled
755,6,2.2408649504560385,7.8095703125,0.5206380208333333,1.0,1.0,15,0.0009765625,5.0,0.04171863926472807,2.3367481204294753,84,86016,erdos_renyi,14,3,1,QTL gamma=5.0,sampled
756,7,1.9938130957710207,7.9384765625,0.5292317708333333,0.9333333333333333,1.0,15,0.0,5.0,0.03992187919993745,2.5000000000000004,98,100352,erdos_renyi,14,3,1,QTL gamma=5.0,sampled
757,8,2.358376365798236,8.07421875,0.53828125,0.9333333333333333,1.0,15,0.0,5.0,0.03832740362926432,1.5395702428768336,112,114688,erdos_renyi,14,3,1,QTL gamma=5.0,sampled
758,9,1.3795588183833898,8.169921875,0.5446614583333333,1.0,1.0,15,0.0009765625,5.0,0.03690027709912508,2.5,126,129024,erdos_renyi,14,3,1,QTL gamma=5.0,sampled
759,10,2.1588895987551564,8.3349609375,0.5556640625,0.9333333333333333,1.0,15,0.0,5.0,0.03561343213484143,0.7000151396701183,140,143360,erdos_renyi,14,3,1,QTL gamma=5.0,sampled
760,11,1.3834442684753954,8.4326171875,0.5621744791666666,0.9333333333333333,1.0,15,0.0,5.0,0.03444553330951236,1.3437603225834003,154,157696,erdos_renyi,14,3,1,QTL gamma=5.0,sampled
761,12,2.0240864047665195,8.5478515625,0.5698567708333333,1.0,1.0,15,0.0009765625,5.0,0.03337950885060401,1.8371636646196783,168,172032,erdos_renyi,14,3,1,QTL gamma=5.0,sampled
762,13,1.9221264218405658,8.4296875,0.5619791666666667,0.9333333333333333,1.0,15,0.0,5.0,0.032401516671269545,2.5,182,186368,erdos_renyi,14,3,1,QTL gamma=5.0,sampled
763,14,1.2435804218805981,8.4619140625,0.5641276041666666,1.0,1.0,15,0.0009765625,5.0,0.03150020080682754,2.5,196,200704,erdos_renyi,14,3,1,QTL gamma=5.0,sampled
764,15,1.9931882925713509,8.466796875,0.564453125,0.9333333333333333,1.0,15,0.0,5.0,0.030666146624426335,2.5,210,215040,erdos_renyi,14,3,1,QTL gamma=5.0,sampled
765,16,1.3756269640381709,8.6015625,0.5734375,1.0,1.0,15,0.0009765625,5.0,0.029891474971681493,2.5,224,229376,erdos_renyi,14,3,1,QTL gamma=5.0,sampled
766,17,2.103237303411727,8.5927734375,0.5728515625,0.9333333333333333,1.0,15,0.0,5.0,0.02916953528024902,0.9918047616661191,238,243712,erdos_renyi,14,3,1,QTL gamma=5.0,sampled
767,18,1.3807598366013185,8.634765625,0.5756510416666667,1.0,1.0,15,0.0029296875,5.0,0.028494670346316572,2.5,252,258048,erdos_renyi,14,3,1,QTL gamma=5.0,sampled
768,19,1.3717213399829544,8.5439453125,0.5695963541666667,1.0,1.0,15,0.0009765625,5.0,0.027862033827952944,2.5,266,272384,erdos_renyi,14,3,1,QTL gamma=5.0,sampled
769,20,1.9671586011233138,8.578125,0.571875,1.0,1.0,15,0.0009765625,5.0,0.02726744705620026,2.5,280,286720,erdos_renyi,14,3,1,QTL gamma=5.0,sampled
770,21,1.3743447019509547,8.58203125,0.5721354166666667,0.9333333333333333,1.0,15,0.0,5.0,0.02670728553818315,2.5,294,301056,erdos_renyi,14,3,1,QTL gamma=5.0,sampled
771,22,1.3769176587717313,8.455078125,0.563671875,0.9333333333333333,1.0,15,0.0,5.0,0.026178388147224792,2.5000000000000004,308,315392,erdos_renyi,14,3,1,QTL gamma=5.0,sampled
772,23,1.2442600519569937,8.4716796875,0.5647786458333334,0.9333333333333333,1.0,15,0.0,5.0,0.02567798383376367,1.6394776502008999,322,329728,erdos_renyi,14,3,1,QTL gamma=5.0,sampled
773,24,1.374370823614836,8.3369140625,0.5557942708333333,0.9333333333333333,1.0,15,0.0,5.0,0.025203632001398576,0.9804977587491138,336,344064,erdos_renyi,14,3,1,QTL gamma=5.0,sampled
774,25,1.1629462886384834,8.5849609375,0.5723307291666667,1.0,1.0,15,0.005859375,5.0,0.024753173638664798,2.4999999999999996,350,358400,erdos_renyi,14,3,1,QTL gamma=5.0,sampled
775,26,1.2403152716481725,8.5615234375,0.5707682291666667,0.9333333333333333,1.0,15,0.0,5.0,0.024324690988692013,1.7920873339694428,364,372736,erdos_renyi,14,3,1,QTL gamma=5.0,sampled
776,27,1.2435670462600408,8.642578125,0.576171875,1.0,1.0,15,0.00390625,5.0,0.023916474049968137,0.6129763044006318,378,387072,erdos_renyi,14,3,1,QTL gamma=5.0,sampled
777,28,1.1083052715654413,8.625,0.575,1.0,1.0,15,0.0009765625,5.0,0.023526992583084178,1.177155664210918,392,401408,erdos_renyi,14,3,1,QTL gamma=5.0,sampled
778,29,1.1629288362931134,8.6142578125,0.5742838541666667,1.0,1.0,15,0.0009765625,5.0,0.023154872586119153,1.905267627053228,406,415744,erdos_renyi,14,3,1,QTL gamma=5.0,sampled
779,30,1.2435357913968994,8.693359375,0.5795572916666667,1.0,1.0,15,0.001953125,5.0,0.022798876420307364,0.7934340777197476,420,430080,erdos_renyi,14,3,1,QTL gamma=5.0,sampled
780,31,1.241561132265245,8.7314453125,0.5820963541666667,1.0,1.0,15,0.0009765625,5.0,0.02245788593568579,1.188542184364327,434,444416,erdos_renyi,14,3,1,QTL gamma=5.0,sampled
781,32,1.0258883282847875,8.7958984375,0.5863932291666667,1.0,1.0,15,0.0048828125,5.0,0.022130888076426436,1.7711797725515532,448,458752,erdos_renyi,14,3,1,QTL gamma=5.0,sampled
782,33,1.1616124426806462,8.9521484375,0.5968098958333333,1.0,1.0,15,0.0029296875,5.0,0.021816962546890622,2.332180039497587,462,473088,erdos_renyi,14,3,1,QTL gamma=5.0,sampled
783,34,1.1637884984624063,8.8955078125,0.5930338541666667,1.0,1.0,15,0.0029296875,5.0,0.021515271198986854,1.4293842991684,476,487424,erdos_renyi,14,3,1,QTL gamma=5.0,sampled
784,35,1.0608574658075367,8.9404296875,0.5960286458333334,1.0,1.0,15,0.0068359375,5.0,0.0212250488642747,2.5,490,501760,erdos_renyi,14,3,1,QTL gamma=5.0,sampled
785,36,1.0258688258698365,9.1376953125,0.6091796875,1.0,1.0,15,0.005859375,5.0,0.020945595404249645,0.8902085865771594,504,516096,erdos_renyi,14,3,1,QTL gamma=5.0,sampled
786,37,0.9675150255855985,9.0654296875,0.6043619791666667,1.0,1.0,15,0.005859375,5.0,0.02067626879224137,0.6605486002242186,518,530432,erdos_renyi,14,3,1,QTL gamma=5.0,sampled
787,38,1.06032121854257,9.208984375,0.6139322916666666,1.0,1.0,15,0.0048828125,5.0,0.020416479072541682,0.5849398325056199,532,544768,erdos_renyi,14,3,1,QTL gamma=5.0,sampled
788,39,1.2389195600421747,9.2216796875,0.6147786458333333,1.0,1.0,15,0.00390625,5.0,0.020165683068415246,2.5,546,559104,erdos_renyi,14,3,1,QTL gamma=5.0,sampled
789,40,0.994763285482003,9.123046875,0.608203125,0.9333333333333333,1.0,15,0.0,5.0,0.01992337973181888,0.7904543375206975,560,573440,erdos_renyi,14,3,1,QTL gamma=5.0,sampled
790,41,1.1042591190634243,9.11328125,0.6075520833333333,1.0,1.0,15,0.0126953125,5.0,0.01968910604495719,1.6168769466045296,574,587776,erdos_renyi,14,3,1,QTL gamma=5.0,sampled
791,42,0.9945717709497996,9.0517578125,0.6034505208333333,1.0,1.0,15,0.0068359375,5.0,0.019462433398007073,0.7332624765068961,588,602112,erdos_renyi,14,3,1,QTL gamma=5.0,sampled
792,43,1.1049225744656255,9.001953125,0.6001302083333333,1.0,1.0,15,0.0068359375,5.0,0.01924296437905817,0.4941063057607432,602,616448,erdos_renyi,14,3,1,QTL gamma=5.0,sampled
793,44,0.9676867308910783,9.3095703125,0.6206380208333333,1.0,1.0,15,0.0126953125,5.0,0.019030329922018245,2.5,616,630784,erdos_renyi,14,3,1,QTL gamma=5.0,sampled
794,45,1.1559491391243764,9.298828125,0.619921875,1.0,1.0,15,0.0068359375,5.0,0.01882418676630037,1.8236000115959172,630,645120,erdos_renyi,14,3,1,QTL gamma=5.0,sampled
795,46,0.9235952392175719,9.3134765625,0.6208984375,1.0,1.0,15,0.0107421875,5.0,0.018624215188844346,0.6285712462910841,644,659456,erdos_renyi,14,3,1,QTL gamma=5.0,sampled
796,47,0.993407838597974,9.271484375,0.6180989583333333,1.0,1.0,15,0.0078125,5.0,0.01843011697466868,0.9013672168787843,658,673792,erdos_renyi,14,3,1,QTL gamma=5.0,sampled
797,48,1.0232056055617695,9.32421875,0.6216145833333333,1.0,1.0,15,0.0078125,5.0,0.018241613596896335,1.8142278884086793,672,688128,erdos_renyi,14,3,1,QTL gamma=5.0,sampled
798,49,0.9660183453995211,9.3740234375,0.6249348958333333,1.0,1.0,15,0.01171875,5.0,0.018058444581202638,2.4642059185251632,686,702464,erdos_renyi,14,3,1,QTL gamma=5.0,sampled
799,50,0.8706980249479124,9.435546875,0.6290364583333333,1.0,1.0,15,0.0078125,5.0,0.017880366033025587,1.1100546790181307,700,716800,erdos_renyi,14,3,1,QTL gamma=5.0,sampled
800,51,0.9671684704408522,9.4873046875,0.6324869791666666,1.0,1.0,15,0.01171875,5.0,0.017707149308759176,0.8437049845093161,714,731136,erdos_renyi,14,3,1,QTL gamma=5.0,sampled
801,52,0.9044815772054597,9.4326171875,0.6288411458333333,1.0,1.0,15,0.0068359375,5.0,0.01753857981460487,0.34814269467632836,728,745472,erdos_renyi,14,3,1,QTL gamma=5.0,sampled
802,53,0.9031477475768306,9.4853515625,0.6323567708333333,1.0,1.0,15,0.009765625,5.0,0.01737445591885347,1.0246325744467488,742,759808,erdos_renyi,14,3,1,QTL gamma=5.0,sampled
803,54,0.9211978008185421,9.359375,0.6239583333333333,1.0,1.0,15,0.0107421875,5.0,0.017214587965166905,0.6427364295342185,756,774144,erdos_renyi,14,3,1,QTL gamma=5.0,sampled
804,55,1.0563846802485846,9.58984375,0.6393229166666666,1.0,1.0,15,0.015625,5.0,0.017058797375973902,1.263856475791879,770,788480,erdos_renyi,14,3,1,QTL gamma=5.0,sampled
805,56,0.902065911303757,9.5400390625,0.6360026041666667,1.0,1.0,15,0.0087890625,5.0,0.016906915836423893,0.5983575787834072,784,802816,erdos_renyi,14,3,1,QTL gamma=5.0,sampled
806,57,1.0232084606809704,9.50390625,0.63359375,1.0,1.0,15,0.0087890625,5.0,0.016758784550493153,1.1053452084075934,798,817152,erdos_renyi,14,3,1,QTL gamma=5.0,sampled
807,58,1.020131885395881,9.6298828125,0.6419921875,1.0,1.0,15,0.009765625,5.0,0.016614253561832087,1.4900971058975923,812,831488,erdos_renyi,14,3,1,QTL gamma=5.0,sampled
808,59,0.921192440429874,9.587890625,0.6391927083333333,1.0,1.0,15,0.0078125,5.0,0.016473181132806772,0.8359697774952022,826,845824,erdos_renyi,14,3,1,QTL gamma=5.0,sampled
809,60,0.8548212871271378,9.7919921875,0.6527994791666667,1.0,1.0,15,0.0107421875,5.0,0.016335433175939156,1.3572453695870863,840,860160,erdos_renyi,14,3,1,QTL gamma=5.0,sampled
810,61,0.868853078267121,9.7744140625,0.6516276041666667,1.0,1.0,15,0.01171875,5.0,0.01620088273260578,1.2129889419568525,854,874496,erdos_renyi,14,3,1,QTL gamma=5.0,sampled
811,62,0.9640384195736686,9.7333984375,0.6488932291666667,1.0,1.0,15,0.0126953125,5.0,0.016069409494427533,0.79743045389439,868,888832,erdos_renyi,14,3,1,QTL gamma=5.0,sampled
812,63,0.8847034486881808,9.763671875,0.6509114583333333,1.0,1.0,15,0.009765625,5.0,0.015940899363284345,0.8530580595974623,882,903168,erdos_renyi,14,3,1,QTL gamma=5.0,sampled
813,64,0.8853703403237982,9.8515625,0.6567708333333333,1.0,1.0,15,0.0078125,5.0,0.015815244046328763,0.5403635086131015,896,917504,erdos_renyi,14,3,1,QTL gamma=5.0,sampled
814,65,0.8694547330818228,9.802734375,0.653515625,1.0,1.0,15,0.0146484375,5.0,0.015692340682759164,1.0802181546184162,910,931840,erdos_renyi,14,3,1,QTL gamma=5.0,sampled
815,66,0.9214461534318682,9.810546875,0.6540364583333333,1.0,1.0,15,0.013671875,5.0,0.015572091499454203,0.8404103126733842,924,946176,erdos_renyi,14,3,1,QTL gamma=5.0,sampled
816,67,0.9617483987816906,9.8154296875,0.6543619791666667,1.0,1.0,15,0.0107421875,5.0,0.015454403492870599,1.619971395143266,938,960512,erdos_renyi,14,3,1,QTL gamma=5.0,sampled
817,68,0.8848212373201536,9.8056640625,0.6537109375,1.0,1.0,15,0.009765625,5.0,0.015339188134872572,0.7665070553816787,952,974848,erdos_renyi,14,3,1,QTL gamma=5.0,sampled
818,69,0.8410745400867008,9.990234375,0.666015625,1.0,1.0,15,0.0087890625,5.0,0.015226361100396331,0.6002228560034658,966,989184,erdos_renyi,14,3,1,QTL gamma=5.0,sampled
819,70,0.9182980639359755,9.908203125,0.660546875,1.0,1.0,15,0.0107421875,5.0,0.015115842015062176,0.7079743182449704,980,1003520,erdos_renyi,14,3,1,QTL gamma=5.0,sampled
820,71,0.8846944362182164,9.9541015625,0.6636067708333333,1.0,1.0,15,0.0107421875,5.0,0.015007554221032336,0.8201584165463327,994,1017856,erdos_renyi,14,3,1,QTL gamma=5.0,sampled
821,72,0.9203840489737999,9.9755859375,0.6650390625,1.0,1.0,15,0.013671875,5.0,0.014901424559577747,0.7053838163135099,1008,1032192,erdos_renyi,14,3,1,QTL gamma=5.0,sampled
822,73,0.899204779339707,10.0185546875,0.6679036458333333,1.0,1.0,15,0.0107421875,5.0,0.014797383168964543,0.7030064629119215,1022,1046528,erdos_renyi,14,3,1,QTL gamma=5.0,sampled
823,74,0.8834888130903611,10.025390625,0.668359375,1.0,1.0,15,0.0126953125,5.0,0.014695363296402227,0.7741674165088769,1036,1060864,erdos_renyi,14,3,1,QTL gamma=5.0,sampled
824,75,0.8682258229795163,10.154296875,0.676953125,1.0,1.0,15,0.017578125,5.0,0.014595301122913278,0.5765801311071429,1050,1075200,erdos_renyi,14,3,1,QTL gamma=5.0,sampled
825,76,0.8665178230613746,10.1533203125,0.6768880208333333,1.0,1.0,15,0.015625,5.0,0.014497135600089204,0.652025420088349,1064,1089536,erdos_renyi,14,3,1,QTL gamma=5.0,sampled
826,77,0.8530095823804649,10.01171875,0.6674479166666667,1.0,1.0,15,0.0107421875,5.0,0.014400808297792292,0.7112705382722082,1078,1103872,erdos_renyi,14,3,1,QTL gamma=5.0,sampled
827,78,0.9190774563405701,10.2734375,0.6848958333333334,1.0,1.0,15,0.0126953125,5.0,0.014306263261947436,0.5345346936682812,1092,1118208,erdos_renyi,14,3,1,QTL gamma=5.0,sampled
828,79,0.9167367949130769,10.171875,0.678125,1.0,1.0,15,0.009765625,5.0,0.014213446881644172,0.742594647940905,1106,1132544,erdos_renyi,14,3,1,QTL gamma=5.0,sampled
829,80,0.8669130089626478,10.298828125,0.6865885416666667,1.0,1.0,15,0.009765625,5.0,0.014122307764838148,0.9098659486046702,1120,1146880,erdos_renyi,14,3,1,QTL gamma=5.0,sampled
830,81,0.9391031008901187,10.427734375,0.6951822916666667,1.0,1.0,15,0.009765625,5.0,0.01403279662200277,1.3889478893103184,1134,1161216,erdos_renyi,14,3,1,QTL gamma=5.0,sampled
831,82,0.8540431072427367,10.3935546875,0.6929036458333333,1.0,1.0,15,0.0126953125,5.0,0.013944866157137793,0.6211820283225344,1148,1175552,erdos_renyi,14,3,1,QTL gamma=5.0,sampled
832,83,0.8995256130313825,10.4599609375,0.6973307291666667,1.0,1.0,15,0.0146484375,5.0,0.01385847096559201,0.5367745570839281,1162,1189888,erdos_renyi,14,3,1,QTL gamma=5.0,sampled
833,84,0.8389532741401335,10.2822265625,0.6854817708333333,1.0,1.0,15,0.01171875,5.0,0.013773567438202865,1.1256889845651212,1176,1204224,erdos_renyi,14,3,1,QTL gamma=5.0,sampled
834,85,0.8265636486588376,10.1591796875,0.6772786458333333,1.0,1.0,15,0.015625,5.0,0.013690113671297167,0.8687523689255771,1190,1218560,erdos_renyi,14,3,1,QTL gamma=5.0,sampled
835,86,0.7824496731051347,10.376953125,0.691796875,1.0,1.0,15,0.0126953125,5.0,0.013608069382134592,0.504775216185788,1204,1232896,erdos_renyi,14,3,1,QTL gamma=5.0,sampled
836,87,0.7920419189549371,10.28125,0.6854166666666667,1.0,1.0,15,0.013671875,5.0,0.013527395829409664,0.6883912120760918,1218,1247232,erdos_renyi,14,3,1,QTL gamma=5.0,sampled
837,88,0.8680163504354239,10.33984375,0.6893229166666667,1.0,1.0,15,0.0107421875,5.0,0.013448055738458921,0.45776557046109545,1232,1261568,erdos_renyi,14,3,1,QTL gamma=5.0,sampled
838,89,0.8263983957071984,10.408203125,0.6938802083333333,1.0,1.0,15,0.017578125,5.0,0.013370013230848056,1.4808111256546752,1246,1275904,erdos_renyi,14,3,1,QTL gamma=5.0,sampled
839,90,0.8521684288092531,10.3564453125,0.6904296875,1.0,1.0,15,0.021484375,5.0,0.013293233758039452,0.4556988227482499,1260,1290240,erdos_renyi,14,3,1,QTL gamma=5.0,sampled
840,91,0.8397415929547376,10.4482421875,0.6965494791666667,1.0,1.0,15,0.0146484375,5.0,0.013217684038863977,0.4910019980740656,1274,1304576,erdos_renyi,14,3,1,QTL gamma=5.0,sampled
841,92,0.7927912338945969,10.4599609375,0.6973307291666667,1.0,1.0,15,0.01953125,5.0,0.013143332000542155,1.1764944468118046,1288,1318912,erdos_renyi,14,3,1,QTL gamma=5.0,sampled
842,93,0.9835735312256363,10.4130859375,0.6942057291666667,1.0,1.0,15,0.0107421875,5.0,0.013070146723019338,0.6479456308425469,1302,1333248,erdos_renyi,14,3,1,QTL gamma=5.0,sampled
843,94,0.8661093654926949,10.4287109375,0.6952473958333333,1.0,1.0,15,0.017578125,5.0,0.012998098386397329,0.6546891432344077,1316,1347584,erdos_renyi,14,3,1,QTL gamma=5.0,sampled
844,95,0.826314270285813,10.5537109375,0.7035807291666667,1.0,1.0,15,0.0126953125,5.0,0.012927158221261177,0.7727690157399316,1330,1361920,erdos_renyi,14,3,1,QTL gamma=5.0,sampled
845,96,0.7830281898823032,10.4267578125,0.6951171875,1.0,1.0,15,0.017578125,5.0,0.012857298461714827,0.3469559904358512,1344,1376256,erdos_renyi,14,3,1,QTL gamma=5.0,sampled
846,97,0.7635636656831973,10.552734375,0.703515625,1.0,1.0,15,0.0205078125,5.0,0.012788492300952971,0.4747267023714233,1358,1390592,erdos_renyi,14,3,1,QTL gamma=5.0,sampled
847,98,0.8141181213232092,10.6220703125,0.7081380208333333,1.0,1.0,15,0.025390625,5.0,0.012720713849209017,1.0968202254041954,1372,1404928,erdos_renyi,14,3,1,QTL gamma=5.0,sampled
848,99,0.8254119592497211,10.4775390625,0.6985026041666667,1.0,1.0,15,0.0166015625,5.0,0.012653938093930646,0.6132369895789919,1386,1419264,erdos_renyi,14,3,1,QTL gamma=5.0,sampled
849,100,0.8832557806077267,10.4716796875,0.6981119791666667,1.0,1.0,15,0.0166015625,5.0,0.012588140862044971,1.1234241873393294,1400,1433600,erdos_renyi,14,3,1,QTL gamma=5.0,sampled
850,101,0.826065175608352,10.458984375,0.697265625,1.0,1.0,15,0.017578125,5.0,0.01252329878418518,0.3109375074622383,1414,1447936,erdos_renyi,14,3,1,QTL gamma=5.0,sampled
851,102,0.8266296342160917,10.703125,0.7135416666666666,1.0,1.0,15,0.01953125,5.0,0.012459389260759368,0.4962763396837956,1428,1462272,erdos_renyi,14,3,1,QTL gamma=5.0,sampled
852,103,0.7390547496649532,10.501953125,0.7001302083333333,1.0,1.0,15,0.01171875,5.0,0.0123963904297507,0.5113749269470532,1442,1476608,erdos_renyi,14,3,1,QTL gamma=5.0,sampled
853,104,0.7822354792200863,10.578125,0.7052083333333333,1.0,1.0,15,0.0224609375,5.0,0.012334281136145537,0.5251430183750796,1456,1490944,erdos_renyi,14,3,1,QTL gamma=5.0,sampled
854,105,0.8257408208582362,10.546875,0.703125,1.0,1.0,15,0.0126953125,5.0,0.012273040902893325,0.5054465235496974,1470,1505280,erdos_renyi,14,3,1,QTL gamma=5.0,sampled
855,106,0.8028380294449514,10.5830078125,0.7055338541666667,1.0,1.0,15,0.017578125,5.0,0.012212649903308424,0.4485487258845312,1484,1519616,erdos_renyi,14,3,1,QTL gamma=5.0,sampled
856,107,0.8371137124421606,10.640625,0.709375,1.0,1.0,15,0.0244140625,5.0,0.012153088934830155,0.4418991121701281,1498,1533952,erdos_renyi,14,3,1,QTL gamma=5.0,sampled
857,108,0.764277926939114,10.5830078125,0.7055338541666667,1.0,1.0,15,0.021484375,5.0,0.0120943393940629,0.40710212047784666,1512,1548288,erdos_renyi,14,3,1,QTL gamma=5.0,sampled
858,109,0.6965278561277886,10.5283203125,0.7018880208333333,1.0,1.0,15,0.01171875,5.0,0.01203638325302313,0.5629074435803162,1526,1562624,erdos_renyi,14,3,1,QTL gamma=5.0,sampled
859,110,0.8256519813188022,10.412109375,0.694140625,1.0,1.0,15,0.009765625,5.0,0.011979203036525148,0.3877142137628734,1540,1576960,erdos_renyi,14,3,1,QTL gamma=5.0,sampled
860,111,0.7468047703722368,10.5791015625,0.7052734375,1.0,1.0,15,0.0166015625,5.0,0.011922781800641638,0.9290101975497171,1554,1591296,erdos_renyi,14,3,1,QTL gamma=5.0,sampled
861,112,0.838334256724704,10.5595703125,0.7039713541666667,1.0,1.0,15,0.02734375,5.0,0.011867103112179258,0.44585579643225776,1568,1605632,erdos_renyi,14,3,1,QTL gamma=5.0,sampled
862,113,0.8134922396385645,10.5068359375,0.7004557291666667,1.0,1.0,15,0.0146484375,5.0,0.01181215102911328,0.21602467691605245,1582,1619968,erdos_renyi,14,3,1,QTL gamma=5.0,sampled
863,114,0.8029129324925133,10.607421875,0.7071614583333333,1.0,1.0,15,0.021484375,5.0,0.011757910081928861,0.4073706009341548,1596,1634304,erdos_renyi,14,3,1,QTL gamma=5.0,sampled
864,115,0.793139862615384,10.6640625,0.7109375,1.0,1.0,15,0.01953125,5.0,0.011704365255819749,0.5540730101784697,1610,1648640,erdos_renyi,14,3,1,QTL gamma=5.0,sampled
865,116,0.7722090702509508,10.66015625,0.7106770833333333,1.0,1.0,15,0.0166015625,5.0,0.011651501973698299,0.3672954717235812,1624,1662976,erdos_renyi,14,3,1,QTL gamma=5.0,sampled
866,117,0.7631324298810658,10.54296875,0.7028645833333333,1.0,1.0,15,0.0146484375,5.0,0.011599306079973561,0.5888708538601732,1638,1677312,erdos_renyi,14,3,1,QTL gamma=5.0,sampled
867,118,0.7816411825507626,10.5322265625,0.7021484375,1.0,1.0,15,0.0146484375,5.0,0.011547763825056727,0.40855204413034707,1652,1691648,erdos_renyi,14,3,1,QTL gamma=5.0,sampled
868,119,0.8038708490163009,10.6083984375,0.7072265625,1.0,1.0,15,0.0244140625,5.0,0.011496861850555812,0.43816583541512055,1666,1705984,erdos_renyi,14,3,1,QTL gamma=5.0,sampled
869,120,0.8031297812243618,10.611328125,0.707421875,1.0,1.0,15,0.0205078125,5.0,0.011446587175123632,0.8655414171477532,1680,1720320,erdos_renyi,14,3,1,QTL gamma=5.0,sampled
870,121,0.83850662259327,10.6650390625,0.7110026041666667,1.0,1.0,15,0.01953125,5.0,0.011396927180925357,0.6569665620042806,1694,1734656,erdos_renyi,14,3,1,QTL gamma=5.0,sampled
871,122,0.7645200665262827,10.619140625,0.7079427083333333,1.0,1.0,15,0.013671875,5.0,0.011347869600693866,0.3387049447770601,1708,1748992,erdos_renyi,14,3,1,QTL gamma=5.0,sampled
872,123,0.7726476821776938,10.49609375,0.6997395833333333,1.0,1.0,15,0.0224609375,5.0,0.01129940250534299,0.3397305776128192,1722,1763328,erdos_renyi,14,3,1,QTL gamma=5.0,sampled
873,124,0.8518748892511352,10.4384765625,0.6958984375,1.0,1.0,15,0.013671875,5.0,0.011251514292110514,0.3331510517206053,1736,1777664,erdos_renyi,14,3,1,QTL gamma=5.0,sampled
874,125,0.7728222738867914,10.580078125,0.7053385416666667,1.0,1.0,15,0.0205078125,5.0,0.01120419367320438,0.35497545553155435,1750,1792000,erdos_renyi,14,3,1,QTL gamma=5.0,sampled
875,126,0.880655324599865,10.5146484375,0.7009765625,1.0,1.0,15,0.0244140625,5.0,0.011157429664927098,0.5673935248571097,1764,1806336,erdos_renyi,14,3,1,QTL gamma=5.0,sampled
876,127,0.8382519525538769,10.630859375,0.7087239583333333,1.0,1.0,15,0.021484375,5.0,0.011111211577254743,0.7664491337870577,1778,1820672,erdos_renyi,14,3,1,QTL gamma=5.0,sampled
877,128,0.8254749354910785,10.5283203125,0.7018880208333333,1.0,1.0,15,0.0166015625,5.0,0.011065529003848327,0.8074777293485702,1792,1835008,erdos_renyi,14,3,1,QTL gamma=5.0,sampled
878,129,0.9181488333109857,10.626953125,0.7084635416666667,1.0,1.0,15,0.0205078125,5.0,0.011020371812476483,0.4434393868162579,1806,1849344,erdos_renyi,14,3,1,QTL gamma=5.0,sampled
879,130,0.8038629317607006,10.603515625,0.7069010416666667,1.0,1.0,15,0.0166015625,5.0,0.010975730135829654,0.3908135942354487,1820,1863680,erdos_renyi,14,3,1,QTL gamma=5.0,sampled
880,131,0.7819690774824996,10.6904296875,0.7126953125,1.0,1.0,15,0.015625,5.0,0.010931594362707025,0.4587136289269603,1834,1878016,erdos_renyi,14,3,1,QTL gamma=5.0,sampled
881,132,0.8513954800470123,10.6162109375,0.7077473958333333,1.0,1.0,15,0.0234375,5.0,0.010887955129558462,0.5005870196925456,1848,1892352,erdos_renyi,14,3,1,QTL gamma=5.0,sampled
882,133,0.762777475939225,10.591796875,0.7061197916666667,1.0,1.0,15,0.0224609375,5.0,0.010844803312364745,0.5487573187791298,1862,1906688,erdos_renyi,14,3,1,QTL gamma=5.0,sampled
883,134,0.8513947914454857,10.5048828125,0.7003255208333333,1.0,1.0,15,0.013671875,5.0,0.010802130018840183,0.32125068375314275,1876,1921024,erdos_renyi,14,3,1,QTL gamma=5.0,sampled
884,135,0.7821692848609814,10.5625,0.7041666666666667,1.0,1.0,15,0.015625,5.0,0.01075992658094266,0.6411096564780531,1890,1935360,erdos_renyi,14,3,1,QTL gamma=5.0,sampled
885,136,0.7633764329740467,10.4326171875,0.6955078125,1.0,1.0,15,0.017578125,5.0,0.01071818454767689,0.31874568912611256,1904,1949696,erdos_renyi,14,3,1,QTL gamma=5.0,sampled
886,137,0.8021876327318107,10.6591796875,0.7106119791666666,1.0,1.0,15,0.0234375,5.0,0.010676895678177426,0.6096729995319338,1918,1964032,erdos_renyi,14,3,1,QTL gamma=5.0,sampled
887,138,0.7824981575582379,10.5263671875,0.7017578125,1.0,1.0,15,0.017578125,5.0,0.01063605193505868,0.4789044025842813,1932,1978368,erdos_renyi,14,3,1,QTL gamma=5.0,sampled
888,139,0.8031405547759555,10.4853515625,0.6990234375,1.0,1.0,15,0.0146484375,5.0,0.010595645478019876,0.3030583688932921,1946,1992704,erdos_renyi,14,3,1,QTL gamma=5.0,sampled
889,140,0.8527067209533994,10.6396484375,0.7093098958333334,1.0,1.0,15,0.01171875,5.0,0.01055566865769349,0.4438434983959711,1960,2007040,erdos_renyi,14,3,1,QTL gamma=5.0,sampled
890,141,0.7031622729887579,10.685546875,0.7123697916666667,1.0,1.0,15,0.017578125,5.0,0.010516114009726282,0.5084828462602891,1974,2021376,erdos_renyi,14,3,1,QTL gamma=5.0,sampled
891,142,0.8260503377617863,10.6611328125,0.7107421875,1.0,1.0,15,0.0166015625,5.0,0.010476974249082652,0.4202871740404399,1988,2035712,erdos_renyi,14,3,1,QTL gamma=5.0,sampled
892,143,0.8267144242927775,10.6787109375,0.7119140625,1.0,1.0,15,0.02734375,5.0,0.010438242264560494,0.4147730003502548,2002,2050048,erdos_renyi,14,3,1,QTL gamma=5.0,sampled
893,144,0.8137281874025757,10.6767578125,0.7117838541666667,1.0,1.0,15,0.0185546875,5.0,0.01039991111351027,0.5509516322364227,2016,2064384,erdos_renyi,14,3,1,QTL gamma=5.0,sampled
894,145,0.7725173491436348,10.55859375,0.70390625,1.0,1.0,15,0.0126953125,5.0,0.010361974016748498,0.46623275907561806,2030,2078720,erdos_renyi,14,3,1,QTL gamma=5.0,sampled
895,146,0.7546850156716568,10.716796875,0.714453125,1.0,1.0,15,0.017578125,5.0,0.010324424353657208,0.6726549160015114,2044,2093056,erdos_renyi,14,3,1,QTL gamma=5.0,sampled
896,147,0.8502012185405876,10.5849609375,0.7056640625,1.0,1.0,15,0.015625,5.0,0.010287255657461455,0.3065055627938801,2058,2107392,erdos_renyi,14,3,1,QTL gamma=5.0,sampled
897,148,0.782820478291598,10.6591796875,0.7106119791666666,1.0,1.0,15,0.021484375,5.0,0.010250461610677263,0.8462722976926879,2072,2121728,erdos_renyi,14,3,1,QTL gamma=5.0,sampled
898,149,0.7551403623690398,10.6298828125,0.7086588541666666,1.0,1.0,15,0.0107421875,5.0,0.010214036040722796,0.5590330342215486,2086,2136064,erdos_renyi,14,3,1,QTL gamma=5.0,sampled
899,150,0.7921020840748798,10.5810546875,0.7054036458333334,1.0,1.0,15,0.0146484375,5.0,0.010177972915685922,0.7819847792277981,2100,2150400,erdos_renyi,14,3,1,QTL gamma=5.0,sampled
900,1,1.3465735895585689,7.69921875,0.51328125,0.9333333333333333,0.9333333333333333,14,0.0,20.0,0.04409004554141028,2.5,14,14336,erdos_renyi,14,3,1,QTL gamma=20.0,sampled
901,2,1.3465735890432806,7.5966796875,0.5064453125,0.9333333333333333,0.9333333333333333,14,0.0,20.0,0.04096802016383343,2.5,28,28672,erdos_renyi,14,3,1,QTL gamma=20.0,sampled
902,3,1.2916429754343364,7.9013671875,0.5267578125,0.9333333333333333,0.9333333333333333,14,0.0,20.0,0.03839821970746123,2.5,42,43008,erdos_renyi,14,3,1,QTL gamma=20.0,sampled
903,4,0.3119162309943312,7.93359375,0.52890625,0.9333333333333333,0.9333333333333333,14,0.0,20.0,0.03623635197340012,2.5,56,57344,erdos_renyi,14,3,1,QTL gamma=20.0,sampled
904,5,0.3465735898677419,7.876953125,0.5251302083333333,1.0,1.0,15,0.0009765625,20.0,0.03438574930745079,0.5172040176940969,70,71680,erdos_renyi,14,3,1,QTL gamma=20.0,sampled
905,6,0.3465735897646843,8.017578125,0.5345052083333334,0.9333333333333333,1.0,15,0.0,20.0,0.03277893085085777,2.5,84,86016,erdos_renyi,14,3,1,QTL gamma=20.0,sampled
906,7,1.2661016944521521,7.994140625,0.5329427083333333,0.9333333333333333,1.0,15,0.0,20.0,0.03136719079995086,2.5,98,100352,erdos_renyi,14,3,1,QTL gamma=20.0,sampled
907,8,0.3465735894555112,8.044921875,0.536328125,1.0,1.0,15,0.0009765625,20.0,0.03011438856585054,0.4183300070958456,112,114688,erdos_renyi,14,3,1,QTL gamma=20.0,sampled
908,9,0.34657358966162655,8.2080078125,0.5472005208333334,0.9333333333333333,1.0,15,0.0,20.0,0.02899307486359828,2.5,126,129024,erdos_renyi,14,3,1,QTL gamma=20.0,sampled
909,10,1.2223282576703387,8.197265625,0.546484375,0.9333333333333333,1.0,15,0.0,20.0,0.02798198239166113,0.48733971379348884,140,143360,erdos_renyi,14,3,1,QTL gamma=20.0,sampled
910,11,0.3465735897646843,8.251953125,0.5501302083333334,0.9333333333333333,1.0,15,0.0,20.0,0.027064347600331145,0.5590169889364693,154,157696,erdos_renyi,14,3,1,QTL gamma=20.0,sampled
911,12,1.2661016943490946,8.2275390625,0.5485026041666666,0.9333333333333333,1.0,15,0.0,20.0,0.026226756954046016,0.6403124146496633,168,172032,erdos_renyi,14,3,1,QTL gamma=20.0,sampled
912,13,0.3465735890432805,8.177734375,0.5451822916666667,0.9333333333333333,1.0,15,0.0,20.0,0.025458334527426074,2.5,182,186368,erdos_renyi,14,3,1,QTL gamma=20.0,sampled
913,14,1.2661016943078716,8.2861328125,0.5524088541666666,1.0,1.0,15,0.0009765625,20.0,0.02475015777679307,2.5,196,200704,erdos_renyi,14,3,1,QTL gamma=20.0,sampled
914,15,1.2569856165265731,8.1806640625,0.5453776041666667,0.9333333333333333,1.0,15,0.0,20.0,0.024094829490620695,2.5,210,215040,erdos_renyi,14,3,1,QTL gamma=20.0,sampled
915,16,0.3465735897646843,8.28125,0.5520833333333334,0.9333333333333333,1.0,15,0.0,20.0,0.023486158906321178,2.5,224,229376,erdos_renyi,14,3,1,QTL gamma=20.0,sampled
916,17,1.236712361229948,8.125,0.5416666666666666,0.9333333333333333,1.0,15,0.0,20.0,0.02291892057733852,2.5,238,243712,erdos_renyi,14,3,1,QTL gamma=20.0,sampled
917,18,0.3465735895585689,8.3310546875,0.5554036458333333,1.0,1.0,15,0.001953125,20.0,0.02238866955782017,2.5,252,258048,erdos_renyi,14,3,1,QTL gamma=20.0,sampled
918,19,0.31191623094280235,8.2978515625,0.5531901041666667,0.9333333333333333,1.0,15,0.0,20.0,0.021891598007677315,0.29580398101987465,266,272384,erdos_renyi,14,3,1,QTL gamma=20.0,sampled
919,20,0.3465735895585689,8.3173828125,0.5544921875,1.0,1.0,15,0.0009765625,20.0,0.021424422687014492,2.5000000000000004,280,286720,erdos_renyi,14,3,1,QTL gamma=20.0,sampled
920,21,1.2772588717602187,8.166015625,0.5444010416666667,1.0,1.0,15,0.0009765625,20.0,0.02098429578000105,0.561248598385109,294,301056,erdos_renyi,14,3,1,QTL gamma=20.0,sampled
921,22,0.3465735897646843,8.1513671875,0.5434244791666667,0.9333333333333333,1.0,15,0.0,20.0,0.020568733544248055,2.5,308,315392,erdos_renyi,14,3,1,QTL gamma=20.0,sampled
922,23,1.2772588717602187,8.2138671875,0.5475911458333333,0.9333333333333333,1.0,15,0.0,20.0,0.0201755587265286,0.23452078520073105,322,329728,erdos_renyi,14,3,1,QTL gamma=20.0,sampled
923,24,0.3119162308397446,8.2392578125,0.5492838541666667,0.9333333333333333,1.0,15,0.0,20.0,0.019802853715384598,2.5,336,344064,erdos_renyi,14,3,1,QTL gamma=20.0,sampled
924,25,0.2772588721466849,8.171875,0.5447916666666667,1.0,1.0,15,0.0009765625,20.0,0.0194489221446652,0.15411034960611583,350,358400,erdos_renyi,14,3,1,QTL gamma=20.0,sampled
925,26,1.2772588719405695,8.15625,0.54375,0.9333333333333333,1.0,15,0.0,20.0,0.01911225720540087,0.36055512400209966,364,372736,erdos_renyi,14,3,1,QTL gamma=20.0,sampled
926,27,0.3465735899707996,8.0654296875,0.5376953125,1.0,1.0,15,0.0009765625,20.0,0.01879151532497497,0.3905124799225462,378,387072,erdos_renyi,14,3,1,QTL gamma=20.0,sampled
927,28,0.3465735895585689,8.16015625,0.5440104166666667,0.9333333333333333,1.0,15,0.0,20.0,0.018485494172423286,0.4301162626452986,392,401408,erdos_renyi,14,3,1,QTL gamma=20.0,sampled
928,29,1.2772588717086897,8.107421875,0.5404947916666667,0.9333333333333333,1.0,15,0.0,20.0,0.018193114174807908,2.5000000000000004,406,415744,erdos_renyi,14,3,1,QTL gamma=20.0,sampled
929,30,1.2492780826652592,8.2431640625,0.5495442708333333,0.9333333333333333,1.0,15,0.0,20.0,0.017913402901670074,0.36400548914134684,420,430080,erdos_renyi,14,3,1,QTL gamma=20.0,sampled
930,31,0.3465735894555112,8.22265625,0.5481770833333334,0.9333333333333333,1.0,15,0.0,20.0,0.017645481806610266,0.2586020104336501,434,444416,erdos_renyi,14,3,1,QTL gamma=20.0,sampled
931,32,0.34657358966162655,8.2763671875,0.5517578125,0.9333333333333333,1.0,15,0.0,20.0,0.0173885549171922,0.4974937126494286,448,458752,erdos_renyi,14,3,1,QTL gamma=20.0,sampled
932,33,1.26610169428726,8.1591796875,0.5439453125,0.9333333333333333,1.0,15,0.0,20.0,0.017141899143985492,0.3464101577355012,462,473088,erdos_renyi,14,3,1,QTL gamma=20.0,sampled
933,34,1.2492780824002536,8.0869140625,0.5391276041666667,0.9333333333333333,1.0,15,0.0,20.0,0.016904855942061103,0.4387482117709064,476,487424,erdos_renyi,14,3,1,QTL gamma=20.0,sampled
934,35,0.3465735895585689,8.3046875,0.5536458333333333,1.0,1.0,15,0.0009765625,20.0,0.016676824107644407,2.5,490,501760,erdos_renyi,14,3,1,QTL gamma=20.0,sampled
935,36,1.266101694328483,8.3720703125,0.5581380208333333,1.0,1.0,15,0.001953125,20.0,0.016457253531910437,0.44721359084498935,504,516096,erdos_renyi,14,3,1,QTL gamma=20.0,sampled
936,37,1.2367123612757513,8.2265625,0.5484375,0.9333333333333333,1.0,15,0.0,20.0,0.01624563976533251,2.5,518,530432,erdos_renyi,14,3,1,QTL gamma=20.0,sampled
937,38,0.3465735895585689,8.2822265625,0.5521484375,1.0,1.0,15,0.00390625,20.0,0.016041519271282754,2.5,532,544768,erdos_renyi,14,3,1,QTL gamma=20.0,sampled
938,39,1.2426015130671586,8.3466796875,0.5564453125,0.9333333333333333,1.0,15,0.0,20.0,0.015844465268040554,2.5,546,559104,erdos_renyi,14,3,1,QTL gamma=20.0,sampled
939,40,0.2916429757778621,8.279296875,0.551953125,0.9333333333333333,1.0,15,0.0,20.0,0.015654084075000553,2.5,560,573440,erdos_renyi,14,3,1,QTL gamma=20.0,sampled
940,41,0.31191623104586,8.3330078125,0.5555338541666667,1.0,1.0,15,0.0029296875,20.0,0.015470011892466365,2.5,574,587776,erdos_renyi,14,3,1,QTL gamma=20.0,sampled
941,42,1.2569856163891628,8.18359375,0.5455729166666666,0.9333333333333333,1.0,15,0.0,20.0,0.015291911955576987,2.5,588,602112,erdos_renyi,14,3,1,QTL gamma=20.0,sampled
942,43,0.31191623094280235,8.291015625,0.552734375,1.0,1.0,15,0.00390625,20.0,0.015119472012117137,0.5979130312516603,602,616448,erdos_renyi,14,3,1,QTL gamma=20.0,sampled
943,44,0.31191623109738886,8.2958984375,0.5530598958333334,1.0,1.0,15,0.0009765625,20.0,0.014952402081585766,2.5,616,630784,erdos_renyi,14,3,1,QTL gamma=20.0,sampled
944,45,0.31191623094280235,8.3642578125,0.5576171875,1.0,1.0,15,0.00390625,20.0,0.014790432459236008,0.9124143719657527,630,645120,erdos_renyi,14,3,1,QTL gamma=20.0,sampled
945,46,0.3119162308912735,8.3525390625,0.5568359375,1.0,1.0,15,0.001953125,20.0,0.014633311934091987,0.26809513155943254,644,659456,erdos_renyi,14,3,1,QTL gamma=20.0,sampled
946,47,0.2569856167498648,8.2314453125,0.5487630208333333,1.0,1.0,15,0.0009765625,20.0,0.014480806194382537,0.6244997966878741,658,673792,erdos_renyi,14,3,1,QTL gamma=20.0,sampled
947,48,0.3465735898677419,8.29296875,0.5528645833333333,0.9333333333333333,1.0,15,0.0,20.0,0.014332696397561406,0.17480147406178356,672,688128,erdos_renyi,14,3,1,QTL gamma=20.0,sampled
948,49,1.3465735892493957,8.26171875,0.55078125,1.0,1.0,15,0.0009765625,20.0,0.014188777885230645,2.5,686,702464,erdos_renyi,14,3,1,QTL gamma=20.0,sampled
949,50,0.31191623104586,8.2900390625,0.5526692708333333,1.0,1.0,15,0.00390625,20.0,0.014048859025948678,0.3464101599667655,700,716800,erdos_renyi,14,3,1,QTL gamma=20.0,sampled
950,51,0.34657358966162655,8.19921875,0.5466145833333333,0.9333333333333333,1.0,15,0.0,20.0,0.013912760171167928,2.4999999999999996,714,731136,erdos_renyi,14,3,1,QTL gamma=20.0,sampled
951,52,0.3119162309943312,8.3076171875,0.5538411458333333,1.0,1.0,15,0.0029296875,20.0,0.01378031271147526,0.35089171913821066,728,745472,erdos_renyi,14,3,1,QTL gamma=20.0,sampled
952,53,1.2367123612643005,8.36328125,0.5575520833333333,1.0,1.0,15,0.001953125,20.0,0.013651358221956298,2.5,742,759808,erdos_renyi,14,3,1,QTL gamma=20.0,sampled
953,54,1.266101694246037,8.251953125,0.5501302083333334,1.0,1.0,15,0.0009765625,20.0,0.013525747686916854,2.5,756,774144,erdos_renyi,14,3,1,QTL gamma=20.0,sampled
954,55,0.3119162308912735,8.353515625,0.5569010416666667,1.0,1.0,15,0.0009765625,20.0,0.013403340795408069,0.3665719565481633,770,788480,erdos_renyi,14,3,1,QTL gamma=20.0,sampled
955,56,0.3465735893524535,8.158203125,0.5438802083333333,0.9333333333333333,1.0,15,0.0,20.0,0.013284005300047348,0.4351723762901822,784,802816,erdos_renyi,14,3,1,QTL gamma=20.0,sampled
956,57,0.3465735895585689,8.216796875,0.5477864583333333,1.0,1.0,15,0.0029296875,20.0,0.013167616432530336,0.11989578919487442,798,817152,erdos_renyi,14,3,1,QTL gamma=20.0,sampled
957,58,0.3119162309943312,8.208984375,0.547265625,0.9333333333333333,1.0,15,0.0,20.0,0.013054056370010926,2.5,812,831488,erdos_renyi,14,3,1,QTL gamma=20.0,sampled
958,59,0.2772588720693916,8.310546875,0.5540364583333334,1.0,1.0,15,0.0009765625,20.0,0.012943213747205322,2.4999999999999996,826,845824,erdos_renyi,14,3,1,QTL gamma=20.0,sampled
959,60,0.34657358924939585,8.474609375,0.5649739583333333,1.0,1.0,15,0.001953125,20.0,0.012834983209666482,0.3913118921235171,840,860160,erdos_renyi,14,3,1,QTL gamma=20.0,sampled
960,61,1.3465735880127037,8.3232421875,0.5548828125,1.0,1.0,15,0.0029296875,20.0,0.01272926500419026,0.513565962346807,854,874496,erdos_renyi,14,3,1,QTL gamma=20.0,sampled
961,62,0.31191623109738886,8.53515625,0.5690104166666666,1.0,1.0,15,0.001953125,20.0,0.012625964602764493,1.195826060788315,868,888832,erdos_renyi,14,3,1,QTL gamma=20.0,sampled
962,63,0.2916429757435095,8.4853515625,0.5656901041666667,1.0,1.0,15,0.0048828125,20.0,0.012524992356866271,2.5,882,903168,erdos_renyi,14,3,1,QTL gamma=20.0,sampled
963,64,0.3119162306851581,8.4560546875,0.5637369791666667,1.0,1.0,15,0.0009765625,20.0,0.012426263179258315,2.5,896,917504,erdos_renyi,14,3,1,QTL gamma=20.0,sampled
964,65,0.3119162306336293,8.3388671875,0.5559244791666667,1.0,1.0,15,0.0029296875,20.0,0.012329696250739345,2.5,910,931840,erdos_renyi,14,3,1,QTL gamma=20.0,sampled
965,66,0.34657358924939585,8.5859375,0.5723958333333333,1.0,1.0,15,0.0029296875,20.0,0.012235214749571162,0.13228756528523877,924,946176,erdos_renyi,14,3,1,QTL gamma=20.0,sampled
966,67,0.27725887201786276,8.4326171875,0.5621744791666666,1.0,1.0,15,0.0009765625,20.0,0.012142745601541187,0.8602325246556463,938,960512,erdos_renyi,14,3,1,QTL gamma=20.0,sampled
967,68,0.3465735890432805,8.58984375,0.57265625,1.0,1.0,15,0.001953125,20.0,0.01205221924882845,0.9137833298918524,952,974848,erdos_renyi,14,3,1,QTL gamma=20.0,sampled
968,69,0.31191623037598515,8.6533203125,0.5768880208333333,1.0,1.0,15,0.00390625,20.0,0.01196356943602569,2.5,966,989184,erdos_renyi,14,3,1,QTL gamma=20.0,sampled
969,70,0.24927808257692402,8.693359375,0.5795572916666667,1.0,1.0,15,0.0009765625,20.0,0.011876733011834568,0.48218253515091186,980,1003520,erdos_renyi,14,3,1,QTL gamma=20.0,sampled
970,71,0.2916429753999839,8.8046875,0.5869791666666667,1.0,1.0,15,0.001953125,20.0,0.011791649745096838,0.39210967788673723,994,1017856,erdos_renyi,14,3,1,QTL gamma=20.0,sampled
971,72,0.277258871785983,8.7607421875,0.5840494791666667,1.0,1.0,15,0.0009765625,20.0,0.011708262153953946,0.21433035295182462,1008,1032192,erdos_renyi,14,3,1,QTL gamma=20.0,sampled
972,73,0.26610169436970615,8.8583984375,0.5905598958333333,1.0,1.0,15,0.0029296875,20.0,0.011626515347043571,0.23711703874597032,1022,1046528,erdos_renyi,14,3,1,QTL gamma=20.0,sampled
973,74,0.27725887186327625,8.8291015625,0.5886067708333333,1.0,1.0,15,0.0068359375,20.0,0.011546356875744608,2.1880355798878504,1036,1060864,erdos_renyi,14,3,1,QTL gamma=20.0,sampled
974,75,0.31191623047904277,8.912109375,0.594140625,1.0,1.0,15,0.005859375,20.0,0.011467736596574721,1.0048493506794742,1050,1075200,erdos_renyi,14,3,1,QTL gamma=20.0,sampled
975,76,0.291642975159516,9.052734375,0.603515625,1.0,1.0,15,0.01171875,20.0,0.011390606542927232,0.6520400620576597,1064,1089536,erdos_renyi,14,3,1,QTL gamma=20.0,sampled
976,77,0.24927808253275646,8.9521484375,0.5968098958333333,1.0,1.0,15,0.0048828125,20.0,0.011314920805408232,0.4451903459927439,1078,1103872,erdos_renyi,14,3,1,QTL gamma=20.0,sampled
977,78,0.2569856164750443,9.037109375,0.6024739583333333,1.0,1.0,15,0.0068359375,20.0,0.011240635420101558,0.23974849066243417,1092,1118208,erdos_renyi,14,3,1,QTL gamma=20.0,sampled
978,79,0.26610169410175616,8.9931640625,0.5995442708333333,1.0,1.0,15,0.00390625,20.0,0.011167708264148994,0.6013295426171357,1106,1132544,erdos_renyi,14,3,1,QTL gamma=20.0,sampled
979,80,0.26610169410175616,9.1484375,0.6098958333333333,1.0,1.0,15,0.0068359375,20.0,0.011096098958087117,0.41100920886862263,1120,1146880,erdos_renyi,14,3,1,QTL gamma=20.0,sampled
980,81,0.2569856164235155,9.0537109375,0.6035807291666667,1.0,1.0,15,0.0048828125,20.0,0.011025768774430749,0.533385410366152,1134,1161216,erdos_renyi,14,3,1,QTL gamma=20.0,sampled
981,82,0.27725887163139645,9.115234375,0.6076822916666667,1.0,1.0,15,0.0126953125,20.0,0.010956680552036838,0.6666333292184788,1148,1175552,erdos_renyi,14,3,1,QTL gamma=20.0,sampled
982,83,0.2661016943078715,9.220703125,0.6147135416666667,1.0,1.0,15,0.0068359375,20.0,0.010888798615822296,0.40994579533601727,1162,1189888,erdos_renyi,14,3,1,QTL gamma=20.0,sampled
983,84,0.2314443353932377,9.10546875,0.60703125,1.0,1.0,15,0.0068359375,20.0,0.010822088701445111,0.8770511640640434,1176,1204224,erdos_renyi,14,3,1,QTL gamma=20.0,sampled
984,85,0.27725887147680994,9.2001953125,0.6133463541666667,1.0,1.0,15,0.0078125,20.0,0.010756517884590634,0.3546911118454004,1190,1218560,erdos_renyi,14,3,1,QTL gamma=20.0,sampled
985,86,0.2314443353932377,9.28125,0.61875,1.0,1.0,15,0.0078125,20.0,0.010692054514534324,0.5532372238591009,1204,1232896,erdos_renyi,14,3,1,QTL gamma=20.0,sampled
986,87,0.222328257567281,9.1689453125,0.6112630208333333,1.0,1.0,15,0.0068359375,20.0,0.010628668151679023,0.6314463457026158,1218,1247232,erdos_renyi,14,3,1,QTL gamma=20.0,sampled
987,88,0.22667882633088107,9.376953125,0.6251302083333333,1.0,1.0,15,0.0107421875,20.0,0.010566329508789154,0.4077989697394653,1232,1261568,erdos_renyi,14,3,1,QTL gamma=20.0,sampled
988,89,0.21117108010119293,9.3212890625,0.6214192708333334,1.0,1.0,15,0.0107421875,20.0,0.010505010395666332,0.4079292206839054,1246,1275904,erdos_renyi,14,3,1,QTL gamma=20.0,sampled
989,90,0.22667882645267654,9.4794921875,0.6319661458333333,1.0,1.0,15,0.009765625,20.0,0.010444683667031,0.3072352368737529,1260,1290240,erdos_renyi,14,3,1,QTL gamma=20.0,sampled
990,91,0.23144433538293194,9.3193359375,0.6212890625,1.0,1.0,15,0.0087890625,20.0,0.010385323173393126,0.9801147844356878,1274,1304576,erdos_renyi,14,3,1,QTL gamma=20.0,sampled
991,92,0.218326122224563,9.32421875,0.6216145833333333,1.0,1.0,15,0.0087890625,20.0,0.010326903714711696,0.9001666462312143,1288,1318912,erdos_renyi,14,3,1,QTL gamma=20.0,sampled
992,93,0.22232825753292845,9.51171875,0.6341145833333334,1.0,1.0,15,0.009765625,20.0,0.010269400996658053,0.56908186056592,1302,1333248,erdos_renyi,14,3,1,QTL gamma=20.0,sampled
993,94,0.22667882636835662,9.3486328125,0.6232421875,1.0,1.0,15,0.01953125,20.0,0.010212791589312188,0.6037176474664021,1316,1347584,erdos_renyi,14,3,1,QTL gamma=20.0,sampled
994,95,0.20794415400051486,9.3623046875,0.6241536458333333,1.0,1.0,15,0.0078125,20.0,0.010157052888133783,0.3526224045773492,1330,1361920,erdos_renyi,14,3,1,QTL gamma=20.0,sampled
995,96,0.21462072360045564,9.7109375,0.6473958333333333,1.0,1.0,15,0.009765625,20.0,0.010102163077061653,0.34964708787496496,1344,1376256,erdos_renyi,14,3,1,QTL gamma=20.0,sampled
996,97,0.24927808235608614,9.44921875,0.6299479166666667,1.0,1.0,15,0.01953125,20.0,0.010048101093605908,0.5666782674037403,1358,1390592,erdos_renyi,14,3,1,QTL gamma=20.0,sampled
997,98,0.1876708986595177,9.65625,0.64375,1.0,1.0,15,0.017578125,20.0,0.009994846595807088,0.8847647351760598,1372,1404928,erdos_renyi,14,3,1,QTL gamma=20.0,sampled
998,99,0.1967869764373808,9.6259765625,0.6417317708333333,1.0,1.0,15,0.01171875,20.0,0.00994237993094551,0.43672261597540507,1386,1419264,erdos_renyi,14,3,1,QTL gamma=20.0,sampled
999,100,0.2146207235857331,9.6748046875,0.6449869791666667,1.0,1.0,15,0.01953125,20.0,0.00989068210589248,0.5259066232412183,1400,1433600,erdos_renyi,14,3,1,QTL gamma=20.0,sampled
1000,101,0.20794415400051486,9.611328125,0.6407552083333333,1.0,1.0,15,0.013671875,20.0,0.009839734759002643,0.32862402536845337,1414,1447936,erdos_renyi,14,3,1,QTL gamma=20.0,sampled
1001,102,0.20205500214469652,9.8486328125,0.6565755208333334,1.0,1.0,15,0.01953125,20.0,0.009789520133453791,0.7406584873875324,1428,1462272,erdos_renyi,14,3,1,QTL gamma=20.0,sampled
1002,103,0.19935164114265572,9.5673828125,0.6378255208333333,1.0,1.0,15,0.01953125,20.0,0.00974002105194698,0.891781921071274,1442,1476608,erdos_renyi,14,3,1,QTL gamma=20.0,sampled
1003,104,0.1856297988634257,9.71875,0.6479166666666667,1.0,1.0,15,0.0244140625,20.0,0.00969122089268578,0.3964394731546997,1456,1490944,erdos_renyi,14,3,1,QTL gamma=20.0,sampled
1004,105,0.19202146744341703,9.6689453125,0.6445963541666667,1.0,1.0,15,0.015625,20.0,0.009643103566559043,0.47262977606945106,1470,1505280,erdos_renyi,14,3,1,QTL gamma=20.0,sampled
1005,106,0.2020550022134016,9.8779296875,0.6585286458333334,1.0,1.0,15,0.025390625,20.0,0.00959565349545662,0.44912448313267206,1484,1519616,erdos_renyi,14,3,1,QTL gamma=20.0,sampled
1006,107,0.199351641099263,9.89453125,0.6596354166666667,1.0,1.0,15,0.0302734375,20.0,0.009548855591652266,0.47994791326800884,1498,1533952,erdos_renyi,14,3,1,QTL gamma=20.0,sampled
1007,108,0.19935164107756667,9.86328125,0.6575520833333334,1.0,1.0,15,0.0185546875,20.0,0.00950269523819228,0.6128825318103812,1512,1548288,erdos_renyi,14,3,1,QTL gamma=20.0,sampled
1008,109,0.17651372105945465,9.8291015625,0.6552734375,1.0,1.0,15,0.0185546875,20.0,0.00945715827023246,0.4092814895709309,1526,1562624,erdos_renyi,14,3,1,QTL gamma=20.0,sampled
1009,110,0.1765137211006777,9.9072265625,0.6604817708333334,1.0,1.0,15,0.0234375,20.0,0.00941223095726976,0.5030722769761306,1540,1576960,erdos_renyi,14,3,1,QTL gamma=20.0,sampled
1010,111,0.18178174683471207,9.9228515625,0.6615234375,1.0,1.0,15,0.025390625,20.0,0.00936789998621843,0.6549037253792254,1554,1591296,erdos_renyi,14,3,1,QTL gamma=20.0,sampled
1011,112,0.20491292285285984,9.9658203125,0.6643880208333334,1.0,1.0,15,0.029296875,20.0,0.009324152445283704,0.4591927564472941,1568,1605632,erdos_renyi,14,3,1,QTL gamma=20.0,sampled
1012,113,0.18366876320449327,9.96484375,0.6643229166666667,1.0,1.0,15,0.0224609375,20.0,0.009280975808589007,0.3078997334972507,1582,1619968,erdos_renyi,14,3,1,QTL gamma=20.0,sampled
1013,114,0.17820879864916156,9.9921875,0.6661458333333333,1.0,1.0,15,0.03125,20.0,0.009238357921515535,0.3875724474646884,1596,1634304,erdos_renyi,14,3,1,QTL gamma=20.0,sampled
1014,115,0.16339550788893017,10.0673828125,0.6711588541666667,1.0,1.0,15,0.0302734375,20.0,0.009196286986715518,0.48952350673945594,1610,1648640,erdos_renyi,14,3,1,QTL gamma=20.0,sampled
1015,116,0.17996336461662593,10.123046875,0.6748697916666667,1.0,1.0,15,0.029296875,20.0,0.00915475155076295,0.40893832667360774,1624,1662976,erdos_renyi,14,3,1,QTL gamma=20.0,sampled
1016,117,0.17487422990943993,10.1474609375,0.6764973958333333,1.0,1.0,15,0.02734375,20.0,0.009113740491407799,0.40645697178020096,1638,1677312,erdos_renyi,14,3,1,QTL gamma=20.0,sampled
1017,118,0.17487422991941323,10.0869140625,0.6724609375,1.0,1.0,15,0.0361328125,20.0,0.009073243005401715,0.5958032459048858,1652,1691648,erdos_renyi,14,3,1,QTL gamma=20.0,sampled
1018,119,0.1765137210388431,10.169921875,0.6779947916666667,1.0,1.0,15,0.033203125,20.0,0.009033248596865282,0.34038499226284646,1666,1705984,erdos_renyi,14,3,1,QTL gamma=20.0,sampled
1019,120,0.15406621008921934,10.2509765625,0.6833984375,1.0,1.0,15,0.0361328125,20.0,0.008993747066168569,0.41227189052855884,1680,1720320,erdos_renyi,14,3,1,QTL gamma=20.0,sampled
1020,121,0.1732867950079437,10.251953125,0.6834635416666667,1.0,1.0,15,0.0361328125,20.0,0.008954728499298495,0.45962873302022705,1694,1734656,erdos_renyi,14,3,1,QTL gamma=20.0,sampled
1021,122,0.1621296174737946,10.28515625,0.6856770833333333,1.0,1.0,15,0.033203125,20.0,0.008916183257688039,0.4780214047316943,1708,1748992,erdos_renyi,14,3,1,QTL gamma=20.0,sampled
1022,123,0.1596901092921916,10.24609375,0.6830729166666667,1.0,1.0,15,0.037109375,20.0,0.008878101968483779,0.2769073737799898,1722,1763328,erdos_renyi,14,3,1,QTL gamma=20.0,sampled
1023,124,0.15969010922594024,10.2880859375,0.6858723958333334,1.0,1.0,15,0.0341796875,20.0,0.00884047551522969,0.3611185044180817,1736,1777664,erdos_renyi,14,3,1,QTL gamma=20.0,sampled
1024,125,0.15624046568152847,10.24609375,0.6830729166666667,1.0,1.0,15,0.048828125,20.0,0.0088032950289463,0.38058984814736846,1750,1792000,erdos_renyi,14,3,1,QTL gamma=20.0,sampled
1025,126,0.16212961749698257,10.3359375,0.6890625,1.0,1.0,15,0.037109375,20.0,0.008766551879585577,0.3300804822980548,1764,1806336,erdos_renyi,14,3,1,QTL gamma=20.0,sampled
1026,127,0.15851358438504679,10.357421875,0.6904947916666667,1.0,1.0,15,0.048828125,20.0,0.008730237667843014,0.38423422213501957,1778,1820672,erdos_renyi,14,3,1,QTL gamma=20.0,sampled
1027,128,0.17174821204425472,10.279296875,0.6852864583333333,1.0,1.0,15,0.04296875,20.0,0.008694344217309401,0.31591003358773034,1792,1835008,erdos_renyi,14,3,1,QTL gamma=20.0,sampled
1028,129,0.17996336454301332,10.4580078125,0.6972005208333333,1.0,1.0,15,0.0595703125,20.0,0.008658863566945809,0.3318279106226131,1806,1849344,erdos_renyi,14,3,1,QTL gamma=20.0,sampled
1029,130,0.15969010924557028,10.3681640625,0.6912109375,1.0,1.0,15,0.0380859375,20.0,0.008623787963866158,0.37296448656615033,1820,1863680,erdos_renyi,14,3,1,QTL gamma=20.0,sampled
1030,131,0.1540662100694849,10.4453125,0.6963541666666667,1.0,1.0,15,0.046875,20.0,0.008589109856412664,0.29097739888982044,1834,1878016,erdos_renyi,14,3,1,QTL gamma=20.0,sampled
1031,132,0.1540662100738703,10.3759765625,0.6917317708333334,1.0,1.0,15,0.046875,20.0,0.008554821887510222,0.33569349609606663,1848,1892352,erdos_renyi,14,3,1,QTL gamma=20.0,sampled
1032,133,0.15301353960146194,10.4169921875,0.6944661458333333,1.0,1.0,15,0.048828125,20.0,0.008520916888286587,0.39365029144096186,1862,1906688,erdos_renyi,14,3,1,QTL gamma=20.0,sampled
1033,134,0.16089498678891395,10.5244140625,0.7016276041666667,1.0,1.0,15,0.03515625,20.0,0.008487387871945858,0.433560302631995,1876,1921024,erdos_renyi,14,3,1,QTL gamma=20.0,sampled
1034,135,0.15624046568381864,10.4775390625,0.6985026041666667,1.0,1.0,15,0.0478515625,20.0,0.00845422802788352,0.4083449576660176,1890,1935360,erdos_renyi,14,3,1,QTL gamma=20.0,sampled
1035,136,0.15406621004755772,10.4638671875,0.6975911458333334,1.0,1.0,15,0.0556640625,20.0,0.008421430716031844,0.36732950330637615,1904,1949696,erdos_renyi,14,3,1,QTL gamma=20.0,sampled
1036,137,0.14355143964426345,10.66796875,0.7111979166666667,1.0,1.0,15,0.05078125,20.0,0.008388989461425122,0.3299273888895332,1918,1964032,erdos_renyi,14,3,1,QTL gamma=20.0,sampled
1037,138,0.15301353961649117,10.6572265625,0.7104817708333333,1.0,1.0,15,0.044921875,20.0,0.008356897948974679,0.21965950008355475,1932,1978368,erdos_renyi,14,3,1,QTL gamma=20.0,sampled
1038,139,0.1471243878143487,10.6376953125,0.7091796875,1.0,1.0,15,0.0537109375,20.0,0.008325150018444189,0.39306367716322826,1946,1992704,erdos_renyi,14,3,1,QTL gamma=20.0,sampled
1039,140,0.145306005625435,10.640625,0.709375,1.0,1.0,15,0.0380859375,20.0,0.008293739659616314,0.3438857177069744,1960,2007040,erdos_renyi,14,3,1,QTL gamma=20.0,sampled
1040,141,0.14102989697669677,10.6123046875,0.7074869791666667,1.0,1.0,15,0.048828125,20.0,0.00826266100764208,0.3170837415418456,1974,2021376,erdos_renyi,14,3,1,QTL gamma=20.0,sampled
1041,142,0.16089498677634592,10.5615234375,0.7041015625,1.0,1.0,15,0.05078125,20.0,0.008231908338564943,0.32071601070877787,1988,2035712,erdos_renyi,14,3,1,QTL gamma=20.0,sampled
1042,143,0.1418563620640923,10.5478515625,0.7031901041666667,1.0,1.0,15,0.0478515625,20.0,0.008201476065011818,0.3281071785125875,2002,2050048,erdos_renyi,14,3,1,QTL gamma=20.0,sampled
1043,144,0.16089498679645475,10.6015625,0.7067708333333333,1.0,1.0,15,0.048828125,20.0,0.008171358732043785,0.2633725105712369,2016,2064384,erdos_renyi,14,3,1,QTL gamma=20.0,sampled
1044,145,0.14805899446236367,10.6689453125,0.7112630208333334,1.0,1.0,15,0.048828125,20.0,0.008141551013159535,0.2412709354883841,2030,2078720,erdos_renyi,14,3,1,QTL gamma=20.0,sampled
1045,146,0.13941685382625746,10.6826171875,0.7121744791666667,1.0,1.0,15,0.0517578125,20.0,0.00811204770644495,0.36307574931683667,2044,2093056,erdos_renyi,14,3,1,QTL gamma=20.0,sampled
1046,147,0.14805899445069676,10.7373046875,0.7158203125,1.0,1.0,15,0.05859375,20.0,0.008082843730862575,0.3283454638404392,2058,2107392,erdos_renyi,14,3,1,QTL gamma=20.0,sampled
1047,148,0.14185636205893942,10.7294921875,0.7152994791666667,1.0,1.0,15,0.0615234375,20.0,0.008053934122674994,0.19601595431518015,2072,2121728,erdos_renyi,14,3,1,QTL gamma=20.0,sampled
1048,149,0.13785422667896213,10.787109375,0.719140625,1.0,1.0,15,0.0498046875,20.0,0.008025314031996484,0.2666510412222676,2086,2136064,erdos_renyi,14,3,1,QTL gamma=20.0,sampled
1049,150,0.1480589944351409,10.7568359375,0.7171223958333334,1.0,1.0,15,0.0517578125,20.0,0.007996978719467512,0.2922820638191193,2100,2150400,erdos_renyi,14,3,1,QTL gamma=20.0,sampled
1050,1,7.0595703125,7.87890625,0.5252604166666667,0.9333333333333333,0.9333333333333333,14,0.0,0.0,0.06172606375797438,2.5,14,14336,erdos_renyi,14,3,1,QTL schedule linear,sampled
1051,2,4.468492069577734,7.9951171875,0.5330078125,0.9333333333333333,0.9333333333333333,14,0.0,1.342281879194631,0.055855745138402954,2.4999999999999996,28,28672,erdos_renyi,14,3,1,QTL schedule linear,sampled
1052,3,2.4707158209050086,8.1865234375,0.5457682291666667,0.9333333333333333,0.9333333333333333,14,0.0,2.684563758389262,0.051018271534881615,2.5,42,43008,erdos_renyi,14,3,1,QTL schedule linear,sampled
1053,4,2.428851213436746,8.3740234375,0.5582682291666666,0.9333333333333333,0.9333333333333333,14,0.0,4.026845637583892,0.04694970820901407,2.5,56,57344,erdos_renyi,14,3,1,QTL schedule linear,sampled
1054,5,1.1614320696424234,8.37890625,0.55859375,0.9333333333333333,0.9333333333333333,14,0.0,5.369127516778524,0.043471923063843836,1.997560509837082,70,71680,erdos_renyi,14,3,1,QTL schedule linear,sampled
1055,6,1.7926186776607647,8.4609375,0.5640625,1.0,1.0,15,0.0029296875,6.7114093959731544,0.04045967441117711,2.5,84,86016,erdos_renyi,14,3,1,QTL schedule linear,sampled
1056,7,0.660787611632879,8.3720703125,0.5581380208333333,1.0,1.0,15,0.0009765625,8.053691275167784,0.03782194220155924,0.7926380494221933,98,100352,erdos_renyi,14,3,1,QTL schedule linear,sampled
1057,8,0.6207593310805567,8.53515625,0.5690104166666666,1.0,1.0,15,0.0029296875,9.395973154362416,0.03549074268269165,2.057057826487932,112,114688,erdos_renyi,14,3,1,QTL schedule linear,sampled
1058,9,0.5809308464831532,8.5947265625,0.5729817708333333,1.0,1.0,15,0.0009765625,10.738255033557047,0.033414118323461875,0.4556921001680991,126,129024,erdos_renyi,14,3,1,QTL schedule linear,sampled
1059,10,0.440545200429569,8.837890625,0.5891927083333334,1.0,1.0,15,0.0087890625,12.080536912751679,0.031551575821083845,0.6788280891162792,140,143360,erdos_renyi,14,3,1,QTL schedule linear,sampled
1060,11,0.5163931048857285,8.80078125,0.58671875,1.0,1.0,15,0.0029296875,13.422818791946309,0.02987102068480993,0.6629541454459793,154,157696,erdos_renyi,14,3,1,QTL schedule linear,sampled
1061,12,0.36044676757594507,8.9873046875,0.5991536458333333,1.0,1.0,15,0.005859375,14.76510067114094,0.028346639899554396,1.1057488785722898,168,172032,erdos_renyi,14,3,1,QTL schedule linear,sampled
1062,13,0.2939178389932502,8.8935546875,0.5929036458333333,1.0,1.0,15,0.0087890625,16.10738255033557,0.026957403971680602,0.8645812347200919,182,186368,erdos_renyi,14,3,1,QTL schedule linear,sampled
1063,14,0.2945450488351893,9.0712890625,0.6047526041666667,1.0,1.0,15,0.005859375,17.449664429530202,0.025685984638005147,0.55282039861969,196,200704,erdos_renyi,14,3,1,QTL schedule linear,sampled
1064,15,0.22841776998827623,8.9697265625,0.5979817708333334,1.0,1.0,15,0.005859375,18.79194630872483,0.02451795820362672,0.7367184158419524,210,215040,erdos_renyi,14,3,1,QTL schedule linear,sampled
1065,16,0.20354683683906763,9.08984375,0.6059895833333333,1.0,1.0,15,0.0107421875,20.13422818791946,0.023441209319897596,0.6292200175784232,224,229376,erdos_renyi,14,3,1,QTL schedule linear,sampled
1066,17,0.22592265910620843,9.30078125,0.6200520833333333,1.0,1.0,15,0.01171875,21.476510067114095,0.022445478086539034,0.4272854688184462,238,243712,erdos_renyi,14,3,1,QTL schedule linear,sampled
1067,18,0.218484907875097,9.34765625,0.6231770833333333,1.0,1.0,15,0.0078125,22.818791946308725,0.021522011381388418,0.33140781871472413,252,258048,erdos_renyi,14,3,1,QTL schedule linear,sampled
1068,19,0.17213154983722428,9.2421875,0.6161458333333333,1.0,1.0,15,0.00390625,24.161073825503358,0.02066329115113795,0.46036418490864894,266,272384,erdos_renyi,14,3,1,QTL schedule linear,sampled
1069,20,0.18150108425676417,9.3779296875,0.6251953125,1.0,1.0,15,0.013671875,25.503355704697988,0.019862820322272098,0.2695278073208371,280,286720,erdos_renyi,14,3,1,QTL schedule linear,sampled
1070,21,0.15732245476743517,9.416015625,0.627734375,1.0,1.0,15,0.0146484375,26.845637583892618,0.01911495240047257,0.32799172268910587,294,301056,erdos_renyi,14,3,1,QTL schedule linear,sampled
1071,22,0.14144473598533597,9.498046875,0.633203125,1.0,1.0,15,0.0107421875,28.187919463087248,0.018414754580816067,0.19162753624270076,308,315392,erdos_renyi,14,3,1,QTL schedule linear,sampled
1072,23,0.14302041342501315,9.509765625,0.633984375,1.0,1.0,15,0.01953125,29.53020134228188,0.01775789683693614,0.2407222403681474,322,329728,erdos_renyi,14,3,1,QTL schedule linear,sampled
1073,24,0.1327479371238988,9.609375,0.640625,1.0,1.0,15,0.0185546875,30.87248322147651,0.01714056134866899,0.17057460456491744,336,344064,erdos_renyi,14,3,1,QTL schedule linear,sampled
1074,25,0.12065738662781808,9.46484375,0.6309895833333333,1.0,1.0,15,0.0205078125,32.21476510067114,0.0165593679974578,0.3379536471635875,350,358400,erdos_renyi,14,3,1,QTL schedule linear,sampled
1075,26,0.11728503805495467,9.46484375,0.6309895833333333,1.0,1.0,15,0.01171875,33.557046979865774,0.016011312662837836,0.33599754524127484,364,372736,erdos_renyi,14,3,1,QTL schedule linear,sampled
1076,27,0.10876935785786059,9.4931640625,0.6328776041666667,1.0,1.0,15,0.0166015625,34.899328859060404,0.015493715797588058,0.32200308851156806,378,387072,erdos_renyi,14,3,1,QTL schedule linear,sampled
1077,28,0.1226922607807234,9.708984375,0.647265625,1.0,1.0,15,0.01953125,36.241610738255034,0.015004179316605047,0.33690413212356074,392,401408,erdos_renyi,14,3,1,QTL schedule linear,sampled
1078,29,0.09393051592261739,9.7236328125,0.6482421875,1.0,1.0,15,0.0263671875,37.58389261744966,0.01454055025618747,0.23062806829024693,406,415744,erdos_renyi,14,3,1,QTL schedule linear,sampled
1079,30,0.09751735532084056,9.5927734375,0.6395182291666667,1.0,1.0,15,0.0166015625,38.92617449664429,0.014100889982220291,0.2662882548766852,420,430080,erdos_renyi,14,3,1,QTL schedule linear,sampled
1080,31,0.09901131518975316,9.7138671875,0.6475911458333333,1.0,1.0,15,0.025390625,40.26845637583892,0.013683447973453165,0.2031939048681347,434,444416,erdos_renyi,14,3,1,QTL schedule linear,sampled
1081,32,0.09122591304207664,9.6865234375,0.6457682291666667,1.0,1.0,15,0.0224609375,41.61073825503356,0.01328663939826481,0.22457905415262067,448,458752,erdos_renyi,14,3,1,QTL schedule linear,sampled
1082,33,0.08738426223632415,9.8564453125,0.6570963541666667,1.0,1.0,15,0.0302734375,42.95302013422819,0.012909025853557304,0.12791531030175618,462,473088,erdos_renyi,14,3,1,QTL schedule linear,sampled
1083,34,0.08569706982740534,9.62109375,0.64140625,1.0,1.0,15,0.0146484375,44.29530201342282,0.012549298752718667,0.17744533087978998,476,487424,erdos_renyi,14,3,1,QTL schedule linear,sampled
1084,35,0.08317656777365812,9.5849609375,0.6389973958333334,1.0,1.0,15,0.0166015625,45.63758389261745,0.012206264943349556,0.1434269591364063,490,501760,erdos_renyi,14,3,1,QTL schedule linear,sampled
1085,36,0.08273649368764693,9.703125,0.646875,1.0,1.0,15,0.0234375,46.97986577181208,0.011878834210230164,0.1309840274945528,504,516096,erdos_renyi,14,3,1,QTL schedule linear,sampled
1086,37,0.08250942932479428,9.72265625,0.6481770833333333,1.0,1.0,15,0.0205078125,48.322147651006716,0.011566008379004643,0.14393760321515925,518,530432,erdos_renyi,14,3,1,QTL schedule linear,sampled
1087,38,0.0755755781503344,9.9130859375,0.6608723958333333,1.0,1.0,15,0.03515625,49.664429530201346,0.011266871784476707,0.13216254808511482,532,544768,erdos_renyi,14,3,1,QTL schedule linear,sampled
1088,39,0.08560682168059863,9.8427734375,0.6561848958333333,1.0,1.0,15,0.0224609375,51.006711409395976,0.010980582906688567,0.14781692362035967,546,559104,erdos_renyi,14,3,1,QTL schedule linear,sampled
1089,40,0.07616255014596396,9.7119140625,0.6474609375,1.0,1.0,15,0.017578125,52.348993288590606,0.010706367009983984,0.15378531170617446,560,573440,erdos_renyi,14,3,1,QTL schedule linear,sampled
1090,41,0.07745919742757389,9.8134765625,0.6542317708333333,1.0,1.0,15,0.021484375,53.691275167785236,0.010443509646499946,0.17924506584856206,574,587776,erdos_renyi,14,3,1,QTL schedule linear,sampled
1091,42,0.06897569034888722,9.7373046875,0.6491536458333333,1.0,1.0,15,0.0185546875,55.033557046979865,0.010191350907135336,0.10726718506608675,588,602112,erdos_renyi,14,3,1,QTL schedule linear,sampled
1092,43,0.06147555351394753,9.8720703125,0.6581380208333333,1.0,1.0,15,0.0322265625,56.375838926174495,0.009949280320907363,0.1400394392799429,602,616448,erdos_renyi,14,3,1,QTL schedule linear,sampled
1093,44,0.062359398490489895,9.955078125,0.663671875,1.0,1.0,15,0.01953125,57.71812080536913,0.009716732318438599,0.1179932634009645,616,630784,erdos_renyi,14,3,1,QTL schedule linear,sampled
1094,45,0.06842317126224885,9.7939453125,0.6529296875,1.0,1.0,15,0.0244140625,59.06040268456376,0.009493182187681942,0.11576096687270192,630,645120,erdos_renyi,14,3,1,QTL schedule linear,sampled
1095,46,0.06435060620150317,9.7900390625,0.6526692708333334,1.0,1.0,15,0.0234375,60.40268456375839,0.009278142460339174,0.12100259859833866,644,659456,erdos_renyi,14,3,1,QTL schedule linear,sampled
1096,47,0.06078905199048637,9.896484375,0.659765625,1.0,1.0,15,0.021484375,61.74496644295302,0.009071159676120712,0.09041754082991876,658,673792,erdos_renyi,14,3,1,QTL schedule linear,sampled
1097,48,0.0659227212149565,10.0400390625,0.6693359375,1.0,1.0,15,0.033203125,63.08724832214765,0.008871811479321392,0.13688986295827277,672,688128,erdos_renyi,14,3,1,QTL schedule linear,sampled
1098,49,0.06555102281980098,9.6826171875,0.6455078125,1.0,1.0,15,0.029296875,64.42953020134227,0.008679704008384494,0.14212588357459882,686,702464,erdos_renyi,14,3,1,QTL schedule linear,sampled
1099,50,0.05048597245411521,9.81640625,0.6544270833333333,1.0,1.0,15,0.0263671875,65.77181208053692,0.0084944695443852,0.11559714603612478,700,716800,erdos_renyi,14,3,1,QTL schedule linear,sampled
1100,51,0.05791554558135285,9.900390625,0.6600260416666667,1.0,1.0,15,0.0302734375,67.11409395973155,0.008315764388841346,0.11107048068681431,714,731136,erdos_renyi,14,3,1,QTL schedule linear,sampled
1101,52,0.054233019718525156,9.916015625,0.6610677083333333,1.0,1.0,15,0.0244140625,68.45637583892618,0.008143266945081412,0.13646586493613921,728,745472,erdos_renyi,14,3,1,QTL schedule linear,sampled
1102,53,0.04921246849767432,9.93359375,0.6622395833333333,1.0,1.0,15,0.025390625,69.79865771812081,0.007976675980672504,0.08531445722962364,742,759808,erdos_renyi,14,3,1,QTL schedule linear,sampled
1103,54,0.05110467981128995,9.822265625,0.6548177083333333,1.0,1.0,15,0.033203125,71.14093959731544,0.007815709051221207,0.09680021334938857,756,774144,erdos_renyi,14,3,1,QTL schedule linear,sampled
1104,55,0.05067897359899238,9.90234375,0.66015625,1.0,1.0,15,0.0380859375,72.48322147651007,0.007660101068279789,0.13268795515446266,770,788480,erdos_renyi,14,3,1,QTL schedule linear,sampled
1105,56,0.04612378007877368,9.8916015625,0.6594401041666667,1.0,1.0,15,0.02734375,73.8255033557047,0.0075096029961785275,0.10022204100578735,784,802816,erdos_renyi,14,3,1,QTL schedule linear,sampled
1106,57,0.05050005900543529,9.904296875,0.6602864583333333,1.0,1.0,15,0.029296875,75.16778523489933,0.007363980664412407,0.11633059860603809,798,817152,erdos_renyi,14,3,1,QTL schedule linear,sampled
1107,58,0.047043055001597646,10.037109375,0.669140625,1.0,1.0,15,0.021484375,76.51006711409396,0.007223013683777929,0.0949196339118137,812,831488,erdos_renyi,14,3,1,QTL schedule linear,sampled
1108,59,0.04623196784639769,9.9130859375,0.6608723958333333,1.0,1.0,15,0.02734375,77.85234899328859,0.007086494455818977,0.09319406704126029,826,845824,erdos_renyi,14,3,1,QTL schedule linear,sampled
1109,60,0.04263071507393186,9.9970703125,0.6664713541666667,1.0,1.0,15,0.0244140625,79.19463087248322,0.006954227266328384,0.17914376909939386,840,860160,erdos_renyi,14,3,1,QTL schedule linear,sampled
1110,61,0.04514246716663946,9.83984375,0.6559895833333333,1.0,1.0,15,0.0234375,80.53691275167785,0.006826027454689172,0.06929947156452412,854,874496,erdos_renyi,14,3,1,QTL schedule linear,sampled
1111,62,0.0415870148251238,9.9990234375,0.6666015625,1.0,1.0,15,0.02734375,81.87919463087249,0.00670172065174726,0.08922644042067439,868,888832,erdos_renyi,14,3,1,QTL schedule linear,sampled
1112,63,0.04282759841663982,9.9619140625,0.6641276041666667,1.0,1.0,15,0.0322265625,83.22147651006712,0.006581142079703536,0.08606627046395326,882,903168,erdos_renyi,14,3,1,QTL schedule linear,sampled
1113,64,0.042992825872989957,10.041015625,0.6694010416666667,1.0,1.0,15,0.025390625,84.56375838926175,0.006464135908212679,0.07923815677385411,896,917504,erdos_renyi,14,3,1,QTL schedule linear,sampled
1114,65,0.039985130654360386,9.9404296875,0.6626953125,1.0,1.0,15,0.029296875,85.90604026845638,0.006350554661491919,0.11919820520675903,910,931840,erdos_renyi,14,3,1,QTL schedule linear,sampled
1115,66,0.04085094002817952,9.9267578125,0.6617838541666666,1.0,1.0,15,0.029296875,87.24832214765101,0.006240258671786171,0.07199100648387795,924,946176,erdos_renyi,14,3,1,QTL schedule linear,sampled
1116,67,0.04103860651512678,10.0146484375,0.6676432291666666,1.0,1.0,15,0.02734375,88.59060402684564,0.006133115575015717,0.09178123226477783,938,960512,erdos_renyi,14,3,1,QTL schedule linear,sampled
1117,68,0.038889940713882964,9.8154296875,0.6543619791666667,1.0,1.0,15,0.0185546875,89.93288590604027,0.0060289998448575894,0.07290169449132525,952,974848,erdos_renyi,14,3,1,QTL schedule linear,sampled
1118,69,0.04112200575827019,10.0126953125,0.6675130208333333,1.0,1.0,15,0.02734375,91.2751677852349,0.005927792361888264,0.10714113561642172,966,989184,erdos_renyi,14,3,1,QTL schedule linear,sampled
1119,70,0.03585235725002385,9.9775390625,0.6651692708333333,1.0,1.0,15,0.03125,92.61744966442953,0.005829380014749861,0.06563271955103601,980,1003520,erdos_renyi,14,3,1,QTL schedule linear,sampled
1120,71,0.03830648764415808,10.0322265625,0.6688151041666667,1.0,1.0,15,0.0419921875,93.95973154362416,0.0057336553305995346,0.09011972769602418,994,1017856,erdos_renyi,14,3,1,QTL schedule linear,sampled
1121,72,0.0373987479131221,10.091796875,0.6727864583333333,1.0,1.0,15,0.0263671875,95.30201342281879,0.005640516132366728,0.08015831795925636,1008,1032192,erdos_renyi,14,3,1,QTL schedule linear,sampled
1122,73,0.034082566752436594,9.9736328125,0.6649088541666667,1.0,1.0,15,0.03125,96.64429530201343,0.005549865220579608,0.11123485642111401,1022,1046528,erdos_renyi,14,3,1,QTL schedule linear,sampled
1123,74,0.03569350723055011,9.9453125,0.6630208333333333,1.0,1.0,15,0.0224609375,97.98657718120806,0.005461610077733163,0.08122354681706119,1036,1060864,erdos_renyi,14,3,1,QTL schedule linear,sampled
1124,75,0.03398935391029702,9.994140625,0.6662760416666667,1.0,1.0,15,0.0263671875,99.32885906040269,0.005375662593360643,0.06468440894664883,1050,1075200,erdos_renyi,14,3,1,QTL schedule linear,sampled
1125,76,0.036878453408597106,9.9873046875,0.6658203125,1.0,1.0,15,0.025390625,100.67114093959732,0.005291938808139466,0.06926856783416209,1064,1089536,erdos_renyi,14,3,1,QTL schedule linear,sampled
1126,77,0.0330948972284471,9.962890625,0.6641927083333333,1.0,1.0,15,0.0341796875,102.01342281879195,0.005210358675514695,0.0776561134105106,1078,1103872,erdos_renyi,14,3,1,QTL schedule linear,sampled
1127,78,0.03631553755275809,10.0048828125,0.6669921875,1.0,1.0,15,0.029296875,103.35570469798658,0.005130845839459923,0.063474511743917,1092,1118208,erdos_renyi,14,3,1,QTL schedule linear,sampled
1128,79,0.032523178260673746,9.9580078125,0.6638671875,1.0,1.0,15,0.0263671875,104.69798657718121,0.005053327427118178,0.07137515632157607,1106,1132544,erdos_renyi,14,3,1,QTL schedule linear,sampled
1129,80,0.0329826079472172,9.8896484375,0.6593098958333333,1.0,1.0,15,0.0234375,106.04026845637584,0.004977733855176285,0.0823906309409665,1120,1146880,erdos_renyi,14,3,1,QTL schedule linear,sampled
1130,81,0.033518176688638324,10.0126953125,0.6675130208333333,1.0,1.0,15,0.02734375,107.38255033557047,0.004903998648925915,0.04634983898467125,1134,1161216,erdos_renyi,14,3,1,QTL schedule linear,sampled
1131,82,0.034522177673609544,10.0615234375,0.6707682291666667,1.0,1.0,15,0.03515625,108.7248322147651,0.004832058273054724,0.05008139459425468,1148,1175552,erdos_renyi,14,3,1,QTL schedule linear,sampled
1132,83,0.03238184270526426,10.0556640625,0.6703776041666667,1.0,1.0,15,0.0341796875,110.06711409395973,0.004761851973292517,0.0699287765083005,1162,1189888,erdos_renyi,14,3,1,QTL schedule linear,sampled
1133,84,0.03447132370385118,10.068359375,0.6712239583333334,1.0,1.0,15,0.0380859375,111.40939597315436,0.0046933216281111224,0.05552733400269598,1176,1204224,erdos_renyi,14,3,1,QTL schedule linear,sampled
1134,85,0.03536118399634041,10.1064453125,0.6737630208333333,1.0,1.0,15,0.0283203125,112.75167785234899,0.004626411609743518,0.05638262524135273,1190,1218560,erdos_renyi,14,3,1,QTL schedule linear,sampled
1135,86,0.031238954139196112,10.1044921875,0.6736328125,1.0,1.0,15,0.0283203125,114.09395973154362,0.004561068653848384,0.07270590128522561,1204,1232896,erdos_renyi,14,3,1,QTL schedule linear,sampled
1136,87,0.03326883566767032,9.9140625,0.6609375,1.0,1.0,15,0.029296875,115.43624161073826,0.004497241737201306,0.06316715213470538,1218,1247232,erdos_renyi,14,3,1,QTL schedule linear,sampled
1137,88,0.031132735976992724,10.025390625,0.668359375,1.0,1.0,15,0.037109375,116.7785234899329,0.004434881962843898,0.06544109902112684,1232,1261568,erdos_renyi,14,3,1,QTL schedule linear,sampled
1138,89,0.029080095021353006,10.095703125,0.673046875,1.0,1.0,15,0.0322265625,118.12080536912752,0.004373942452167657,0.07190685090691613,1246,1275904,erdos_renyi,14,3,1,QTL schedule linear,sampled
1139,90,0.029010935366132543,10.0078125,0.6671875,1.0,1.0,15,0.0244140625,119.46308724832215,0.004314378243450824,0.03938726427249474,1260,1290240,erdos_renyi,14,3,1,QTL schedule linear,sampled
1140,91,0.02868859163984218,9.9599609375,0.6639973958333333,1.0,1.0,15,0.02734375,120.80536912751678,0.004256146196404334,0.08008910420443294,1274,1304576,erdos_renyi,14,3,1,QTL schedule linear,sampled
1141,92,0.027184754398369728,9.9599609375,0.6639973958333333,1.0,1.0,15,0.0302734375,122.14765100671141,0.004199204902317465,0.06811664725407507,1288,1318912,erdos_renyi,14,3,1,QTL schedule linear,sampled
1142,93,0.030063956583095467,9.9599609375,0.6639973958333333,1.0,1.0,15,0.02734375,123.48993288590604,0.00414351459942528,0.06745572975952101,1302,1333248,erdos_renyi,14,3,1,QTL schedule linear,sampled
1143,94,0.028551732277759884,10.03515625,0.6690104166666667,1.0,1.0,15,0.0322265625,124.83221476510067,0.004089037093148795,0.058516721883704076,1316,1347584,erdos_renyi,14,3,1,QTL schedule linear,sampled
1144,95,0.02631715585374091,9.8505859375,0.6567057291666667,1.0,1.0,15,0.01953125,126.1744966442953,0.004035735680885157,0.052803399053670264,1330,1361920,erdos_renyi,14,3,1,QTL schedule linear,sampled
1145,96,0.026703241098237393,9.970703125,0.6647135416666666,1.0,1.0,15,0.0263671875,127.51677852348993,0.003983575081049264,0.05480310226396846,1344,1376256,erdos_renyi,14,3,1,QTL schedule linear,sampled
1146,97,0.028214041979149663,10.0185546875,0.6679036458333333,1.0,1.0,15,0.037109375,128.85906040268455,0.003932521366090417,0.0680203016520827,1358,1390592,erdos_renyi,14,3,1,QTL schedule linear,sampled
1147,98,0.026152658807552086,9.97265625,0.66484375,1.0,1.0,15,0.0361328125,130.2013422818792,0.0038825418992278556,0.08299064267581521,1372,1404928,erdos_renyi,14,3,1,QTL schedule linear,sampled
1148,99,0.0258857949421689,9.9912109375,0.6660807291666667,1.0,1.0,15,0.03125,131.54362416107384,0.003833605274667713,0.04861387374265886,1386,1419264,erdos_renyi,14,3,1,QTL schedule linear,sampled
1149,100,0.025624322265985378,10.0732421875,0.6715494791666666,1.0,1.0,15,0.02734375,132.88590604026845,0.0037856812610810478,0.06183261878405995,1400,1433600,erdos_renyi,14,3,1,QTL schedule linear,sampled
1150,101,0.025590483618790644,9.814453125,0.654296875,1.0,1.0,15,0.0224609375,134.2281879194631,0.0037387407481383446,0.050834749931066,1414,1447936,erdos_renyi,14,3,1,QTL schedule linear,sampled
1151,102,0.02556409156025541,10.029296875,0.6686197916666666,1.0,1.0,15,0.0400390625,135.5704697986577,0.0036927556959104172,0.05053054226990555,1428,1462272,erdos_renyi,14,3,1,QTL schedule linear,sampled
1152,103,0.026554392450964383,10.1474609375,0.6764973958333333,1.0,1.0,15,0.02734375,136.91275167785236,0.0036476990869589586,0.0665370206409493,1442,1476608,erdos_renyi,14,3,1,QTL schedule linear,sampled
1153,104,0.024845129726981212,10.0791015625,0.6719401041666667,1.0,1.0,15,0.0400390625,138.25503355704697,0.003603544880952324,0.05041701413054949,1456,1490944,erdos_renyi,14,3,1,QTL schedule linear,sampled
1154,105,0.02439238369550531,9.9951171875,0.6663411458333334,1.0,1.0,15,0.0244140625,139.59731543624162,0.00356026797165348,0.06400075085070074,1470,1505280,erdos_renyi,14,3,1,QTL schedule linear,sampled
1155,106,0.02634175243471222,10.037109375,0.669140625,1.0,1.0,15,0.03125,140.93959731543623,0.0035178441461375235,0.05828341465980262,1484,1519616,erdos_renyi,14,3,1,QTL schedule linear,sampled
1156,107,0.026380154637380877,10.140625,0.6760416666666667,1.0,1.0,15,0.0419921875,142.28187919463087,0.0034762500461058684,0.060837888661515245,1498,1533952,erdos_renyi,14,3,1,QTL schedule linear,sampled
1157,108,0.024579948091899877,10.0419921875,0.6694661458333333,1.0,1.0,15,0.0302734375,143.6241610738255,0.0034354631311731536,0.06771917942584106,1512,1548288,erdos_renyi,14,3,1,QTL schedule linear,sampled
1158,109,0.02186900378685082,10.0712890625,0.6714192708333333,1.0,1.0,15,0.025390625,144.96644295302013,0.0033954616440111723,0.04725203623964636,1526,1562624,erdos_renyi,14,3,1,QTL schedule linear,sampled
1159,110,0.021829198436242963,10.11328125,0.67421875,1.0,1.0,15,0.0361328125,146.30872483221478,0.003356224577241832,0.05313304291031786,1540,1576960,erdos_renyi,14,3,1,QTL schedule linear,sampled
1160,111,0.024623163909076068,9.99609375,0.66640625,1.0,1.0,15,0.0302734375,147.6510067114094,0.003317731641978208,0.06019418088690108,1554,1591296,erdos_renyi,14,3,1,QTL schedule linear,sampled
1161,112,0.025477507245985367,10.08984375,0.67265625,1.0,1.0,15,0.0302734375,148.99328859060404,0.00327996323791936,0.05278017324309593,1568,1605632,erdos_renyi,14,3,1,QTL schedule linear,sampled
1162,113,0.023708134837782762,10.029296875,0.6686197916666666,1.0,1.0,15,0.0234375,150.33557046979865,0.0032429004249106643,0.03746223314709418,1582,1619968,erdos_renyi,14,3,1,QTL schedule linear,sampled
1163,114,0.022449627471969488,9.9658203125,0.6643880208333334,1.0,1.0,15,0.0302734375,151.6778523489933,0.0032065248958870894,0.04642869752362222,1596,1634304,erdos_renyi,14,3,1,QTL schedule linear,sampled
1164,115,0.022063264818964732,9.9453125,0.6630208333333333,1.0,1.0,15,0.0244140625,153.0201342281879,0.0031708189511220775,0.0581247287122871,1610,1648640,erdos_renyi,14,3,1,QTL schedule linear,sampled
1165,116,0.021338650488482044,9.99609375,0.66640625,1.0,1.0,15,0.0234375,154.36241610738256,0.0031357654737096076,0.05888971295061757,1624,1662976,erdos_renyi,14,3,1,QTL schedule linear,sampled
1166,117,0.021869033658039244,10.1005859375,0.6733723958333333,1.0,1.0,15,0.0341796875,155.70469798657717,0.003101347906211528,0.04891076870454367,1638,1677312,erdos_renyi,14,3,1,QTL schedule linear,sampled
1167,118,0.02247909782763493,10.0380859375,0.6692057291666667,1.0,1.0,15,0.0263671875,157.04697986577182,0.003067550228406479,0.06133546422306873,1652,1691648,erdos_renyi,14,3,1,QTL schedule linear,sampled
1168,119,0.020796142425215554,10.0185546875,0.6679036458333333,1.0,1.0,15,0.0341796875,158.38926174496643,0.003034356936080673,0.05072110961848888,1666,1705984,erdos_renyi,14,3,1,QTL schedule linear,sampled
1169,120,0.020145674835940194,10.03125,0.66875,1.0,1.0,15,0.033203125,159.73154362416108,0.0030017530208044214,0.05535930052608566,1680,1720320,erdos_renyi,14,3,1,QTL schedule linear,sampled
1170,121,0.021917120381944058,10.1064453125,0.6737630208333333,1.0,1.0,15,0.0419921875,161.0738255033557,0.002969723950641759,0.04585294312799851,1694,1734656,erdos_renyi,14,3,1,QTL schedule linear,sampled
1171,122,0.019519441396528003,10.060546875,0.670703125,1.0,1.0,15,0.033203125,162.41610738255034,0.0029382556517436407,0.05367092053474647,1708,1748992,erdos_renyi,14,3,1,QTL schedule linear,sampled
1172,123,0.02011430168996258,10.1083984375,0.6738932291666667,1.0,1.0,15,0.0283203125,163.75838926174498,0.0029073344907782042,0.03227066482491762,1722,1763328,erdos_renyi,14,3,1,QTL schedule linear,sampled
1173,124,0.021382556470189322,10.04296875,0.66953125,1.0,1.0,15,0.03125,165.1006711409396,0.002876947258154311,0.05323479492688681,1736,1777664,erdos_renyi,14,3,1,QTL schedule linear,sampled
1174,125,0.02280647826051916,10.0185546875,0.6679036458333333,1.0,1.0,15,0.0361328125,166.44295302013424,0.002847081151997206,0.05620698755587442,1750,1792000,erdos_renyi,14,3,1,QTL schedule linear,sampled
1175,126,0.021040435566666293,10.1416015625,0.6761067708333334,1.0,1.0,15,0.041015625,167.78523489932886,0.0028177237628375213,0.04280509644014366,1764,1806336,erdos_renyi,14,3,1,QTL schedule linear,sampled
1176,127,0.022192828504463274,10.04296875,0.66953125,1.0,1.0,15,0.0322265625,169.1275167785235,0.002788863058977109,0.04609121225331952,1778,1820672,erdos_renyi,14,3,1,QTL schedule linear,sampled
1177,128,0.02177861421767546,10.130859375,0.675390625,1.0,1.0,15,0.0400390625,170.46979865771812,0.0027604873724973223,0.03524619410276535,1792,1835008,erdos_renyi,14,3,1,QTL schedule linear,sampled
1178,129,0.025414525186427717,10.05078125,0.6700520833333333,1.0,1.0,15,0.0380859375,171.81208053691276,0.0027325853858773,0.048702341925818446,1806,1849344,erdos_renyi,14,3,1,QTL schedule linear,sampled
1179,130,0.019837584200612907,9.99609375,0.66640625,1.0,1.0,15,0.0263671875,173.15436241610738,0.0027051461191916998,0.04512597888629252,1820,1863680,erdos_renyi,14,3,1,QTL schedule linear,sampled
1180,131,0.020834984846141286,10.0927734375,0.6728515625,1.0,1.0,15,0.03515625,174.49664429530202,0.0026781589178590157,0.032398510216364376,1834,1878016,erdos_renyi,14,3,1,QTL schedule linear,sampled
1181,132,0.01970971944721982,10.0625,0.6708333333333333,1.0,1.0,15,0.0302734375,175.83892617449663,0.002651613440913272,0.05385310964989614,1848,1892352,erdos_renyi,14,3,1,QTL schedule linear,sampled
1182,133,0.01844388688488641,10.123046875,0.6748697916666667,1.0,1.0,15,0.037109375,177.18120805369128,0.0026254996497733856,0.04424938910952233,1862,1906688,erdos_renyi,14,3,1,QTL schedule linear,sampled
1183,134,0.019774845457393133,10.0166015625,0.6677734375,1.0,1.0,15,0.029296875,178.52348993288592,0.0025998077974859115,0.04760702002392618,1876,1921024,erdos_renyi,14,3,1,QTL schedule linear,sampled
1184,135,0.019627271983830498,10.0517578125,0.6701171875,1.0,1.0,15,0.0361328125,179.86577181208054,0.002574528418418251,0.05660996154875707,1890,1935360,erdos_renyi,14,3,1,QTL schedule linear,sampled
1185,136,0.019125727759894785,9.9443359375,0.6629557291666667,1.0,1.0,15,0.037109375,181.20805369127518,0.0025496523183806126,0.04622200101757168,1904,1949696,erdos_renyi,14,3,1,QTL schedule linear,sampled
1186,137,0.02012253363489403,10.1416015625,0.6761067708333334,1.0,1.0,15,0.03125,182.5503355704698,0.0025251705651562484,0.041094543440538124,1918,1964032,erdos_renyi,14,3,1,QTL schedule linear,sampled
1187,138,0.021137060431150673,9.9990234375,0.6666015625,1.0,1.0,15,0.0283203125,183.89261744966444,0.0025010744794205417,0.029133684454220002,1932,1978368,erdos_renyi,14,3,1,QTL schedule linear,sampled
1188,139,0.018709951069462293,10.0986328125,0.6732421875,1.0,1.0,15,0.03515625,185.23489932885906,0.0024773556260306103,0.047686518999813625,1946,1992704,erdos_renyi,14,3,1,QTL schedule linear,sampled
1189,140,0.017797213311162914,10.0263671875,0.6684244791666667,1.0,1.0,15,0.0224609375,186.5771812080537,0.0024540058056680327,0.037384819912690576,1960,2007040,erdos_renyi,14,3,1,QTL schedule linear,sampled
1190,141,0.01699559021107488,10.12109375,0.6747395833333333,1.0,1.0,15,0.0234375,187.91946308724832,0.0024310170468182482,0.050585713841933264,1974,2021376,erdos_renyi,14,3,1,QTL schedule linear,sampled
1191,142,0.019209560496442325,10.1064453125,0.6737630208333333,1.0,1.0,15,0.037109375,189.26174496644293,0.0024083815980710335,0.0639265697396353,1988,2035712,erdos_renyi,14,3,1,QTL schedule linear,sampled
1192,143,0.017712761896915348,10.115234375,0.6743489583333333,1.0,1.0,15,0.03125,190.60402684563758,0.0023860919207272877,0.039683044381842655,2002,2050048,erdos_renyi,14,3,1,QTL schedule linear,sampled
1193,144,0.018391989131701307,10.064453125,0.6709635416666667,1.0,1.0,15,0.02734375,191.9463087248322,0.002364140681698105,0.03247517825823751,2016,2064384,erdos_renyi,14,3,1,QTL schedule linear,sampled
1194,145,0.019418724941405365,9.896484375,0.659765625,1.0,1.0,15,0.0283203125,193.28859060402687,0.0023425207466828673,0.0281455550978274,2030,2078720,erdos_renyi,14,3,1,QTL schedule linear,sampled
1195,146,0.01679029702624142,10.1298828125,0.6753255208333333,1.0,1.0,15,0.037109375,194.63087248322148,0.0023212251736137402,0.06053132291301257,2044,2093056,erdos_renyi,14,3,1,QTL schedule linear,sampled
1196,147,0.018551698835605254,10.02734375,0.6684895833333333,1.0,1.0,15,0.03515625,195.97315436241612,0.002300247206354615,0.052323238143522105,2058,2107392,erdos_renyi,14,3,1,QTL schedule linear,sampled
1197,148,0.01669350208282609,10.0517578125,0.6701171875,1.0,1.0,15,0.0244140625,197.31543624161074,0.0022795802686431527,0.036632879650316384,2072,2121728,erdos_renyi,14,3,1,QTL schedule linear,sampled
1198,149,0.01830100020269167,10.044921875,0.6696614583333333,1.0,1.0,15,0.021484375,198.65771812080538,0.0022592179582651365,0.03240379495576663,2086,2136064,erdos_renyi,14,3,1,QTL schedule linear,sampled
1199,150,0.016602769464776145,10.060546875,0.670703125,1.0,1.0,15,0.0244140625,200.0,0.0022391540414509028,0.042664262961254286,2100,2150400,erdos_renyi,14,3,1,QTL schedule linear,sampled
1200,1,5.5654296875,9.5224609375,0.6348307291666667,1.0,1.0,15,0.0029296875,,0.06172606375797438,2.5,14,14336,erdos_renyi,14,3,2,Expectation,sampled
1201,2,5.150390625,9.9013671875,0.6600911458333333,0.9333333333333333,1.0,15,0.0,,0.05735522822936679,2.5,28,28672,erdos_renyi,14,3,2,Expectation,sampled
1202,3,4.9697265625,10.05078125,0.6700520833333333,1.0,1.0,15,0.0009765625,,0.05375750759044572,2.5000000000000004,42,43008,erdos_renyi,14,3,2,Expectation,sampled
1203,4,4.6083984375,10.4365234375,0.6957682291666667,1.0,1.0,15,0.0048828125,,0.05073089276276016,2.4999999999999996,56,57344,erdos_renyi,14,3,2,Expectation,sampled
1204,5,4.421875,10.6474609375,0.7098307291666667,1.0,1.0,15,0.0029296875,,0.0481400490304311,2.5,70,71680,erdos_renyi,14,3,2,Expectation,sampled
1205,6,4.1357421875,10.86328125,0.72421875,1.0,1.0,15,0.01171875,,0.04589050319120088,2.5,84,86016,erdos_renyi,14,3,2,Expectation,sampled
1206,7,3.921875,11.091796875,0.739453125,1.0,1.0,15,0.0126953125,,0.0439140671199312,2.5,98,100352,erdos_renyi,14,3,2,Expectation,sampled
1207,8,3.9482421875,11.1171875,0.7411458333333333,1.0,1.0,15,0.015625,,0.04216014399219075,2.5,112,114688,erdos_renyi,14,3,2,Expectation,sampled
1208,9,3.7373046875,11.228515625,0.7485677083333333,1.0,1.0,15,0.0205078125,,0.04059030480903759,2.5,126,129024,erdos_renyi,14,3,2,Expectation,sampled
1209,10,3.7099609375,11.3671875,0.7578125,1.0,1.0,15,0.03125,,0.03917477534832558,2.4999999999999996,140,143360,erdos_renyi,14,3,2,Expectation,sampled
1210,11,3.6611328125,11.2958984375,0.7530598958333333,1.0,1.0,15,0.015625,,0.0378900866404636,1.752039674388078,154,157696,erdos_renyi,14,3,2,Expectation,sampled
1211,12,3.658203125,11.2978515625,0.7531901041666667,1.0,1.0,15,0.03125,,0.03671745973566442,1.6816100008100028,168,172032,erdos_renyi,14,3,2,Expectation,sampled
1212,13,3.6328125,11.251953125,0.7501302083333333,1.0,1.0,15,0.0185546875,,0.0356416683383965,2.494147507576643,182,186368,erdos_renyi,14,3,2,Expectation,sampled
1213,14,3.6494140625,11.3232421875,0.7548828125,1.0,1.0,15,0.0166015625,,0.0346502208875103,1.48682049529918,196,200704,erdos_renyi,14,3,2,Expectation,sampled
1214,15,3.69921875,11.4423828125,0.7628255208333333,1.0,1.0,15,0.025390625,,0.03373276128686897,1.8177658407155644,210,215040,erdos_renyi,14,3,2,Expectation,sampled
1215,16,3.5830078125,11.341796875,0.7561197916666667,1.0,1.0,15,0.025390625,,0.032880622468849645,1.349074703582855,224,229376,erdos_renyi,14,3,2,Expectation,sampled
1216,17,3.6708984375,11.4033203125,0.7602213541666667,1.0,1.0,15,0.0263671875,,0.03208648880827392,1.1364619958097681,238,243712,erdos_renyi,14,3,2,Expectation,sampled
1217,18,3.5888671875,11.4248046875,0.7616536458333333,1.0,1.0,15,0.0205078125,,0.03134413738094823,1.130940752280356,252,258048,erdos_renyi,14,3,2,Expectation,sampled
1218,19,3.6142578125,11.4423828125,0.7628255208333333,1.0,1.0,15,0.017578125,,0.03064823721074824,1.3702737904978306,266,272384,erdos_renyi,14,3,2,Expectation,sampled
1219,20,3.5986328125,11.4658203125,0.7643880208333333,1.0,1.0,15,0.01953125,,0.029994191761820287,1.6843172364247418,280,286720,erdos_renyi,14,3,2,Expectation,sampled
1220,21,3.5869140625,11.5048828125,0.7669921875,1.0,1.0,15,0.0224609375,,0.02937801409200147,1.3859482894873143,294,301056,erdos_renyi,14,3,2,Expectation,sampled
1221,22,3.4677734375,11.4306640625,0.7620442708333334,1.0,1.0,15,0.025390625,,0.028796226961947273,1.530200520757991,308,315392,erdos_renyi,14,3,2,Expectation,sampled
1222,23,3.380859375,11.578125,0.771875,1.0,1.0,15,0.0302734375,,0.02824578221714004,1.5418295215816198,322,329728,erdos_renyi,14,3,2,Expectation,sampled
1223,24,3.3994140625,11.7314453125,0.7820963541666667,1.0,1.0,15,0.033203125,,0.027723995201538437,1.8952715813480217,336,344064,erdos_renyi,14,3,2,Expectation,sampled
1224,25,3.14453125,11.8544921875,0.7902994791666667,1.0,1.0,15,0.0380859375,,0.02722849100253128,2.192913441492263,350,358400,erdos_renyi,14,3,2,Expectation,sampled
1225,26,3.150390625,12.0263671875,0.8017578125,1.0,1.0,15,0.0419921875,,0.026757160087561217,2.4999999999999996,364,372736,erdos_renyi,14,3,2,Expectation,sampled
1226,27,2.849609375,12.0927734375,0.8061848958333333,1.0,1.0,15,0.076171875,,0.026308121454964955,2.5,378,387072,erdos_renyi,14,3,2,Expectation,sampled
1227,28,2.80078125,12.1884765625,0.8125651041666667,1.0,1.0,15,0.0576171875,,0.025879691841392598,2.5,392,401408,erdos_renyi,14,3,2,Expectation,sampled
1228,29,2.736328125,12.31640625,0.82109375,1.0,1.0,15,0.0673828125,,0.02547035984473107,2.5,406,415744,erdos_renyi,14,3,2,Expectation,sampled
1229,30,2.8095703125,12.291015625,0.8194010416666667,1.0,1.0,15,0.0634765625,,0.025078764062338103,0.832067927595345,420,430080,erdos_renyi,14,3,2,Expectation,sampled
1230,31,2.8779296875,12.15625,0.8104166666666667,1.0,1.0,15,0.052734375,,0.02470367452925437,1.796307814270939,434,444416,erdos_renyi,14,3,2,Expectation,sampled
1231,32,2.8427734375,12.26953125,0.81796875,1.0,1.0,15,0.0634765625,,0.02434397688406908,2.4999999999999996,448,458752,erdos_renyi,14,3,2,Expectation,sampled
1232,33,2.755859375,12.2294921875,0.8152994791666667,1.0,1.0,15,0.0625,,0.023998658801579687,2.272648310590076,462,473088,erdos_renyi,14,3,2,Expectation,sampled
1233,34,2.755859375,12.18359375,0.8122395833333333,1.0,1.0,15,0.0673828125,,0.023666798318885542,1.405931903041968,476,487424,erdos_renyi,14,3,2,Expectation,sampled
1234,35,2.755859375,12.2158203125,0.8143880208333333,1.0,1.0,15,0.0654296875,,0.02334755375070217,0.5472951092833812,490,501760,erdos_renyi,14,3,2,Expectation,sampled
1235,36,2.7236328125,12.1337890625,0.8089192708333334,1.0,1.0,15,0.056640625,,0.023040154944674613,1.00459616143543,504,516096,erdos_renyi,14,3,2,Expectation,sampled
1236,37,2.80078125,12.1923828125,0.8128255208333334,1.0,1.0,15,0.05859375,,0.02274389567146551,0.7947232984849414,518,530432,erdos_renyi,14,3,2,Expectation,sampled
1237,38,2.814453125,12.23828125,0.8158854166666667,1.0,1.0,15,0.0654296875,,0.022458126979795854,0.3810120887740864,532,544768,erdos_renyi,14,3,2,Expectation,sampled
1238,39,2.775390625,12.2333984375,0.8155598958333333,1.0,1.0,15,0.0703125,,0.022182251375256774,1.2356224999332557,546,559104,erdos_renyi,14,3,2,Expectation,sampled
1239,40,2.66796875,12.2783203125,0.8185546875,1.0,1.0,15,0.0703125,,0.02191571770500077,0.5977551746152411,560,573440,erdos_renyi,14,3,2,Expectation,sampled
1240,41,2.751953125,12.271484375,0.8180989583333333,1.0,1.0,15,0.056640625,,0.02165801664945291,1.2468060696701033,574,587776,erdos_renyi,14,3,2,Expectation,sampled
1241,42,2.7177734375,12.294921875,0.8196614583333334,1.0,1.0,15,0.0634765625,,0.02140867673780778,0.39971718326727135,588,602112,erdos_renyi,14,3,2,Expectation,sampled
1242,43,2.689453125,12.283203125,0.8188802083333333,1.0,1.0,15,0.08203125,,0.02116726081696399,0.6019087946545716,602,616448,erdos_renyi,14,3,2,Expectation,sampled
1243,44,2.794921875,12.2880859375,0.8192057291666667,1.0,1.0,15,0.060546875,,0.02093336291422007,1.0197342126161515,616,630784,erdos_renyi,14,3,2,Expectation,sampled
1244,45,2.765625,12.203125,0.8135416666666667,1.0,1.0,15,0.0693359375,,0.02070660544293041,0.5238472772179238,630,645120,erdos_renyi,14,3,2,Expectation,sampled
1245,46,2.7373046875,12.2890625,0.8192708333333333,1.0,1.0,15,0.0712890625,,0.02048663670772878,1.2458384859282596,644,659456,erdos_renyi,14,3,2,Expectation,sampled
1246,47,2.6708984375,12.2490234375,0.8166015625,1.0,1.0,15,0.05859375,,0.02027312867213555,0.7911361790851321,658,673792,erdos_renyi,14,3,2,Expectation,sampled
1247,48,2.69921875,12.208984375,0.8139322916666667,1.0,1.0,15,0.0634765625,,0.020065774956585968,0.9206736867840969,672,688128,erdos_renyi,14,3,2,Expectation,sampled
1248,49,2.7802734375,12.251953125,0.816796875,1.0,1.0,15,0.0673828125,,0.019864289039322903,1.1572376878420911,686,702464,erdos_renyi,14,3,2,Expectation,sampled
1249,50,2.6298828125,12.224609375,0.8149739583333333,1.0,1.0,15,0.064453125,,0.019668402636328148,1.0103982091312438,700,716800,erdos_renyi,14,3,2,Expectation,sampled
1250,51,2.689453125,12.216796875,0.814453125,1.0,1.0,15,0.0615234375,,0.019477864239635097,0.6086452712065621,714,731136,erdos_renyi,14,3,2,Expectation,sampled
1251,52,2.6357421875,12.24609375,0.81640625,1.0,1.0,15,0.0693359375,,0.019292437796065362,0.7986729105013826,728,745472,erdos_renyi,14,3,2,Expectation,sampled
1252,53,2.7138671875,12.1884765625,0.8125651041666667,1.0,1.0,15,0.0751953125,,0.019111901510738816,0.7087334643391132,742,759808,erdos_renyi,14,3,2,Expectation,sampled
1253,54,2.7666015625,12.2763671875,0.8184244791666667,1.0,1.0,15,0.06640625,,0.018936046761683596,0.66623467118198,756,774144,erdos_renyi,14,3,2,Expectation,sampled
1254,55,2.8076171875,12.3076171875,0.8205078125,1.0,1.0,15,0.0693359375,,0.018764677113571295,0.9066466417158173,770,788480,erdos_renyi,14,3,2,Expectation,sampled
1255,56,2.794921875,12.1640625,0.8109375,1.0,1.0,15,0.056640625,,0.018597607420066286,0.9164980530996497,784,802816,erdos_renyi,14,3,2,Expectation,sampled
1256,57,2.7392578125,12.3544921875,0.8236328125,1.0,1.0,15,0.068359375,,0.01843466300554247,0.5422551797185903,798,817152,erdos_renyi,14,3,2,Expectation,sampled
1257,58,2.671875,12.2783203125,0.8185546875,1.0,1.0,15,0.078125,,0.018275678918015296,0.7858325076646667,812,831488,erdos_renyi,14,3,2,Expectation,sampled
1258,59,2.8251953125,12.341796875,0.8227864583333333,1.0,1.0,15,0.0732421875,,0.01812049924608745,0.9650873656576642,826,845824,erdos_renyi,14,3,2,Expectation,sampled
1259,60,2.6455078125,12.248046875,0.8165364583333333,1.0,1.0,15,0.0625,,0.017968976493533073,0.8146363562248499,840,860160,erdos_renyi,14,3,2,Expectation,sampled
1260,61,2.7939453125,12.345703125,0.823046875,1.0,1.0,15,0.0751953125,,0.01782097100586636,0.6178307380357635,854,874496,erdos_renyi,14,3,2,Expectation,sampled
1261,62,2.775390625,12.341796875,0.8227864583333333,1.0,1.0,15,0.0849609375,,0.017676350443870288,1.0027604150604503,868,888832,erdos_renyi,14,3,2,Expectation,sampled
1262,63,2.7734375,12.33984375,0.82265625,1.0,1.0,15,0.0712890625,,0.01753498929961278,0.6941765925631586,882,903168,erdos_renyi,14,3,2,Expectation,sampled
1263,64,2.75390625,12.24609375,0.81640625,1.0,1.0,15,0.068359375,,0.01739676845096164,0.7060702204809373,896,917504,erdos_renyi,14,3,2,Expectation,sampled
1264,65,2.712890625,12.275390625,0.818359375,1.0,1.0,15,0.056640625,,0.017261574751035083,0.8248178916847998,910,931840,erdos_renyi,14,3,2,Expectation,sampled
1265,66,2.7353515625,12.1826171875,0.8121744791666666,1.0,1.0,15,0.044921875,,0.017129300649399624,1.2245607016593092,924,946176,erdos_renyi,14,3,2,Expectation,sampled
1266,67,2.7294921875,12.279296875,0.8186197916666667,1.0,1.0,15,0.068359375,,0.01699984384215766,0.7469630744111057,938,960512,erdos_renyi,14,3,2,Expectation,sampled
1267,68,2.7607421875,12.255859375,0.8170572916666666,1.0,1.0,15,0.072265625,,0.01687310694835983,1.2055334779638844,952,974848,erdos_renyi,14,3,2,Expectation,sampled
1268,69,2.79296875,12.2998046875,0.8199869791666666,1.0,1.0,15,0.0693359375,,0.016748997210435965,0.5123268765448246,966,989184,erdos_renyi,14,3,2,Expectation,sampled
1269,70,2.72265625,12.236328125,0.8157552083333334,1.0,1.0,15,0.07421875,,0.016627426216568396,0.8624666953912942,980,1003520,erdos_renyi,14,3,2,Expectation,sampled
1270,71,2.767578125,12.3466796875,0.8231119791666667,1.0,1.0,15,0.0771484375,,0.01650830964313557,0.4555650978846428,994,1017856,erdos_renyi,14,3,2,Expectation,sampled
1271,72,2.701171875,12.326171875,0.8217447916666667,1.0,1.0,15,0.0673828125,,0.016391567015535524,0.5665173651785337,1008,1032192,erdos_renyi,14,3,2,Expectation,sampled
1272,73,2.748046875,12.349609375,0.8233072916666667,1.0,1.0,15,0.0791015625,,0.016277121485861,0.9666720839600746,1022,1046528,erdos_renyi,14,3,2,Expectation,sampled
1273,74,2.748046875,12.3154296875,0.8210286458333333,1.0,1.0,15,0.0693359375,,0.01616489962604245,0.7816942096512829,1036,1060864,erdos_renyi,14,3,2,Expectation,sampled
1274,75,2.7509765625,12.322265625,0.821484375,1.0,1.0,15,0.0703125,,0.016054831235204608,0.47156442691113476,1050,1075200,erdos_renyi,14,3,2,Expectation,sampled
1275,76,2.7138671875,12.2333984375,0.8155598958333333,1.0,1.0,15,0.068359375,,0.015946849160098125,0.9915250233595931,1064,1089536,erdos_renyi,14,3,2,Expectation,sampled
1276,77,2.8125,12.3310546875,0.8220703125,1.0,1.0,15,0.0732421875,,0.015840889127571523,0.9760736080929177,1078,1103872,erdos_renyi,14,3,2,Expectation,sampled
1277,78,2.802734375,12.333984375,0.822265625,1.0,1.0,15,0.07421875,,0.01573688958814218,0.6461789426715698,1092,1118208,erdos_renyi,14,3,2,Expectation,sampled
1278,79,2.73828125,12.3388671875,0.8225911458333334,1.0,1.0,15,0.0693359375,,0.01563479156980859,1.0415536946388877,1106,1132544,erdos_renyi,14,3,2,Expectation,sampled
1279,80,2.765625,12.240234375,0.816015625,1.0,1.0,15,0.060546875,,0.015534538541321963,0.5146271268714021,1120,1146880,erdos_renyi,14,3,2,Expectation,sampled
1280,81,2.78125,12.349609375,0.8233072916666667,1.0,1.0,15,0.076171875,,0.015436076284203048,0.5391544871696383,1134,1161216,erdos_renyi,14,3,2,Expectation,sampled
1281,82,2.775390625,12.232421875,0.8154947916666667,1.0,1.0,15,0.0634765625,,0.015339352772851573,0.7785928935720504,1148,1175552,erdos_renyi,14,3,2,Expectation,sampled
1282,83,2.7724609375,12.2138671875,0.8142578125,1.0,1.0,15,0.060546875,,0.015244318062151213,0.8561340253490406,1162,1189888,erdos_renyi,14,3,2,Expectation,sampled
1283,84,2.708984375,12.25,0.8166666666666667,1.0,1.0,15,0.056640625,,0.015150924182023153,0.9922888996844679,1176,1204224,erdos_renyi,14,3,2,Expectation,sampled
1284,85,2.7109375,12.2783203125,0.8185546875,1.0,1.0,15,0.0625,,0.015059125038426886,0.7897009957311,1190,1218560,erdos_renyi,14,3,2,Expectation,sampled
1285,86,2.8095703125,12.2880859375,0.8192057291666667,1.0,1.0,15,0.0703125,,0.014968876320348053,0.735224455731157,1204,1232896,erdos_renyi,14,3,2,Expectation,sampled
1286,87,2.814453125,12.306640625,0.8204427083333333,1.0,1.0,15,0.068359375,,0.01488013541235063,1.190863013319206,1218,1247232,erdos_renyi,14,3,2,Expectation,sampled
1287,88,2.7998046875,12.2626953125,0.8175130208333333,1.0,1.0,15,0.0732421875,,0.014792861312304815,0.9807405740915556,1232,1261568,erdos_renyi,14,3,2,Expectation,sampled
1288,89,2.7998046875,12.2763671875,0.8184244791666667,1.0,1.0,15,0.0625,,0.014707014553932862,0.6938124345058266,1246,1275904,erdos_renyi,14,3,2,Expectation,sampled
1289,90,2.724609375,12.34375,0.8229166666666666,1.0,1.0,15,0.0703125,,0.0146225571338434,1.0818025092438759,1260,1290240,erdos_renyi,14,3,2,Expectation,sampled
1290,91,2.75390625,12.1826171875,0.8121744791666666,1.0,1.0,15,0.060546875,,0.014539452442750376,0.37497965439599196,1274,1304576,erdos_renyi,14,3,2,Expectation,sampled
1291,92,2.7978515625,12.171875,0.8114583333333333,1.0,1.0,15,0.068359375,,0.014457665200596373,0.8611847288869363,1288,1318912,erdos_renyi,14,3,2,Expectation,sampled
1292,93,2.7138671875,12.2255859375,0.8150390625,1.0,1.0,15,0.076171875,,0.014377161395321273,0.9449881004916416,1302,1333248,erdos_renyi,14,3,2,Expectation,sampled
1293,94,2.8203125,12.2978515625,0.8198567708333333,1.0,1.0,15,0.0751953125,,0.014297908225037063,0.5928860452143089,1316,1347584,erdos_renyi,14,3,2,Expectation,sampled
1294,95,2.7548828125,12.2314453125,0.8154296875,1.0,1.0,15,0.06640625,,0.014219874043387296,0.5379494495680122,1330,1361920,erdos_renyi,14,3,2,Expectation,sampled
1295,96,2.6630859375,12.208984375,0.8139322916666667,1.0,1.0,15,0.068359375,,0.014143028307886312,0.34663291938063234,1344,1376256,erdos_renyi,14,3,2,Expectation,sampled
1296,97,2.849609375,12.302734375,0.8201822916666667,1.0,1.0,15,0.0576171875,,0.01406734153104827,0.90173530707513,1358,1390592,erdos_renyi,14,3,2,Expectation,sampled
1297,98,2.7060546875,12.23046875,0.8153645833333333,1.0,1.0,15,0.0556640625,,0.013992785234129921,0.8603260673010187,1372,1404928,erdos_renyi,14,3,2,Expectation,sampled
1298,99,2.7294921875,12.2802734375,0.8186848958333334,1.0,1.0,15,0.0673828125,,0.013919331903323711,0.49686977935543514,1386,1419264,erdos_renyi,14,3,2,Expectation,sampled
1299,100,2.7041015625,12.25390625,0.8169270833333333,1.0,1.0,15,0.060546875,,0.01384695494824947,0.7306906623148681,1400,1433600,erdos_renyi,14,3,2,Expectation,sampled
1300,101,2.732421875,12.2255859375,0.8150390625,1.0,1.0,15,0.0693359375,,0.0137756286626037,0.4599713042886942,1414,1447936,erdos_renyi,14,3,2,Expectation,sampled
1301,102,2.8408203125,12.2724609375,0.8181640625,1.0,1.0,15,0.0771484375,,0.013705328186835307,1.0715476378630864,1428,1462272,erdos_renyi,14,3,2,Expectation,sampled
1302,103,2.6494140625,12.2138671875,0.8142578125,1.0,1.0,15,0.0732421875,,0.013636029472725771,0.9059731948626124,1442,1476608,erdos_renyi,14,3,2,Expectation,sampled
1303,104,2.7646484375,12.2919921875,0.8194661458333333,1.0,1.0,15,0.06640625,,0.013567709249760092,0.8842178906107768,1456,1490944,erdos_renyi,14,3,2,Expectation,sampled
1304,105,2.7607421875,12.3642578125,0.8242838541666667,1.0,1.0,15,0.07421875,,0.013500344993182659,0.5119786658014566,1470,1505280,erdos_renyi,14,3,2,Expectation,sampled
1305,106,2.7158203125,12.1982421875,0.8132161458333333,1.0,1.0,15,0.056640625,,0.013433914893639267,0.5862108737276731,1484,1519616,erdos_renyi,14,3,2,Expectation,sampled
1306,107,2.669921875,12.2861328125,0.8190755208333333,1.0,1.0,15,0.0634765625,,0.013368397828313172,1.1554447153517882,1498,1533952,erdos_renyi,14,3,2,Expectation,sampled
1307,108,2.705078125,12.302734375,0.8201822916666667,1.0,1.0,15,0.0693359375,,0.013303773333469191,0.9083674456522544,1512,1548288,erdos_renyi,14,3,2,Expectation,sampled
1308,109,2.7392578125,12.3017578125,0.8201171875,1.0,1.0,15,0.0703125,,0.013240021578325444,0.9400234592838135,1526,1562624,erdos_renyi,14,3,2,Expectation,sampled
1309,110,2.75390625,12.2783203125,0.8185546875,1.0,1.0,15,0.07421875,,0.013177123340177664,1.0046573901373628,1540,1576960,erdos_renyi,14,3,2,Expectation,sampled
1310,111,2.7978515625,12.115234375,0.8076822916666667,1.0,1.0,15,0.052734375,,0.013115059980705803,0.7025503565432186,1554,1591296,erdos_renyi,14,3,2,Expectation,sampled
1311,112,2.69140625,12.2568359375,0.8171223958333333,1.0,1.0,15,0.0703125,,0.013053813423397185,1.0105548777224678,1568,1605632,erdos_renyi,14,3,2,Expectation,sampled
1312,113,2.7705078125,12.318359375,0.8212239583333333,1.0,1.0,15,0.072265625,,0.01299336613202461,0.651534074853956,1582,1619968,erdos_renyi,14,3,2,Expectation,sampled
1313,114,2.8173828125,12.2802734375,0.8186848958333334,1.0,1.0,15,0.076171875,,0.01293370109012175,0.7444808062249839,1596,1634304,erdos_renyi,14,3,2,Expectation,sampled
1314,115,2.8046875,12.2421875,0.8161458333333333,1.0,1.0,15,0.0693359375,,0.012874801781401725,0.5945701957308045,1610,1648640,erdos_renyi,14,3,2,Expectation,sampled
1315,116,2.6572265625,12.3623046875,0.8241536458333333,1.0,1.0,15,0.0830078125,,0.01281665217106813,1.1468727714662443,1624,1662976,erdos_renyi,14,3,2,Expectation,sampled
1316,117,2.66796875,12.302734375,0.8201822916666667,1.0,1.0,15,0.078125,,0.012759236687970918,0.8542700604145069,1638,1677312,erdos_renyi,14,3,2,Expectation,sampled
1317,118,2.85546875,12.2470703125,0.8164713541666667,1.0,1.0,15,0.0732421875,,0.012702540207562401,0.7779238276125641,1652,1691648,erdos_renyi,14,3,2,Expectation,sampled
1318,119,2.7109375,12.3525390625,0.8235026041666667,1.0,1.0,15,0.076171875,,0.012646548035611395,0.4802275261453428,1666,1705984,erdos_renyi,14,3,2,Expectation,sampled
1319,120,2.78125,12.3388671875,0.8225911458333334,1.0,1.0,15,0.0673828125,,0.012591245892635996,0.6531655622964357,1680,1720320,erdos_renyi,14,3,2,Expectation,sampled
1320,121,2.7626953125,12.15234375,0.81015625,1.0,1.0,15,0.052734375,,0.012536619899017894,1.5462272135382398,1694,1734656,erdos_renyi,14,3,2,Expectation,sampled
1321,122,2.751953125,12.193359375,0.812890625,1.0,1.0,15,0.072265625,,0.012482656560763254,0.48508917549117797,1708,1748992,erdos_renyi,14,3,2,Expectation,sampled
1322,123,2.775390625,12.2578125,0.8171875,1.0,1.0,15,0.0625,,0.012429342755877289,0.547929020538109,1722,1763328,erdos_renyi,14,3,2,Expectation,sampled
1323,124,2.7578125,12.2626953125,0.8175130208333333,1.0,1.0,15,0.072265625,,0.012376665721321565,0.6911613763490683,1736,1777664,erdos_renyi,14,3,2,Expectation,sampled
1324,125,2.7373046875,12.22265625,0.81484375,1.0,1.0,15,0.0712890625,,0.01232461304052482,1.0340588780948108,1750,1792000,erdos_renyi,14,3,2,Expectation,sampled
1325,126,2.7275390625,12.310546875,0.820703125,1.0,1.0,15,0.07421875,,0.012273172631419808,0.7591503171978277,1764,1806336,erdos_renyi,14,3,2,Expectation,sampled
1326,127,2.8212890625,12.189453125,0.8126302083333333,1.0,1.0,15,0.0654296875,,0.012222332734980218,0.7711647627112888,1778,1820672,erdos_renyi,14,3,2,Expectation,sampled
1327,128,2.810546875,12.2783203125,0.8185546875,1.0,1.0,15,0.0732421875,,0.01217208190423316,0.900746968023113,1792,1835008,erdos_renyi,14,3,2,Expectation,sampled
1328,129,2.79296875,12.3115234375,0.8207682291666667,1.0,1.0,15,0.0693359375,,0.012122408993724132,1.0437164483987988,1806,1849344,erdos_renyi,14,3,2,Expectation,sampled
1329,130,2.7490234375,12.19921875,0.81328125,1.0,1.0,15,0.05859375,,0.01207330314941262,0.6512178309836986,1820,1863680,erdos_renyi,14,3,2,Expectation,sampled
1330,131,2.70703125,12.2646484375,0.8176432291666667,1.0,1.0,15,0.0654296875,,0.012024753798977729,0.6833251425399524,1834,1878016,erdos_renyi,14,3,2,Expectation,sampled
1331,132,2.705078125,12.279296875,0.8186197916666667,1.0,1.0,15,0.0654296875,,0.01197675064251431,0.7973870520894125,1848,1892352,erdos_renyi,14,3,2,Expectation,sampled
1332,133,2.744140625,12.2783203125,0.8185546875,1.0,1.0,15,0.06640625,,0.011929283643601222,0.9608789441635787,1862,1906688,erdos_renyi,14,3,2,Expectation,sampled
1333,134,2.859375,12.26953125,0.81796875,1.0,1.0,15,0.076171875,,0.011882343020724202,1.058585641977713,1876,1921024,erdos_renyi,14,3,2,Expectation,sampled
1334,135,2.689453125,12.1787109375,0.8119140625,1.0,1.0,15,0.0625,,0.011835919239036926,0.8567492512281412,1890,1935360,erdos_renyi,14,3,2,Expectation,sampled
1335,136,2.68359375,12.3095703125,0.8206380208333334,1.0,1.0,15,0.080078125,,0.01179000300244458,1.083091024051919,1904,1949696,erdos_renyi,14,3,2,Expectation,sampled
1336,137,2.701171875,12.20703125,0.8138020833333334,1.0,1.0,15,0.060546875,,0.011744585245995169,0.9554125740461584,1918,1964032,erdos_renyi,14,3,2,Expectation,sampled
1337,138,2.744140625,12.259765625,0.8173177083333333,1.0,1.0,15,0.0703125,,0.011699657128564548,1.1788060008527628,1932,1978368,erdos_renyi,14,3,2,Expectation,sampled
1338,139,2.8251953125,12.1328125,0.8088541666666667,1.0,1.0,15,0.0478515625,,0.011655210025821865,1.2336021611492851,1946,1992704,erdos_renyi,14,3,2,Expectation,sampled
1339,140,2.783203125,12.201171875,0.8134114583333333,1.0,1.0,15,0.0546875,,0.01161123552346284,1.2214150267880177,1960,2007040,erdos_renyi,14,3,2,Expectation,sampled
1340,141,2.8408203125,12.349609375,0.8233072916666667,1.0,1.0,15,0.080078125,,0.011567725410698912,0.7880998536952859,1974,2021376,erdos_renyi,14,3,2,Expectation,sampled
1341,142,2.724609375,12.283203125,0.8188802083333333,1.0,1.0,15,0.068359375,,0.011524671673990919,0.9007035578418054,1988,2035712,erdos_renyi,14,3,2,Expectation,sampled
1342,143,2.6513671875,12.2900390625,0.8193359375,1.0,1.0,15,0.064453125,,0.011482066491016544,1.186459939144522,2002,2050048,erdos_renyi,14,3,2,Expectation,sampled
1343,144,2.6298828125,12.33203125,0.8221354166666667,1.0,1.0,15,0.07421875,,0.011439902224861298,0.5992625472911995,2016,2064384,erdos_renyi,14,3,2,Expectation,sampled
1344,145,2.7275390625,12.2783203125,0.8185546875,1.0,1.0,15,0.060546875,,0.011398171418423348,0.7010562557008002,2030,2078720,erdos_renyi,14,3,2,Expectation,sampled
1345,146,2.84765625,12.3291015625,0.8219401041666666,1.0,1.0,15,0.0693359375,,0.01135686678902293,0.7865863889477314,2044,2093056,erdos_renyi,14,3,2,Expectation,sampled
1346,147,2.6416015625,12.287109375,0.819140625,1.0,1.0,15,0.0693359375,,0.011315981223207603,1.330357369617651,2058,2107392,erdos_renyi,14,3,2,Expectation,sampled
1347,148,2.734375,12.265625,0.8177083333333334,1.0,1.0,15,0.060546875,,0.01127550777174499,0.6725651944123061,2072,2121728,erdos_renyi,14,3,2,Expectation,sampled
1348,149,2.7734375,12.24609375,0.81640625,1.0,1.0,15,0.07421875,,0.011235439644795077,0.6991791953721239,2086,2136064,erdos_renyi,14,3,2,Expectation,sampled
1349,150,2.7412109375,12.2373046875,0.8158203125,1.0,1.0,15,0.0546875,,0.011195770207254515,0.848157321479913,2100,2150400,erdos_renyi,14,3,2,Expectation,sampled
1350,1,1.3468894253405646,9.43359375,0.62890625,1.0,1.0,15,0.0029296875,5.0,0.05611460341634034,1.641637259998208,14,14336,erdos_renyi,14,3,2,QTL gamma=5.0,sampled
1351,2,0.9903942821286085,9.6416015625,0.6427734375,1.0,1.0,15,0.0029296875,5.0,0.052141116572151626,2.5,28,28672,erdos_renyi,14,3,2,QTL gamma=5.0,sampled
1352,3,1.0216762865523112,9.625,0.6416666666666667,1.0,1.0,15,0.00390625,5.0,0.04887046144585974,2.4999999999999996,42,43008,erdos_renyi,14,3,2,QTL gamma=5.0,sampled
1353,4,0.9205349269255185,9.7705078125,0.6513671875,1.0,1.0,15,0.0078125,5.0,0.04611899342069105,2.5,56,57344,erdos_renyi,14,3,2,QTL gamma=5.0,sampled
1354,5,0.8048355405122269,10.01953125,0.66796875,1.0,1.0,15,0.0185546875,5.0,0.04376368093675554,1.2308812462164793,70,71680,erdos_renyi,14,3,2,QTL gamma=5.0,sampled
1355,6,0.7318125479824571,10.123046875,0.6748697916666667,1.0,1.0,15,0.02734375,5.0,0.04171863926472807,1.1755611573980438,84,86016,erdos_renyi,14,3,2,QTL gamma=5.0,sampled
1356,7,0.7038353291766392,10.1640625,0.6776041666666667,1.0,1.0,15,0.0283203125,5.0,0.03992187919993745,0.6424529735709321,98,100352,erdos_renyi,14,3,2,QTL gamma=5.0,sampled
1357,8,0.8140435813745779,10.52734375,0.7018229166666666,1.0,1.0,15,0.0341796875,5.0,0.03832740362926432,1.2702508671459876,112,114688,erdos_renyi,14,3,2,QTL gamma=5.0,sampled
1358,9,0.672403455769341,10.5341796875,0.7022786458333333,1.0,1.0,15,0.033203125,5.0,0.03690027709912508,0.8377357249608008,126,129024,erdos_renyi,14,3,2,QTL gamma=5.0,sampled
1359,10,0.6966080769529377,10.6123046875,0.7074869791666667,1.0,1.0,15,0.0361328125,5.0,0.03561343213484143,0.4371086911672402,140,143360,erdos_renyi,14,3,2,QTL gamma=5.0,sampled
1360,11,0.6908429586120829,10.615234375,0.7076822916666666,1.0,1.0,15,0.01953125,5.0,0.03444553330951236,0.6211234470562035,154,157696,erdos_renyi,14,3,2,QTL gamma=5.0,sampled
1361,12,0.6898052049845933,10.775390625,0.718359375,1.0,1.0,15,0.0458984375,5.0,0.03337950885060401,0.2228109016724571,168,172032,erdos_renyi,14,3,2,QTL gamma=5.0,sampled
1362,13,0.7469595188198797,10.7958984375,0.7197265625,1.0,1.0,15,0.0283203125,5.0,0.032401516671269545,0.6039148056637461,182,186368,erdos_renyi,14,3,2,QTL gamma=5.0,sampled
1363,14,0.6904650182831671,10.83984375,0.72265625,1.0,1.0,15,0.02734375,5.0,0.03150020080682754,0.4836504670317728,196,200704,erdos_renyi,14,3,2,QTL gamma=5.0,sampled
1364,15,0.662047449676792,11.001953125,0.7334635416666667,1.0,1.0,15,0.0458984375,5.0,0.030666146624426335,0.7613488140551665,210,215040,erdos_renyi,14,3,2,QTL gamma=5.0,sampled
1365,16,0.7026650750931134,11.1015625,0.7401041666666667,1.0,1.0,15,0.0390625,5.0,0.029891474971681493,0.6919738177472798,224,229376,erdos_renyi,14,3,2,QTL gamma=5.0,sampled
1366,17,0.7231659144630388,11.0009765625,0.7333984375,1.0,1.0,15,0.0361328125,5.0,0.02916953528024902,0.36513503631784117,238,243712,erdos_renyi,14,3,2,QTL gamma=5.0,sampled
1367,18,0.6846344470455645,11.0693359375,0.7379557291666666,1.0,1.0,15,0.0341796875,5.0,0.028494670346316572,0.23699244036333733,252,258048,erdos_renyi,14,3,2,QTL gamma=5.0,sampled
1368,19,0.7307725612220041,10.87109375,0.7247395833333333,1.0,1.0,15,0.03125,5.0,0.027862033827952944,0.3432941996718825,266,272384,erdos_renyi,14,3,2,QTL gamma=5.0,sampled
1369,20,0.7236113976798241,10.9599609375,0.7306640625,1.0,1.0,15,0.0302734375,5.0,0.02726744705620026,1.085378929511337,280,286720,erdos_renyi,14,3,2,QTL gamma=5.0,sampled
1370,21,0.6837062486386425,11.068359375,0.737890625,1.0,1.0,15,0.03125,5.0,0.02670728553818315,0.2931667490271134,294,301056,erdos_renyi,14,3,2,QTL gamma=5.0,sampled
1371,22,0.737927557828599,10.8828125,0.7255208333333333,1.0,1.0,15,0.0283203125,5.0,0.026178388147224792,0.5331849093833382,308,315392,erdos_renyi,14,3,2,QTL gamma=5.0,sampled
1372,23,0.7096429330854211,11.11328125,0.7408854166666666,1.0,1.0,15,0.0419921875,5.0,0.02567798383376367,0.15348531187786624,322,329728,erdos_renyi,14,3,2,QTL gamma=5.0,sampled
1373,24,0.7165996039990269,11.185546875,0.745703125,1.0,1.0,15,0.0478515625,5.0,0.025203632001398576,0.5399168455034302,336,344064,erdos_renyi,14,3,2,QTL gamma=5.0,sampled
1374,25,0.651105183599035,10.8994140625,0.7266276041666667,1.0,1.0,15,0.0322265625,5.0,0.024753173638664798,0.4378215624634594,350,358400,erdos_renyi,14,3,2,QTL gamma=5.0,sampled
1375,26,0.6512786568708422,11.0185546875,0.7345703125,1.0,1.0,15,0.03515625,5.0,0.024324690988692013,0.3555846267141801,364,372736,erdos_renyi,14,3,2,QTL gamma=5.0,sampled
1376,27,0.6961691081305181,11.11328125,0.7408854166666666,1.0,1.0,15,0.0546875,5.0,0.023916474049968137,0.47604427888341666,378,387072,erdos_renyi,14,3,2,QTL gamma=5.0,sampled
1377,28,0.7233636913442087,10.890625,0.7260416666666667,1.0,1.0,15,0.02734375,5.0,0.023526992583084178,0.5959210442756647,392,401408,erdos_renyi,14,3,2,QTL gamma=5.0,sampled
1378,29,0.7028382137459254,10.9111328125,0.7274088541666667,1.0,1.0,15,0.03125,5.0,0.023154872586119153,0.22990627276815412,406,415744,erdos_renyi,14,3,2,QTL gamma=5.0,sampled
1379,30,0.6781515002569377,10.88671875,0.72578125,1.0,1.0,15,0.025390625,5.0,0.022798876420307364,0.2954494326502195,420,430080,erdos_renyi,14,3,2,QTL gamma=5.0,sampled
1380,31,0.7097842035628606,10.8125,0.7208333333333333,1.0,1.0,15,0.0224609375,5.0,0.02245788593568579,0.36001043010424494,434,444416,erdos_renyi,14,3,2,QTL gamma=5.0,sampled
1381,32,0.6779074987150284,10.951171875,0.730078125,1.0,1.0,15,0.0390625,5.0,0.022130888076426436,0.49470330850060085,448,458752,erdos_renyi,14,3,2,QTL gamma=5.0,sampled
1382,33,0.6781079949523193,10.849609375,0.7233072916666666,1.0,1.0,15,0.037109375,5.0,0.021816962546890622,0.41029990775597475,462,473088,erdos_renyi,14,3,2,QTL gamma=5.0,sampled
1383,34,0.6839542447809646,10.892578125,0.726171875,1.0,1.0,15,0.0234375,5.0,0.021515271198986854,0.16512171332368072,476,487424,erdos_renyi,14,3,2,QTL gamma=5.0,sampled
1384,35,0.6670230142318252,10.8212890625,0.7214192708333333,1.0,1.0,15,0.0283203125,5.0,0.0212250488642747,0.4098511536397717,490,501760,erdos_renyi,14,3,2,QTL gamma=5.0,sampled
1385,36,0.6843113624284725,10.921875,0.728125,1.0,1.0,15,0.0390625,5.0,0.020945595404249645,0.49926215315125344,504,516096,erdos_renyi,14,3,2,QTL gamma=5.0,sampled
1386,37,0.6781853509545164,10.857421875,0.723828125,1.0,1.0,15,0.0341796875,5.0,0.02067626879224137,0.1645599002671737,518,530432,erdos_renyi,14,3,2,QTL gamma=5.0,sampled
1387,38,0.7302683344345905,10.95703125,0.73046875,1.0,1.0,15,0.0390625,5.0,0.020416479072541682,0.25195438507004525,532,544768,erdos_renyi,14,3,2,QTL gamma=5.0,sampled
1388,39,0.7164627206832189,10.8193359375,0.7212890625,1.0,1.0,15,0.02734375,5.0,0.020165683068415246,0.3153012422135373,546,559104,erdos_renyi,14,3,2,QTL gamma=5.0,sampled
1389,40,0.6896346277570626,10.9296875,0.7286458333333333,1.0,1.0,15,0.03515625,5.0,0.01992337973181888,0.24894768463511338,560,573440,erdos_renyi,14,3,2,QTL gamma=5.0,sampled
1390,41,0.6317456771704639,10.8837890625,0.7255859375,1.0,1.0,15,0.0390625,5.0,0.01968910604495719,0.31837506609163124,574,587776,erdos_renyi,14,3,2,QTL gamma=5.0,sampled
1391,42,0.689559916551193,10.9111328125,0.7274088541666667,1.0,1.0,15,0.0302734375,5.0,0.019462433398007073,0.4930894048753232,588,602112,erdos_renyi,14,3,2,QTL gamma=5.0,sampled
1392,43,0.6900474027430057,10.916015625,0.727734375,1.0,1.0,15,0.0361328125,5.0,0.01924296437905817,0.32840377018211825,602,616448,erdos_renyi,14,3,2,QTL gamma=5.0,sampled
1393,44,0.7311198110719646,10.9853515625,0.7323567708333333,1.0,1.0,15,0.0361328125,5.0,0.019030329922018245,0.17988322170214605,616,630784,erdos_renyi,14,3,2,QTL gamma=5.0,sampled
1394,45,0.7159821686810346,10.9892578125,0.7326171875,1.0,1.0,15,0.02734375,5.0,0.01882418676630037,0.5718271324733459,630,645120,erdos_renyi,14,3,2,QTL gamma=5.0,sampled
1395,46,0.7236008731526212,10.9384765625,0.7292317708333333,1.0,1.0,15,0.02734375,5.0,0.018624215188844346,0.7213886111459449,644,659456,erdos_renyi,14,3,2,QTL gamma=5.0,sampled
1396,47,0.7160778790573133,11.0224609375,0.7348307291666667,1.0,1.0,15,0.029296875,5.0,0.01843011697466868,0.5038931900603036,658,673792,erdos_renyi,14,3,2,QTL gamma=5.0,sampled
1397,48,0.6720067881990284,11.1474609375,0.7431640625,1.0,1.0,15,0.0400390625,5.0,0.018241613596896335,0.5123432616345305,672,688128,erdos_renyi,14,3,2,QTL gamma=5.0,sampled
1398,49,0.6183192792020512,10.9814453125,0.7320963541666666,1.0,1.0,15,0.0283203125,5.0,0.018058444581202638,0.388674375361143,686,702464,erdos_renyi,14,3,2,QTL gamma=5.0,sampled
1399,50,0.6357928276995141,11.078125,0.7385416666666667,1.0,1.0,15,0.0380859375,5.0,0.017880366033025587,0.23782297393430377,700,716800,erdos_renyi,14,3,2,QTL gamma=5.0,sampled
1400,51,0.7022171455190224,11.177734375,0.7451822916666667,1.0,1.0,15,0.041015625,5.0,0.017707149308759176,0.3337048048610421,714,731136,erdos_renyi,14,3,2,QTL gamma=5.0,sampled
1401,52,0.6455363408025254,11.0693359375,0.7379557291666666,1.0,1.0,15,0.037109375,5.0,0.01753857981460487,0.19977507588481197,728,745472,erdos_renyi,14,3,2,QTL gamma=5.0,sampled
1402,53,0.6959597257173111,11.0615234375,0.7374348958333333,1.0,1.0,15,0.033203125,5.0,0.01737445591885347,0.520592360880036,742,759808,erdos_renyi,14,3,2,QTL gamma=5.0,sampled
1403,54,0.7096009395258964,11.1484375,0.7432291666666667,1.0,1.0,15,0.0400390625,5.0,0.017214587965166905,0.4408241940101675,756,774144,erdos_renyi,14,3,2,QTL gamma=5.0,sampled
1404,55,0.6897559703378665,11.05078125,0.73671875,1.0,1.0,15,0.03515625,5.0,0.017058797375973902,0.5566841856563783,770,788480,erdos_renyi,14,3,2,QTL gamma=5.0,sampled
1405,56,0.6962543255865811,11.1142578125,0.7409505208333333,1.0,1.0,15,0.0341796875,5.0,0.016906915836423893,0.4908081767863265,784,802816,erdos_renyi,14,3,2,QTL gamma=5.0,sampled
1406,57,0.6014719316969206,11.181640625,0.7454427083333334,1.0,1.0,15,0.0380859375,5.0,0.016758784550493153,0.6345947771333909,798,817152,erdos_renyi,14,3,2,QTL gamma=5.0,sampled
1407,58,0.6138375394693619,11.1064453125,0.7404296875,1.0,1.0,15,0.0400390625,5.0,0.016614253561832087,0.19433730025250448,812,831488,erdos_renyi,14,3,2,QTL gamma=5.0,sampled
1408,59,0.650900263072112,11.078125,0.7385416666666667,1.0,1.0,15,0.0380859375,5.0,0.016473181132806772,0.3068477026199113,826,845824,erdos_renyi,14,3,2,QTL gamma=5.0,sampled
1409,60,0.6720077567443454,11.0068359375,0.7337890625,1.0,1.0,15,0.029296875,5.0,0.016335433175939156,0.6723685708506474,840,860160,erdos_renyi,14,3,2,QTL gamma=5.0,sampled
1410,61,0.7020421202500582,11.0556640625,0.7370442708333333,1.0,1.0,15,0.0341796875,5.0,0.01620088273260578,0.6107951140991087,854,874496,erdos_renyi,14,3,2,QTL gamma=5.0,sampled
1411,62,0.6554287134233795,11.0205078125,0.7347005208333334,1.0,1.0,15,0.0556640625,5.0,0.016069409494427533,0.4763110848966455,868,888832,erdos_renyi,14,3,2,QTL gamma=5.0,sampled
1412,63,0.7017789475962538,11.1171875,0.7411458333333333,1.0,1.0,15,0.0380859375,5.0,0.015940899363284345,0.3794706193683408,882,903168,erdos_renyi,14,3,2,QTL gamma=5.0,sampled
1413,64,0.655849061679958,11.07421875,0.73828125,1.0,1.0,15,0.0380859375,5.0,0.015815244046328763,0.6017699661993721,896,917504,erdos_renyi,14,3,2,QTL gamma=5.0,sampled
1414,65,0.6667527849655442,11.1240234375,0.7416015625,1.0,1.0,15,0.0419921875,5.0,0.015692340682759164,0.276305442296514,910,931840,erdos_renyi,14,3,2,QTL gamma=5.0,sampled
1415,66,0.6356610713563374,11.044921875,0.736328125,1.0,1.0,15,0.03125,5.0,0.015572091499454203,0.2353518368696945,924,946176,erdos_renyi,14,3,2,QTL gamma=5.0,sampled
1416,67,0.655495692904554,11.0439453125,0.7362630208333333,1.0,1.0,15,0.0263671875,5.0,0.015454403492870599,0.32658823527616665,938,960512,erdos_renyi,14,3,2,QTL gamma=5.0,sampled
1417,68,0.6963788779623062,11.111328125,0.7407552083333333,1.0,1.0,15,0.0400390625,5.0,0.015339188134872572,0.395871393517131,952,974848,erdos_renyi,14,3,2,QTL gamma=5.0,sampled
1418,69,0.6956930223505783,11.21484375,0.74765625,1.0,1.0,15,0.0380859375,5.0,0.015226361100396331,0.8128577519314027,966,989184,erdos_renyi,14,3,2,QTL gamma=5.0,sampled
1419,70,0.655354051187225,11.17578125,0.7450520833333333,1.0,1.0,15,0.0439453125,5.0,0.015115842015062176,0.4019314432235581,980,1003520,erdos_renyi,14,3,2,QTL gamma=5.0,sampled
1420,71,0.6455971233886704,11.19921875,0.7466145833333333,1.0,1.0,15,0.0478515625,5.0,0.015007554221032336,0.4543209436645966,994,1017856,erdos_renyi,14,3,2,QTL gamma=5.0,sampled
1421,72,0.6176804297403797,11.189453125,0.7459635416666667,1.0,1.0,15,0.0380859375,5.0,0.014901424559577747,0.43018747136633273,1008,1032192,erdos_renyi,14,3,2,QTL gamma=5.0,sampled
1422,73,0.6402415381743449,11.2548828125,0.7503255208333334,1.0,1.0,15,0.0380859375,5.0,0.014797383168964543,0.34050454766897453,1022,1046528,erdos_renyi,14,3,2,QTL gamma=5.0,sampled
1423,74,0.6402141724493875,11.2783203125,0.7518880208333333,1.0,1.0,15,0.037109375,5.0,0.014695363296402227,0.45429293007219984,1036,1060864,erdos_renyi,14,3,2,QTL gamma=5.0,sampled
1424,75,0.671360590165681,11.345703125,0.7563802083333333,1.0,1.0,15,0.0419921875,5.0,0.014595301122913278,0.43601691473179066,1050,1075200,erdos_renyi,14,3,2,QTL gamma=5.0,sampled
1425,76,0.6502115818591742,11.26953125,0.7513020833333334,1.0,1.0,15,0.0380859375,5.0,0.014497135600089204,0.5092320617320043,1064,1089536,erdos_renyi,14,3,2,QTL gamma=5.0,sampled
1426,77,0.6602358047573345,11.29296875,0.7528645833333333,1.0,1.0,15,0.0478515625,5.0,0.014400808297792292,0.33471139187776333,1078,1103872,erdos_renyi,14,3,2,QTL gamma=5.0,sampled
1427,78,0.605078709063871,11.4912109375,0.7660807291666667,1.0,1.0,15,0.044921875,5.0,0.014306263261947436,0.6325111978954329,1092,1118208,erdos_renyi,14,3,2,QTL gamma=5.0,sampled
1428,79,0.6715442005957323,11.41015625,0.7606770833333333,1.0,1.0,15,0.0400390625,5.0,0.014213446881644172,0.7132412209782609,1106,1132544,erdos_renyi,14,3,2,QTL gamma=5.0,sampled
1429,80,0.6175866582242677,11.390625,0.759375,1.0,1.0,15,0.044921875,5.0,0.014122307764838148,0.38126538661578047,1120,1146880,erdos_renyi,14,3,2,QTL gamma=5.0,sampled
1430,81,0.6219185269343052,11.380859375,0.7587239583333333,1.0,1.0,15,0.048828125,5.0,0.01403279662200277,0.690447070876905,1134,1161216,erdos_renyi,14,3,2,QTL gamma=5.0,sampled
1431,82,0.6213575097591323,11.328125,0.7552083333333334,1.0,1.0,15,0.0390625,5.0,0.013944866157137793,0.6393471012211449,1148,1175552,erdos_renyi,14,3,2,QTL gamma=5.0,sampled
1432,83,0.6602659772402815,11.427734375,0.7618489583333333,1.0,1.0,15,0.0361328125,5.0,0.01385847096559201,0.5190095717210572,1162,1189888,erdos_renyi,14,3,2,QTL gamma=5.0,sampled
1433,84,0.6267033699611997,11.423828125,0.7615885416666667,1.0,1.0,15,0.0361328125,5.0,0.013773567438202865,0.7157664716930762,1176,1204224,erdos_renyi,14,3,2,QTL gamma=5.0,sampled
1434,85,0.5711943169645293,11.4541015625,0.7636067708333333,1.0,1.0,15,0.04296875,5.0,0.013690113671297167,0.8600447666027169,1190,1218560,erdos_renyi,14,3,2,QTL gamma=5.0,sampled
1435,86,0.6301896140397634,11.623046875,0.7748697916666667,1.0,1.0,15,0.056640625,5.0,0.013608069382134592,0.7971492436565687,1204,1232896,erdos_renyi,14,3,2,QTL gamma=5.0,sampled
1436,87,0.6307393124937631,11.5087890625,0.7672526041666666,1.0,1.0,15,0.0556640625,5.0,0.013527395829409664,1.0198260227355203,1218,1247232,erdos_renyi,14,3,2,QTL gamma=5.0,sampled
1437,88,0.5853886785041904,11.6064453125,0.7737630208333334,1.0,1.0,15,0.0595703125,5.0,0.013448055738458921,0.8942435592110526,1232,1261568,erdos_renyi,14,3,2,QTL gamma=5.0,sampled
1438,89,0.61740828360255,11.5908203125,0.7727213541666667,1.0,1.0,15,0.052734375,5.0,0.013370013230848056,0.811606383540997,1246,1275904,erdos_renyi,14,3,2,QTL gamma=5.0,sampled
1439,90,0.5424672389752345,11.572265625,0.771484375,1.0,1.0,15,0.0537109375,5.0,0.013293233758039452,0.8746170638852722,1260,1290240,erdos_renyi,14,3,2,QTL gamma=5.0,sampled
1440,91,0.5711497991461033,11.6669921875,0.7777994791666667,1.0,1.0,15,0.0537109375,5.0,0.013217684038863977,0.8797806815927028,1274,1304576,erdos_renyi,14,3,2,QTL gamma=5.0,sampled
1441,92,0.5964553325910985,11.732421875,0.7821614583333333,1.0,1.0,15,0.0625,5.0,0.013143332000542155,0.9214978122701228,1288,1318912,erdos_renyi,14,3,2,QTL gamma=5.0,sampled
1442,93,0.5513058066018891,11.91796875,0.79453125,1.0,1.0,15,0.0771484375,5.0,0.013070146723019338,0.6324340153087542,1302,1333248,erdos_renyi,14,3,2,QTL gamma=5.0,sampled
1443,94,0.5312202176441756,11.947265625,0.796484375,1.0,1.0,15,0.0732421875,5.0,0.012998098386397329,0.9232735711324146,1316,1347584,erdos_renyi,14,3,2,QTL gamma=5.0,sampled
1444,95,0.5423483332720225,11.9189453125,0.7945963541666666,1.0,1.0,15,0.0703125,5.0,0.012927158221261177,0.6910459140738923,1330,1361920,erdos_renyi,14,3,2,QTL gamma=5.0,sampled
1445,96,0.504797726617633,11.8232421875,0.7882161458333333,1.0,1.0,15,0.068359375,5.0,0.012857298461714827,0.90353770281636,1344,1376256,erdos_renyi,14,3,2,QTL gamma=5.0,sampled
1446,97,0.5050920933916669,11.8828125,0.7921875,1.0,1.0,15,0.064453125,5.0,0.012788492300952971,0.786407843318426,1358,1390592,erdos_renyi,14,3,2,QTL gamma=5.0,sampled
1447,98,0.5025862127738749,12.0419921875,0.8027994791666667,1.0,1.0,15,0.0654296875,5.0,0.012720713849209017,1.060253518886366,1372,1404928,erdos_renyi,14,3,2,QTL gamma=5.0,sampled
1448,99,0.5000481441053224,12.0029296875,0.8001953125,1.0,1.0,15,0.0810546875,5.0,0.012653938093930646,0.6176222364972758,1386,1419264,erdos_renyi,14,3,2,QTL gamma=5.0,sampled
1449,100,0.4905481826981097,12.0390625,0.8026041666666667,1.0,1.0,15,0.0712890625,5.0,0.012588140862044971,0.3816474183689144,1400,1433600,erdos_renyi,14,3,2,QTL gamma=5.0,sampled
1450,101,0.5096647731618099,12.041015625,0.802734375,1.0,1.0,15,0.0751953125,5.0,0.01252329878418518,0.36099132923635213,1414,1447936,erdos_renyi,14,3,2,QTL gamma=5.0,sampled
1451,102,0.5452310219317893,11.9521484375,0.7968098958333333,1.0,1.0,15,0.0830078125,5.0,0.012459389260759368,0.39131020439365083,1428,1462272,erdos_renyi,14,3,2,QTL gamma=5.0,sampled
1452,103,0.45127321914444474,12.037109375,0.8024739583333333,1.0,1.0,15,0.0888671875,5.0,0.0123963904297507,0.3687694443905898,1442,1476608,erdos_renyi,14,3,2,QTL gamma=5.0,sampled
1453,104,0.47965616731153293,12.0654296875,0.8043619791666666,1.0,1.0,15,0.0908203125,5.0,0.012334281136145537,0.5883676054617084,1456,1490944,erdos_renyi,14,3,2,QTL gamma=5.0,sampled
1454,105,0.5021326332882163,12.0634765625,0.8042317708333333,1.0,1.0,15,0.0947265625,5.0,0.012273040902893325,0.46886712076476195,1470,1505280,erdos_renyi,14,3,2,QTL gamma=5.0,sampled
1455,106,0.4951044272507799,11.923828125,0.794921875,1.0,1.0,15,0.0693359375,5.0,0.012212649903308424,0.4275487637311752,1484,1519616,erdos_renyi,14,3,2,QTL gamma=5.0,sampled
1456,107,0.4689146722976873,11.93359375,0.7955729166666666,1.0,1.0,15,0.076171875,5.0,0.012153088934830155,0.41736164568052375,1498,1533952,erdos_renyi,14,3,2,QTL gamma=5.0,sampled
1457,108,0.4775322038829491,12.0205078125,0.8013671875,1.0,1.0,15,0.0859375,5.0,0.0120943393940629,0.33223858708422993,1512,1548288,erdos_renyi,14,3,2,QTL gamma=5.0,sampled
1458,109,0.5025056708211316,12.07421875,0.8049479166666667,1.0,1.0,15,0.080078125,5.0,0.01203638325302313,0.26009827415659964,1526,1562624,erdos_renyi,14,3,2,QTL gamma=5.0,sampled
1459,110,0.4951570486519553,12.111328125,0.807421875,1.0,1.0,15,0.09765625,5.0,0.011979203036525148,0.3197635993420014,1540,1576960,erdos_renyi,14,3,2,QTL gamma=5.0,sampled
1460,111,0.5391374070423857,11.9443359375,0.7962890625,1.0,1.0,15,0.076171875,5.0,0.011922781800641638,0.16006817520999092,1554,1591296,erdos_renyi,14,3,2,QTL gamma=5.0,sampled
1461,112,0.49050314523069566,11.9873046875,0.7991536458333334,1.0,1.0,15,0.08984375,5.0,0.011867103112179258,0.23604822356201752,1568,1605632,erdos_renyi,14,3,2,QTL gamma=5.0,sampled
1462,113,0.5022777798400518,12.15234375,0.81015625,1.0,1.0,15,0.091796875,5.0,0.01181215102911328,0.2510918940125611,1582,1619968,erdos_renyi,14,3,2,QTL gamma=5.0,sampled
1463,114,0.4863436124398698,11.9404296875,0.7960286458333333,1.0,1.0,15,0.0888671875,5.0,0.011757910081928861,0.25290745140376397,1596,1634304,erdos_renyi,14,3,2,QTL gamma=5.0,sampled
1464,115,0.5176175199629423,11.9658203125,0.7977213541666667,1.0,1.0,15,0.0869140625,5.0,0.011704365255819749,0.27519103545177337,1610,1648640,erdos_renyi,14,3,2,QTL gamma=5.0,sampled
1465,116,0.4713221741585916,12.0009765625,0.8000651041666667,1.0,1.0,15,0.1025390625,5.0,0.011651501973698299,0.1289452764489246,1624,1662976,erdos_renyi,14,3,2,QTL gamma=5.0,sampled
1466,117,0.49750724883743364,12.0322265625,0.8021484375,1.0,1.0,15,0.0947265625,5.0,0.011599306079973561,0.2478064992824472,1638,1677312,erdos_renyi,14,3,2,QTL gamma=5.0,sampled
1467,118,0.5277177976271054,12.0048828125,0.8003255208333333,1.0,1.0,15,0.0947265625,5.0,0.011547763825056727,0.16419551159507798,1652,1691648,erdos_renyi,14,3,2,QTL gamma=5.0,sampled
1468,119,0.5146915629707285,12.142578125,0.8095052083333333,1.0,1.0,15,0.095703125,5.0,0.011496861850555812,0.2630471154679023,1666,1705984,erdos_renyi,14,3,2,QTL gamma=5.0,sampled
1469,120,0.5253496670859996,12.0517578125,0.8034505208333333,1.0,1.0,15,0.083984375,5.0,0.011446587175123632,0.1714227410789601,1680,1720320,erdos_renyi,14,3,2,QTL gamma=5.0,sampled
1470,121,0.5306793652773438,11.880859375,0.7920572916666667,1.0,1.0,15,0.0673828125,5.0,0.011396927180925357,0.2308511462473456,1694,1734656,erdos_renyi,14,3,2,QTL gamma=5.0,sampled
1471,122,0.5199338700555095,12.0029296875,0.8001953125,1.0,1.0,15,0.087890625,5.0,0.011347869600693866,0.12339746122437388,1708,1748992,erdos_renyi,14,3,2,QTL gamma=5.0,sampled
1472,123,0.4675140409740968,12.00390625,0.8002604166666667,1.0,1.0,15,0.080078125,5.0,0.01129940250534299,0.17961652256612215,1722,1763328,erdos_renyi,14,3,2,QTL gamma=5.0,sampled
1473,124,0.4887143149997943,11.9677734375,0.7978515625,1.0,1.0,15,0.091796875,5.0,0.011251514292110514,0.1433372951077846,1736,1777664,erdos_renyi,14,3,2,QTL gamma=5.0,sampled
1474,125,0.48830623017489544,11.947265625,0.796484375,1.0,1.0,15,0.08984375,5.0,0.01120419367320438,0.16921010868907224,1750,1792000,erdos_renyi,14,3,2,QTL gamma=5.0,sampled
1475,126,0.4714610309385289,11.927734375,0.7951822916666667,1.0,1.0,15,0.091796875,5.0,0.011157429664927098,0.17786700655128407,1764,1806336,erdos_renyi,14,3,2,QTL gamma=5.0,sampled
1476,127,0.5121287588701916,11.9033203125,0.7935546875,1.0,1.0,15,0.0751953125,5.0,0.011111211577254743,0.09437046966410269,1778,1820672,erdos_renyi,14,3,2,QTL gamma=5.0,sampled
1477,128,0.5199664414563653,12.0771484375,0.8051432291666667,1.0,1.0,15,0.087890625,5.0,0.011065529003848327,0.20425822489426648,1792,1835008,erdos_renyi,14,3,2,QTL gamma=5.0,sampled
1478,129,0.5121785052794376,12.07421875,0.8049479166666667,1.0,1.0,15,0.0859375,5.0,0.011020371812476483,0.11989425240929606,1806,1849344,erdos_renyi,14,3,2,QTL gamma=5.0,sampled
1479,130,0.4862098988668184,11.9736328125,0.7982421875,1.0,1.0,15,0.07421875,5.0,0.010975730135829654,0.2958979945886974,1820,1863680,erdos_renyi,14,3,2,QTL gamma=5.0,sampled
1480,131,0.47752029315299105,11.921875,0.7947916666666667,1.0,1.0,15,0.0849609375,5.0,0.010931594362707025,0.27913199585904036,1834,1878016,erdos_renyi,14,3,2,QTL gamma=5.0,sampled
1481,132,0.45936115757207474,11.953125,0.796875,1.0,1.0,15,0.0869140625,5.0,0.010887955129558462,0.2936878868198977,1848,1892352,erdos_renyi,14,3,2,QTL gamma=5.0,sampled
1482,133,0.4758132200855704,11.9599609375,0.7973307291666667,1.0,1.0,15,0.0849609375,5.0,0.010844803312364745,0.19525263781704108,1862,1906688,erdos_renyi,14,3,2,QTL gamma=5.0,sampled
1483,134,0.5025095132380601,12.080078125,0.8053385416666666,1.0,1.0,15,0.087890625,5.0,0.010802130018840183,0.2053811566136591,1876,1921024,erdos_renyi,14,3,2,QTL gamma=5.0,sampled
1484,135,0.4754319429452525,11.9873046875,0.7991536458333334,1.0,1.0,15,0.080078125,5.0,0.01075992658094266,0.19568658041050865,1890,1935360,erdos_renyi,14,3,2,QTL gamma=5.0,sampled
1485,136,0.4840467567672456,11.9306640625,0.7953776041666667,1.0,1.0,15,0.0986328125,5.0,0.01071818454767689,0.25612562776330067,1904,1949696,erdos_renyi,14,3,2,QTL gamma=5.0,sampled
1486,137,0.5073876962486421,11.9423828125,0.7961588541666667,1.0,1.0,15,0.072265625,5.0,0.010676895678177426,0.1761596659444452,1918,1964032,erdos_renyi,14,3,2,QTL gamma=5.0,sampled
1487,138,0.49777573157516286,12.0263671875,0.8017578125,1.0,1.0,15,0.0888671875,5.0,0.01063605193505868,0.3186771025108897,1932,1978368,erdos_renyi,14,3,2,QTL gamma=5.0,sampled
1488,139,0.5306777357760086,11.8505859375,0.7900390625,1.0,1.0,15,0.05859375,5.0,0.010595645478019876,0.30259832178878227,1946,1992704,erdos_renyi,14,3,2,QTL gamma=5.0,sampled
1489,140,0.5120763924914176,11.9033203125,0.7935546875,1.0,1.0,15,0.0712890625,5.0,0.01055566865769349,0.251725762775856,1960,2007040,erdos_renyi,14,3,2,QTL gamma=5.0,sampled
1490,141,0.5174776249991662,12.083984375,0.8055989583333333,1.0,1.0,15,0.1015625,5.0,0.010516114009726282,0.27611200837266003,1974,2021376,erdos_renyi,14,3,2,QTL gamma=5.0,sampled
1491,142,0.4863429955176454,11.892578125,0.7928385416666667,1.0,1.0,15,0.0947265625,5.0,0.010476974249082652,0.21948747367504148,1988,2035712,erdos_renyi,14,3,2,QTL gamma=5.0,sampled
1492,143,0.5044745485992156,11.99609375,0.7997395833333333,1.0,1.0,15,0.0810546875,5.0,0.010438242264560494,0.2513703747623539,2002,2050048,erdos_renyi,14,3,2,QTL gamma=5.0,sampled
1493,144,0.48821653117359587,12.0263671875,0.8017578125,1.0,1.0,15,0.095703125,5.0,0.01039991111351027,0.18210045728417906,2016,2064384,erdos_renyi,14,3,2,QTL gamma=5.0,sampled
1494,145,0.5068874691032865,12.0205078125,0.8013671875,1.0,1.0,15,0.078125,5.0,0.010361974016748498,0.19706564675435645,2030,2078720,erdos_renyi,14,3,2,QTL gamma=5.0,sampled
1495,146,0.5026042037144334,12.005859375,0.800390625,1.0,1.0,15,0.0966796875,5.0,0.010324424353657208,0.1483321808864043,2044,2093056,erdos_renyi,14,3,2,QTL gamma=5.0,sampled
1496,147,0.4691472848103217,12.0439453125,0.8029296875,1.0,1.0,15,0.087890625,5.0,0.010287255657461455,0.371471509105193,2058,2107392,erdos_renyi,14,3,2,QTL gamma=5.0,sampled
1497,148,0.4631216056548495,11.9501953125,0.7966796875,1.0,1.0,15,0.076171875,5.0,0.010250461610677263,0.1945356521155278,2072,2121728,erdos_renyi,14,3,2,QTL gamma=5.0,sampled
1498,149,0.5334528026602836,11.9892578125,0.7992838541666667,1.0,1.0,15,0.0908203125,5.0,0.010214036040722796,0.3980393423188859,2086,2136064,erdos_renyi,14,3,2,QTL gamma=5.0,sampled
1499,150,0.4909024777384038,11.9326171875,0.7955078125,1.0,1.0,15,0.0791015625,5.0,0.010177972915685922,0.2858758176578031,2100,2150400,erdos_renyi,14,3,2,QTL gamma=5.0,sampled
1500,1,0.3465735873943577,9.38671875,0.62578125,1.0,1.0,15,0.0029296875,20.0,0.04409004554141028,0.42064764549258077,14,14336,erdos_renyi,14,3,2,QTL gamma=20.0,sampled
1501,2,0.34657358832187674,9.3349609375,0.6223307291666667,0.9333333333333333,1.0,15,0.0,20.0,0.04096802016383343,0.33689760825012316,28,28672,erdos_renyi,14,3,2,QTL gamma=20.0,sampled
1502,3,0.34657358821881906,9.2470703125,0.6164713541666667,1.0,1.0,15,0.0029296875,20.0,0.03839821970746123,0.8703447359851785,42,43008,erdos_renyi,14,3,2,QTL gamma=20.0,sampled
1503,4,0.2916429748846955,9.3974609375,0.6264973958333333,1.0,1.0,15,0.005859375,20.0,0.03623635197340012,2.4954958348183607,56,57344,erdos_renyi,14,3,2,QTL gamma=20.0,sampled
1504,5,0.27725887137375227,9.4853515625,0.6323567708333333,1.0,1.0,15,0.00390625,20.0,0.03438574930745079,2.5,70,71680,erdos_renyi,14,3,2,QTL gamma=20.0,sampled
1505,6,0.2569856160456373,9.5107421875,0.6340494791666667,1.0,1.0,15,0.0107421875,20.0,0.03277893085085777,0.49944413131085813,84,86016,erdos_renyi,14,3,2,QTL gamma=20.0,sampled
1506,7,0.24260151265492805,9.70703125,0.6471354166666666,1.0,1.0,15,0.0087890625,20.0,0.03136719079995086,0.5843443574719539,98,100352,erdos_renyi,14,3,2,QTL gamma=20.0,sampled
1507,8,0.2569856159597559,9.728515625,0.6485677083333333,1.0,1.0,15,0.0107421875,20.0,0.03011438856585054,0.32269526025245315,112,114688,erdos_renyi,14,3,2,QTL gamma=20.0,sampled
1508,9,0.21117107990194808,9.8896484375,0.6593098958333333,1.0,1.0,15,0.01171875,20.0,0.02899307486359828,0.4635810657818058,126,129024,erdos_renyi,14,3,2,QTL gamma=20.0,sampled
1509,10,0.21117107979889038,9.8349609375,0.6556640625,1.0,1.0,15,0.0146484375,20.0,0.02798198239166113,0.3432140098940009,140,143360,erdos_renyi,14,3,2,QTL gamma=20.0,sampled
1510,11,0.20491292285892207,9.7802734375,0.6520182291666666,1.0,1.0,15,0.009765625,20.0,0.027064347600331145,0.3063162407370203,154,157696,erdos_renyi,14,3,2,QTL gamma=20.0,sampled
1511,12,0.20491292262249564,9.900390625,0.6600260416666667,1.0,1.0,15,0.0146484375,20.0,0.026226756954046016,0.4246117479998309,168,172032,erdos_renyi,14,3,2,QTL gamma=20.0,sampled
1512,13,0.2020550019385811,10.03125,0.66875,1.0,1.0,15,0.0166015625,20.0,0.025458334527426074,0.6072860025529262,182,186368,erdos_renyi,14,3,2,QTL gamma=20.0,sampled
1513,14,0.20794415381372283,10.0107421875,0.6673828125,1.0,1.0,15,0.017578125,20.0,0.02475015777679307,0.41248590929168516,196,200704,erdos_renyi,14,3,2,QTL gamma=20.0,sampled
1514,15,0.19202146733099046,10.0888671875,0.6725911458333333,1.0,1.0,15,0.0185546875,20.0,0.024094829490620695,0.41162831204930295,210,215040,erdos_renyi,14,3,2,QTL gamma=20.0,sampled
1515,16,0.21117107977827887,10.0751953125,0.6716796875,1.0,1.0,15,0.0244140625,20.0,0.023486158906321178,0.3080286603755555,224,229376,erdos_renyi,14,3,2,QTL gamma=20.0,sampled
1516,17,0.19935164100162944,10.26171875,0.6841145833333333,1.0,1.0,15,0.01953125,20.0,0.02291892057733852,0.21674479358675647,238,243712,erdos_renyi,14,3,2,QTL gamma=20.0,sampled
1517,18,0.18979887918330368,10.06640625,0.67109375,1.0,1.0,15,0.017578125,20.0,0.02238866955782017,0.24599281473787396,252,258048,erdos_renyi,14,3,2,QTL gamma=20.0,sampled
1518,19,0.211171079860725,10.23046875,0.68203125,1.0,1.0,15,0.0224609375,20.0,0.021891598007677315,0.24110422963690567,266,272384,erdos_renyi,14,3,2,QTL gamma=20.0,sampled
1519,20,0.19935164097993305,10.166015625,0.677734375,1.0,1.0,15,0.017578125,20.0,0.021424422687014492,0.429617275098164,280,286720,erdos_renyi,14,3,2,QTL gamma=20.0,sampled
1520,21,0.2020550019729337,10.232421875,0.6821614583333333,1.0,1.0,15,0.01953125,20.0,0.02098429578000105,0.2377232529273009,294,301056,erdos_renyi,14,3,2,QTL gamma=20.0,sampled
1521,22,0.20491292271342884,10.3408203125,0.6893880208333333,1.0,1.0,15,0.0244140625,20.0,0.020568733544248055,0.24026027422529148,308,315392,erdos_renyi,14,3,2,QTL gamma=20.0,sampled
1522,23,0.196786976251877,10.24609375,0.6830729166666667,1.0,1.0,15,0.0205078125,20.0,0.0201755587265286,0.2317134765825162,322,329728,erdos_renyi,14,3,2,QTL gamma=20.0,sampled
1523,24,0.20794415380084058,10.4228515625,0.6948567708333333,1.0,1.0,15,0.03515625,20.0,0.019802853715384598,0.30595304384410815,336,344064,erdos_renyi,14,3,2,QTL gamma=20.0,sampled
1524,25,0.19202146732630604,10.34765625,0.68984375,1.0,1.0,15,0.0244140625,20.0,0.0194489221446652,0.27076987600495833,350,358400,erdos_renyi,14,3,2,QTL gamma=20.0,sampled
1525,26,0.18178174674692218,10.33984375,0.6893229166666667,1.0,1.0,15,0.0224609375,20.0,0.01911225720540087,0.2787529604730834,364,372736,erdos_renyi,14,3,2,QTL gamma=20.0,sampled
1526,27,0.18366876316089192,10.40625,0.69375,1.0,1.0,15,0.037109375,20.0,0.01879151532497497,0.24289633116852255,378,387072,erdos_renyi,14,3,2,QTL gamma=20.0,sampled
1527,28,0.18979887918330365,10.3623046875,0.6908203125,1.0,1.0,15,0.0185546875,20.0,0.018485494172423286,0.18900566094248533,392,401408,erdos_renyi,14,3,2,QTL gamma=20.0,sampled
1528,29,0.22232825714646212,10.380859375,0.6920572916666666,1.0,1.0,15,0.0205078125,20.0,0.018193114174807908,0.21708633986954104,406,415744,erdos_renyi,14,3,2,QTL gamma=20.0,sampled
1529,30,0.1897988791653806,10.421875,0.6947916666666667,1.0,1.0,15,0.0205078125,20.0,0.017913402901670074,0.10907090332909535,420,430080,erdos_renyi,14,3,2,QTL gamma=20.0,sampled
1530,31,0.17996336457613898,10.37109375,0.69140625,1.0,1.0,15,0.0224609375,20.0,0.017645481806610266,0.1544518009770876,434,444416,erdos_renyi,14,3,2,QTL gamma=20.0,sampled
1531,32,0.17996336453933268,10.3935546875,0.6929036458333333,1.0,1.0,15,0.0224609375,20.0,0.0173885549171922,0.28203357126110035,448,458752,erdos_renyi,14,3,2,QTL gamma=20.0,sampled
1532,33,0.17174821199741033,10.3232421875,0.6882161458333333,1.0,1.0,15,0.017578125,20.0,0.017141899143985492,0.26299790639125425,462,473088,erdos_renyi,14,3,2,QTL gamma=20.0,sampled
1533,34,0.17651372094952644,10.4794921875,0.6986328125,1.0,1.0,15,0.021484375,20.0,0.016904855942061103,0.14890339855786422,476,487424,erdos_renyi,14,3,2,QTL gamma=20.0,sampled
1534,35,0.18562979864082113,10.38671875,0.6924479166666667,1.0,1.0,15,0.0185546875,20.0,0.016676824107644407,0.14894649557821307,490,501760,erdos_renyi,14,3,2,QTL gamma=20.0,sampled
1535,36,0.18366876310143557,10.41796875,0.69453125,1.0,1.0,15,0.0234375,20.0,0.016457253531910437,0.2037542018134337,504,516096,erdos_renyi,14,3,2,QTL gamma=20.0,sampled
1536,37,0.20794415371066513,10.4521484375,0.6968098958333333,1.0,1.0,15,0.021484375,20.0,0.01624563976533251,0.14769525595325056,518,530432,erdos_renyi,14,3,2,QTL gamma=20.0,sampled
1537,38,0.19935164085517904,10.5595703125,0.7039713541666667,1.0,1.0,15,0.021484375,20.0,0.016041519271282754,0.19727634012799436,532,544768,erdos_renyi,14,3,2,QTL gamma=20.0,sampled
1538,39,0.19935164097450897,10.5439453125,0.7029296875,1.0,1.0,15,0.021484375,20.0,0.015844465268040554,0.1846943409596919,546,559104,erdos_renyi,14,3,2,QTL gamma=20.0,sampled
1539,40,0.18562979873563418,10.51953125,0.7013020833333333,1.0,1.0,15,0.0302734375,20.0,0.015654084075000553,0.21236582455731112,560,573440,erdos_renyi,14,3,2,QTL gamma=20.0,sampled
1540,41,0.17487422979973336,10.4990234375,0.6999348958333333,1.0,1.0,15,0.0263671875,20.0,0.015470011892466365,0.20601838740688233,574,587776,erdos_renyi,14,3,2,QTL gamma=20.0,sampled
1541,42,0.17651372096670273,10.41796875,0.69453125,1.0,1.0,15,0.0234375,20.0,0.015291911955576987,0.13300795295819548,588,602112,erdos_renyi,14,3,2,QTL gamma=20.0,sampled
1542,43,0.17996336451356826,10.541015625,0.702734375,1.0,1.0,15,0.0283203125,20.0,0.015119472012117137,0.22721708499563828,602,616448,erdos_renyi,14,3,2,QTL gamma=20.0,sampled
1543,44,0.1836687630895443,10.609375,0.7072916666666667,1.0,1.0,15,0.0234375,20.0,0.014952402081585766,0.10256170957054,616,630784,erdos_renyi,14,3,2,QTL gamma=20.0,sampled
1544,45,0.18979887916986135,10.6220703125,0.7081380208333333,1.0,1.0,15,0.029296875,20.0,0.014790432459236008,0.12767890565823647,630,645120,erdos_renyi,14,3,2,QTL gamma=20.0,sampled
1545,46,0.1799633645209295,10.5673828125,0.7044921875,1.0,1.0,15,0.0283203125,20.0,0.014633311934091987,0.22905021158732933,644,659456,erdos_renyi,14,3,2,QTL gamma=20.0,sampled
1546,47,0.19202146730288383,10.6181640625,0.7078776041666667,1.0,1.0,15,0.025390625,20.0,0.014480806194382537,0.2717103790740412,658,673792,erdos_renyi,14,3,2,QTL gamma=20.0,sampled
1547,48,0.17487422982965334,10.6259765625,0.7083984375,1.0,1.0,15,0.0380859375,20.0,0.014332696397561406,0.17294267640199354,672,688128,erdos_renyi,14,3,2,QTL gamma=20.0,sampled
1548,49,0.18366876309350805,10.6005859375,0.7067057291666666,1.0,1.0,15,0.0205078125,20.0,0.014188777885230645,0.15593551873985836,686,702464,erdos_renyi,14,3,2,QTL gamma=20.0,sampled
1549,50,0.16339550777530248,10.57421875,0.7049479166666667,1.0,1.0,15,0.03515625,20.0,0.014048859025948678,0.13331717564247467,700,716800,erdos_renyi,14,3,2,QTL gamma=20.0,sampled
1550,51,0.17174821197867257,10.6455078125,0.7097005208333333,1.0,1.0,15,0.0283203125,20.0,0.013912760171167928,0.13346752825082614,714,731136,erdos_renyi,14,3,2,QTL gamma=20.0,sampled
1551,52,0.18178174676219,10.69140625,0.7127604166666667,1.0,1.0,15,0.0322265625,20.0,0.01378031271147526,0.20019708972783276,728,745472,erdos_renyi,14,3,2,QTL gamma=20.0,sampled
1552,53,0.18366876308558053,10.7080078125,0.7138671875,1.0,1.0,15,0.02734375,20.0,0.013651358221956298,0.1431162682362755,742,759808,erdos_renyi,14,3,2,QTL gamma=20.0,sampled
1553,54,0.1782087985496576,10.685546875,0.7123697916666667,1.0,1.0,15,0.029296875,20.0,0.013525747686916854,0.1533804570240616,756,774144,erdos_renyi,14,3,2,QTL gamma=20.0,sampled
1554,55,0.1876708985006371,10.591796875,0.7061197916666667,1.0,1.0,15,0.0185546875,20.0,0.013403340795408069,0.25333332981021306,770,788480,erdos_renyi,14,3,2,QTL gamma=20.0,sampled
1555,56,0.1943474680600909,10.6015625,0.7067708333333333,1.0,1.0,15,0.025390625,20.0,0.013284005300047348,0.19889819229527317,784,802816,erdos_renyi,14,3,2,QTL gamma=20.0,sampled
1556,57,0.16739764315391453,10.5830078125,0.7055338541666667,1.0,1.0,15,0.0185546875,20.0,0.013167616432530336,0.15687375398169986,798,817152,erdos_renyi,14,3,2,QTL gamma=20.0,sampled
1557,58,0.1633955077303799,10.6474609375,0.7098307291666667,1.0,1.0,15,0.0341796875,20.0,0.013054056370010926,0.11455627817498786,812,831488,erdos_renyi,14,3,2,QTL gamma=20.0,sampled
1558,59,0.170255563836987,10.5634765625,0.7042317708333333,1.0,1.0,15,0.033203125,20.0,0.012943213747205322,0.14775188985441814,826,845824,erdos_renyi,14,3,2,QTL gamma=20.0,sampled
1559,60,0.18366876306972552,10.5703125,0.7046875,1.0,1.0,15,0.0302734375,20.0,0.012834983209666482,0.14587665934824232,840,860160,erdos_renyi,14,3,2,QTL gamma=20.0,sampled
1560,61,0.18767089847916676,10.6806640625,0.7120442708333333,1.0,1.0,15,0.0244140625,20.0,0.01272926500419026,0.12590979996446852,854,874496,erdos_renyi,14,3,2,QTL gamma=20.0,sampled
1561,62,0.17820879851412047,10.732421875,0.7154947916666666,1.0,1.0,15,0.0380859375,20.0,0.012625964602764493,0.10848553599519649,868,888832,erdos_renyi,14,3,2,QTL gamma=20.0,sampled
1562,63,0.18767089843622603,10.634765625,0.708984375,1.0,1.0,15,0.03125,20.0,0.012524992356866271,0.027826027265960934,882,903168,erdos_renyi,14,3,2,QTL gamma=20.0,sampled
1563,64,0.1856297986902888,10.70703125,0.7138020833333333,1.0,1.0,15,0.03125,20.0,0.012426263179258315,0.1129818086815904,896,917504,erdos_renyi,14,3,2,QTL gamma=20.0,sampled
1564,65,0.1732867949113271,10.7861328125,0.7190755208333334,1.0,1.0,15,0.033203125,20.0,0.012329696250739345,0.14552586582882873,910,931840,erdos_renyi,14,3,2,QTL gamma=20.0,sampled
1565,66,0.16212961736816048,10.7255859375,0.7150390625,1.0,1.0,15,0.0185546875,20.0,0.012235214749571162,0.15891090348501763,924,946176,erdos_renyi,14,3,2,QTL gamma=20.0,sampled
1566,67,0.16880618701116462,10.8046875,0.7203125,1.0,1.0,15,0.0302734375,20.0,0.012142745601541187,0.14445299056158908,938,960512,erdos_renyi,14,3,2,QTL gamma=20.0,sampled
1567,68,0.18366876305783425,10.6552734375,0.7103515625,1.0,1.0,15,0.0283203125,20.0,0.01205221924882845,0.19964960045761013,952,974848,erdos_renyi,14,3,2,QTL gamma=20.0,sampled
1568,69,0.1748742298263289,10.630859375,0.7087239583333333,1.0,1.0,15,0.0283203125,20.0,0.01196356943602569,0.2057862960335201,966,989184,erdos_renyi,14,3,2,QTL gamma=20.0,sampled
1569,70,0.1782087985212279,10.8515625,0.7234375,1.0,1.0,15,0.0283203125,20.0,0.011876733011834568,0.16717942412032774,980,1003520,erdos_renyi,14,3,2,QTL gamma=20.0,sampled
1570,71,0.17025556380667592,10.8056640625,0.7203776041666666,1.0,1.0,15,0.0322265625,20.0,0.011791649745096838,0.2174191927568552,994,1017856,erdos_renyi,14,3,2,QTL gamma=20.0,sampled
1571,72,0.1660276944639288,10.703125,0.7135416666666666,1.0,1.0,15,0.02734375,20.0,0.011708262153953946,0.1563086616421887,1008,1032192,erdos_renyi,14,3,2,QTL gamma=20.0,sampled
1572,73,0.16602769444721677,10.666015625,0.7110677083333333,1.0,1.0,15,0.033203125,20.0,0.011626515347043571,0.14546477106779612,1022,1046528,erdos_renyi,14,3,2,QTL gamma=20.0,sampled
1573,74,0.1717482119911644,10.6591796875,0.7106119791666666,1.0,1.0,15,0.0302734375,20.0,0.011546356875744608,0.14837271467118854,1036,1060864,erdos_renyi,14,3,2,QTL gamma=20.0,sampled
1574,75,0.18767089849204896,10.6201171875,0.7080078125,1.0,1.0,15,0.0244140625,20.0,0.011467736596574721,0.10525731078226619,1050,1075200,erdos_renyi,14,3,2,QTL gamma=20.0,sampled
1575,76,0.17025556384911145,10.6982421875,0.7132161458333334,1.0,1.0,15,0.03125,20.0,0.011390606542927232,0.06941446044141655,1064,1089536,erdos_renyi,14,3,2,QTL gamma=20.0,sampled
1576,77,0.18562979878510188,10.6796875,0.7119791666666667,1.0,1.0,15,0.029296875,20.0,0.011314920805408232,0.08426500891757,1078,1103872,erdos_renyi,14,3,2,QTL gamma=20.0,sampled
1577,78,0.16880618700233113,10.8076171875,0.7205078125,1.0,1.0,15,0.03125,20.0,0.011240635420101558,0.10064714934220685,1092,1118208,erdos_renyi,14,3,2,QTL gamma=20.0,sampled
1578,79,0.18366876308558053,10.6552734375,0.7103515625,1.0,1.0,15,0.0244140625,20.0,0.011167708264148994,0.1657254456020605,1106,1132544,erdos_renyi,14,3,2,QTL gamma=20.0,sampled
1579,80,0.17820879858519473,10.857421875,0.723828125,1.0,1.0,15,0.03515625,20.0,0.011096098958087117,0.08407949920546791,1120,1146880,erdos_renyi,14,3,2,QTL gamma=20.0,sampled
1580,81,0.17174821200990215,10.6982421875,0.7132161458333334,1.0,1.0,15,0.03515625,20.0,0.011025768774430749,0.1260493140334699,1134,1161216,erdos_renyi,14,3,2,QTL gamma=20.0,sampled
1581,82,0.16880618702883166,10.7880859375,0.7192057291666667,1.0,1.0,15,0.033203125,20.0,0.010956680552036838,0.13916022795904026,1148,1175552,erdos_renyi,14,3,2,QTL gamma=20.0,sampled
1582,83,0.1673976431739535,10.908203125,0.7272135416666666,1.0,1.0,15,0.03125,20.0,0.010888798615822296,0.11543028384637823,1162,1189888,erdos_renyi,14,3,2,QTL gamma=20.0,sampled
1583,84,0.16212961740938356,10.8642578125,0.7242838541666666,1.0,1.0,15,0.0283203125,20.0,0.010822088701445111,0.1133860634352918,1176,1204224,erdos_renyi,14,3,2,QTL gamma=20.0,sampled
1584,85,0.16880618701999814,10.787109375,0.719140625,1.0,1.0,15,0.0322265625,20.0,0.010756517884590634,0.17420619940358337,1190,1218560,erdos_renyi,14,3,2,QTL gamma=20.0,sampled
1585,86,0.18562979878097957,10.7109375,0.7140625,1.0,1.0,15,0.0322265625,20.0,0.010692054514534324,0.05051009242385208,1204,1232896,erdos_renyi,14,3,2,QTL gamma=20.0,sampled
1586,87,0.16739764311956193,10.677734375,0.7118489583333333,1.0,1.0,15,0.0234375,20.0,0.010628668151679023,0.09979570899199423,1218,1247232,erdos_renyi,14,3,2,QTL gamma=20.0,sampled
1587,88,0.17487422981635556,10.7431640625,0.7162109375,1.0,1.0,15,0.0244140625,20.0,0.010566329508789154,0.24033209231450164,1232,1261568,erdos_renyi,14,3,2,QTL gamma=20.0,sampled
1588,89,0.17651372093578543,10.81640625,0.72109375,1.0,1.0,15,0.0224609375,20.0,0.010505010395666332,0.12442495463367427,1246,1275904,erdos_renyi,14,3,2,QTL gamma=20.0,sampled
1589,90,0.15851358430595602,10.802734375,0.7201822916666667,1.0,1.0,15,0.0341796875,20.0,0.010444683667031,0.08841593491438136,1260,1290240,erdos_renyi,14,3,2,QTL gamma=20.0,sampled
1590,91,0.17651372098387902,10.6767578125,0.7117838541666667,1.0,1.0,15,0.03125,20.0,0.010385323173393126,0.08520954084803652,1274,1304576,erdos_renyi,14,3,2,QTL gamma=20.0,sampled
1591,92,0.17025556385517365,10.7802734375,0.7186848958333333,1.0,1.0,15,0.03125,20.0,0.010326903714711696,0.1043476387037963,1288,1318912,erdos_renyi,14,3,2,QTL gamma=20.0,sampled
1592,93,0.1799633645282908,10.6572265625,0.7104817708333333,1.0,1.0,15,0.03125,20.0,0.010269400996658053,0.12829334922996605,1302,1333248,erdos_renyi,14,3,2,QTL gamma=20.0,sampled
1593,94,0.17025556385820478,10.775390625,0.718359375,1.0,1.0,15,0.033203125,20.0,0.010212791589312188,0.10373632123798199,1316,1347584,erdos_renyi,14,3,2,QTL gamma=20.0,sampled
1594,95,0.1717482120067792,10.6494140625,0.7099609375,1.0,1.0,15,0.0234375,20.0,0.010157052888133783,0.12208089930180684,1330,1361920,erdos_renyi,14,3,2,QTL gamma=20.0,sampled
1595,96,0.17328679488878324,10.712890625,0.7141927083333334,1.0,1.0,15,0.025390625,20.0,0.010102163077061653,0.1719073996975378,1344,1376256,erdos_renyi,14,3,2,QTL gamma=20.0,sampled
1596,97,0.18562979875212343,10.7568359375,0.7171223958333334,1.0,1.0,15,0.0341796875,20.0,0.010048101093605908,0.12127254864943258,1358,1390592,erdos_renyi,14,3,2,QTL gamma=20.0,sampled
1597,98,0.17328679496607652,10.78515625,0.7190104166666667,1.0,1.0,15,0.033203125,20.0,0.009994846595807088,0.13691922766622577,1372,1404928,erdos_renyi,14,3,2,QTL gamma=20.0,sampled
1598,99,0.18366876312125435,10.734375,0.715625,1.0,1.0,15,0.03125,20.0,0.00994237993094551,0.08066681011382909,1386,1419264,erdos_renyi,14,3,2,QTL gamma=20.0,sampled
1599,100,0.17025556384911145,10.849609375,0.7233072916666666,1.0,1.0,15,0.0380859375,20.0,0.00989068210589248,0.07371488498749806,1400,1433600,erdos_renyi,14,3,2,QTL gamma=20.0,sampled
1600,101,0.17025556382183146,10.8046875,0.7203125,1.0,1.0,15,0.0322265625,20.0,0.009839734759002643,0.10299676307742148,1414,1447936,erdos_renyi,14,3,2,QTL gamma=20.0,sampled
1601,102,0.17487422984627554,10.77734375,0.7184895833333333,1.0,1.0,15,0.0302734375,20.0,0.009789520133453791,0.1323496745818795,1428,1462272,erdos_renyi,14,3,2,QTL gamma=20.0,sampled
1602,103,0.16212961739907777,10.84765625,0.7231770833333333,1.0,1.0,15,0.0361328125,20.0,0.00974002105194698,0.12201639137659928,1442,1476608,erdos_renyi,14,3,2,QTL gamma=20.0,sampled
1603,104,0.17025556384608034,10.8271484375,0.7218098958333333,1.0,1.0,15,0.03125,20.0,0.00969122089268578,0.09572388547736169,1456,1490944,erdos_renyi,14,3,2,QTL gamma=20.0,sampled
1604,105,0.1660276944054366,10.845703125,0.723046875,1.0,1.0,15,0.037109375,20.0,0.009643103566559043,0.19459939112271293,1470,1505280,erdos_renyi,14,3,2,QTL gamma=20.0,sampled
1605,106,0.1596901091866802,10.7666015625,0.7177734375,1.0,1.0,15,0.0283203125,20.0,0.00959565349545662,0.10713367078026413,1484,1519616,erdos_renyi,14,3,2,QTL gamma=20.0,sampled
1606,107,0.16339550775416245,10.744140625,0.7162760416666667,1.0,1.0,15,0.029296875,20.0,0.009548855591652266,0.10878978380604563,1498,1533952,erdos_renyi,14,3,2,QTL gamma=20.0,sampled
1607,108,0.18562979880571343,10.8330078125,0.7222005208333333,1.0,1.0,15,0.03125,20.0,0.00950269523819228,0.11372018825007897,1512,1548288,erdos_renyi,14,3,2,QTL gamma=20.0,sampled
1608,109,0.18366876310936306,10.7529296875,0.7168619791666667,1.0,1.0,15,0.0283203125,20.0,0.00945715827023246,0.12666666681322553,1526,1562624,erdos_renyi,14,3,2,QTL gamma=20.0,sampled
1609,110,0.20205500194430653,10.9541015625,0.7302734375,1.0,1.0,15,0.041015625,20.0,0.00941223095726976,0.10384446665621773,1540,1576960,erdos_renyi,14,3,2,QTL gamma=20.0,sampled
1610,111,0.17174821199428736,10.732421875,0.7154947916666666,1.0,1.0,15,0.0234375,20.0,0.00936789998621843,0.11631841755657303,1554,1591296,erdos_renyi,14,3,2,QTL gamma=20.0,sampled
1611,112,0.164694282087538,10.8125,0.7208333333333333,1.0,1.0,15,0.0341796875,20.0,0.009324152445283704,0.0886631778225436,1568,1605632,erdos_renyi,14,3,2,QTL gamma=20.0,sampled
1612,113,0.17174821200365625,10.77734375,0.7184895833333333,1.0,1.0,15,0.033203125,20.0,0.009280975808589007,0.08190912603547933,1582,1619968,erdos_renyi,14,3,2,QTL gamma=20.0,sampled
1613,114,0.17487422983630221,10.9033203125,0.7268880208333334,1.0,1.0,15,0.046875,20.0,0.009238357921515535,0.09280853147045054,1596,1634304,erdos_renyi,14,3,2,QTL gamma=20.0,sampled
1614,115,0.17174821200365625,10.9697265625,0.7313151041666667,1.0,1.0,15,0.0380859375,20.0,0.009196286986715518,0.1041665086787961,1610,1648640,erdos_renyi,14,3,2,QTL gamma=20.0,sampled
1615,116,0.1782087985780873,10.8681640625,0.7245442708333333,1.0,1.0,15,0.03515625,20.0,0.00915475155076295,0.2123724093160866,1624,1662976,erdos_renyi,14,3,2,QTL gamma=20.0,sampled
1616,117,0.1660276944444314,10.8408203125,0.7227213541666667,1.0,1.0,15,0.04296875,20.0,0.009113740491407799,0.0774082420615517,1638,1677312,erdos_renyi,14,3,2,QTL gamma=20.0,sampled
1617,118,0.17487422979640893,10.822265625,0.721484375,1.0,1.0,15,0.041015625,20.0,0.009073243005401715,0.18043135288146991,1652,1691648,erdos_renyi,14,3,2,QTL gamma=20.0,sampled
1618,119,0.18178174672020353,10.8564453125,0.7237630208333333,1.0,1.0,15,0.033203125,20.0,0.009033248596865282,0.09614983934431134,1666,1705984,erdos_renyi,14,3,2,QTL gamma=20.0,sampled
1619,120,0.17487422980970668,10.802734375,0.7201822916666667,1.0,1.0,15,0.0322265625,20.0,0.008993747066168569,0.13740695214609225,1680,1720320,erdos_renyi,14,3,2,QTL gamma=20.0,sampled
1620,121,0.18562979876449034,10.7919921875,0.7194661458333333,1.0,1.0,15,0.0224609375,20.0,0.008954728499298495,0.11295279157795018,1694,1734656,erdos_renyi,14,3,2,QTL gamma=20.0,sampled
1621,122,0.17651372097700851,10.8623046875,0.7241536458333333,1.0,1.0,15,0.0390625,20.0,0.008916183257688039,0.058993703788170135,1708,1748992,erdos_renyi,14,3,2,QTL gamma=20.0,sampled
1622,123,0.1660276944694995,10.7431640625,0.7162109375,1.0,1.0,15,0.029296875,20.0,0.008878101968483779,0.10834660790045586,1722,1763328,erdos_renyi,14,3,2,QTL gamma=20.0,sampled
1623,124,0.17820879854610389,10.9375,0.7291666666666666,1.0,1.0,15,0.0380859375,20.0,0.00884047551522969,0.14469559450946662,1736,1777664,erdos_renyi,14,3,2,QTL gamma=20.0,sampled
1624,125,0.1688061869993866,10.787109375,0.719140625,1.0,1.0,15,0.037109375,20.0,0.0088032950289463,0.14745055604274337,1750,1792000,erdos_renyi,14,3,2,QTL gamma=20.0,sampled
1625,126,0.16469428211737047,10.912109375,0.7274739583333333,1.0,1.0,15,0.037109375,20.0,0.008766551879585577,0.05960133108897195,1764,1806336,erdos_renyi,14,3,2,QTL gamma=20.0,sampled
1626,127,0.17487422982300443,10.755859375,0.7170572916666667,1.0,1.0,15,0.03125,20.0,0.008730237667843014,0.11402666828964791,1778,1820672,erdos_renyi,14,3,2,QTL gamma=20.0,sampled
1627,128,0.18562979883044725,10.89453125,0.7263020833333333,1.0,1.0,15,0.0361328125,20.0,0.008694344217309401,0.16745477823121444,1792,1835008,erdos_renyi,14,3,2,QTL gamma=20.0,sampled
1628,129,0.17487422978976003,10.7861328125,0.7190755208333334,1.0,1.0,15,0.025390625,20.0,0.008658863566945809,0.14289856447528942,1806,1849344,erdos_renyi,14,3,2,QTL gamma=20.0,sampled
1629,130,0.17174821199116438,10.7431640625,0.7162109375,1.0,1.0,15,0.021484375,20.0,0.008623787963866158,0.08891234616088696,1820,1863680,erdos_renyi,14,3,2,QTL gamma=20.0,sampled
1630,131,0.18178174668585095,10.8515625,0.7234375,1.0,1.0,15,0.03125,20.0,0.008589109856412664,0.152682676776945,1834,1878016,erdos_renyi,14,3,2,QTL gamma=20.0,sampled
1631,132,0.158513584337113,10.8798828125,0.7253255208333333,1.0,1.0,15,0.037109375,20.0,0.008554821887510222,0.04341378380436583,1848,1892352,erdos_renyi,14,3,2,QTL gamma=20.0,sampled
1632,133,0.17651372099074952,10.7841796875,0.7189453125,1.0,1.0,15,0.0205078125,20.0,0.008520916888286587,0.09808997132573251,1862,1906688,erdos_renyi,14,3,2,QTL gamma=20.0,sampled
1633,134,0.16739764320258063,10.890625,0.7260416666666667,1.0,1.0,15,0.03125,20.0,0.008487387871945858,0.15098297173203445,1876,1921024,erdos_renyi,14,3,2,QTL gamma=20.0,sampled
1634,135,0.1799633645282908,10.75390625,0.7169270833333333,1.0,1.0,15,0.029296875,20.0,0.00845422802788352,0.07652675680465243,1890,1935360,erdos_renyi,14,3,2,QTL gamma=20.0,sampled
1635,136,0.17328679496285593,10.8408203125,0.7227213541666667,1.0,1.0,15,0.0361328125,20.0,0.008421430716031844,0.12424465615394105,1904,1949696,erdos_renyi,14,3,2,QTL gamma=20.0,sampled
1636,137,0.17174821197242665,10.859375,0.7239583333333334,1.0,1.0,15,0.033203125,20.0,0.008388989461425122,0.06835798276677128,1918,1964032,erdos_renyi,14,3,2,QTL gamma=20.0,sampled
1637,138,0.17820879850701304,10.736328125,0.7157552083333333,1.0,1.0,15,0.03125,20.0,0.008356897948974679,0.10611891625378751,1932,1978368,erdos_renyi,14,3,2,QTL gamma=20.0,sampled
1638,139,0.17025556387639143,10.6806640625,0.7120442708333333,1.0,1.0,15,0.0244140625,20.0,0.008325150018444189,0.10986189812007353,1946,1992704,erdos_renyi,14,3,2,QTL gamma=20.0,sampled
1639,140,0.17174821199428736,10.8515625,0.7234375,1.0,1.0,15,0.0283203125,20.0,0.008293739659616314,0.09197359001654705,1960,2007040,erdos_renyi,14,3,2,QTL gamma=20.0,sampled
1640,141,0.1943474680453684,10.9072265625,0.7271484375,1.0,1.0,15,0.0400390625,20.0,0.00826266100764208,0.10664693634826446,1974,2021376,erdos_renyi,14,3,2,QTL gamma=20.0,sampled
1641,142,0.17174821200990215,10.7978515625,0.7198567708333333,1.0,1.0,15,0.03125,20.0,0.008231908338564943,0.07848549083665869,1988,2035712,erdos_renyi,14,3,2,QTL gamma=20.0,sampled
1642,143,0.17025556384608034,10.7451171875,0.7163411458333333,1.0,1.0,15,0.025390625,20.0,0.008201476065011818,0.1293503185001681,2002,2050048,erdos_renyi,14,3,2,QTL gamma=20.0,sampled
1643,144,0.16602769444721677,10.7587890625,0.7172526041666667,1.0,1.0,15,0.03515625,20.0,0.008171358732043785,0.10929064152479985,2016,2064384,erdos_renyi,14,3,2,QTL gamma=20.0,sampled
1644,145,0.1702555638278937,10.75,0.7166666666666667,1.0,1.0,15,0.029296875,20.0,0.008141551013159535,0.2696579653015409,2030,2078720,erdos_renyi,14,3,2,QTL gamma=20.0,sampled
1645,146,0.17328679488878324,10.92578125,0.7283854166666667,1.0,1.0,15,0.0390625,20.0,0.00811204770644495,0.10574053765997664,2044,2093056,erdos_renyi,14,3,2,QTL gamma=20.0,sampled
1646,147,0.17174821196930368,10.8916015625,0.7261067708333333,1.0,1.0,15,0.0322265625,20.0,0.008082843730862575,0.13451071316701543,2058,2107392,erdos_renyi,14,3,2,QTL gamma=20.0,sampled
1647,148,0.17328679494353263,10.8759765625,0.7250651041666667,1.0,1.0,15,0.0302734375,20.0,0.008053934122674994,0.06765823473316718,2072,2121728,erdos_renyi,14,3,2,QTL gamma=20.0,sampled
1648,149,0.1799633644694007,10.806640625,0.7204427083333333,1.0,1.0,15,0.0283203125,20.0,0.008025314031996484,0.06431353496045504,2086,2136064,erdos_renyi,14,3,2,QTL gamma=20.0,sampled
1649,150,0.1702555638339559,10.75,0.7166666666666667,1.0,1.0,15,0.0361328125,20.0,0.007996978719467512,0.11909522667129536,2100,2150400,erdos_renyi,14,3,2,QTL gamma=20.0,sampled
1650,1,5.5654296875,9.5224609375,0.6348307291666667,1.0,1.0,15,0.0029296875,0.0,0.06172606375797438,2.5,14,14336,erdos_renyi,14,3,2,QTL schedule linear,sampled
1651,2,2.8899526839226057,9.7470703125,0.6498046875,1.0,1.0,15,0.001953125,1.342281879194631,0.055855745138402954,2.5,28,28672,erdos_renyi,14,3,2,QTL schedule linear,sampled
1652,3,1.6849267892622732,10.041015625,0.6694010416666667,1.0,1.0,15,0.0029296875,2.684563758389262,0.051018271534881615,2.5,42,43008,erdos_renyi,14,3,2,QTL schedule linear,sampled
1653,4,1.099551541723608,10.400390625,0.693359375,1.0,1.0,15,0.009765625,4.026845637583892,0.04694970820901407,2.5,56,57344,erdos_renyi,14,3,2,QTL schedule linear,sampled
1654,5,0.8236303713296428,10.7080078125,0.7138671875,1.0,1.0,15,0.0146484375,5.369127516778524,0.043471923063843836,1.7036406754095983,70,71680,erdos_renyi,14,3,2,QTL schedule linear,sampled
1655,6,0.6013985577307657,10.673828125,0.7115885416666666,1.0,1.0,15,0.021484375,6.7114093959731544,0.04045967441117711,0.8667752702171935,84,86016,erdos_renyi,14,3,2,QTL schedule linear,sampled
1656,7,0.42643505422671085,10.8134765625,0.7208984375,1.0,1.0,15,0.0234375,8.053691275167784,0.03782194220155924,0.6109952041653488,98,100352,erdos_renyi,14,3,2,QTL schedule linear,sampled
1657,8,0.3950965846831427,10.828125,0.721875,1.0,1.0,15,0.0244140625,9.395973154362416,0.03549074268269165,0.6858682949029247,112,114688,erdos_renyi,14,3,2,QTL schedule linear,sampled
1658,9,0.33517563257810307,10.9140625,0.7276041666666667,1.0,1.0,15,0.03125,10.738255033557047,0.033414118323461875,0.3488628844612202,126,129024,erdos_renyi,14,3,2,QTL schedule linear,sampled
1659,10,0.2979381249383341,10.875,0.725,1.0,1.0,15,0.0361328125,12.080536912751679,0.031551575821083845,0.23224766003255368,140,143360,erdos_renyi,14,3,2,QTL schedule linear,sampled
1660,11,0.2736661943354203,10.7861328125,0.7190755208333334,1.0,1.0,15,0.0224609375,13.422818791946309,0.02987102068480993,0.18662739668016298,154,157696,erdos_renyi,14,3,2,QTL schedule linear,sampled
1661,12,0.23687501313758597,10.9970703125,0.7331380208333333,1.0,1.0,15,0.046875,14.76510067114094,0.028346639899554396,0.16999127890695317,168,172032,erdos_renyi,14,3,2,QTL schedule linear,sampled
1662,13,0.24131474815483148,10.8232421875,0.7215494791666667,1.0,1.0,15,0.02734375,16.10738255033557,0.026957403971680602,0.1961495674966327,182,186368,erdos_renyi,14,3,2,QTL schedule linear,sampled
1663,14,0.2023118766655086,10.8486328125,0.7232421875,1.0,1.0,15,0.0234375,17.449664429530202,0.025685984638005147,0.19232366175513863,196,200704,erdos_renyi,14,3,2,QTL schedule linear,sampled
1664,15,0.1827891679603142,11.01171875,0.7341145833333333,1.0,1.0,15,0.0419921875,18.79194630872483,0.02451795820362672,0.25455903857401524,210,215040,erdos_renyi,14,3,2,QTL schedule linear,sampled
1665,16,0.1824443047119362,10.9287109375,0.7285807291666667,1.0,1.0,15,0.03515625,20.13422818791946,0.023441209319897596,0.14374611174904536,224,229376,erdos_renyi,14,3,2,QTL schedule linear,sampled
1666,17,0.17476852439500318,10.8671875,0.7244791666666667,1.0,1.0,15,0.033203125,21.476510067114095,0.022445478086539034,0.14375307580870272,238,243712,erdos_renyi,14,3,2,QTL schedule linear,sampled
1667,18,0.16098026906526125,10.9541015625,0.7302734375,1.0,1.0,15,0.03515625,22.818791946308725,0.021522011381388418,0.09931706144804775,252,258048,erdos_renyi,14,3,2,QTL schedule linear,sampled
1668,19,0.15366022253209716,10.724609375,0.7149739583333333,1.0,1.0,15,0.0283203125,24.161073825503358,0.02066329115113795,0.09865932884876097,266,272384,erdos_renyi,14,3,2,QTL schedule linear,sampled
1669,20,0.1411291650038524,10.8310546875,0.7220703125,1.0,1.0,15,0.025390625,25.503355704697988,0.019862820322272098,0.1678187679309074,280,286720,erdos_renyi,14,3,2,QTL schedule linear,sampled
1670,21,0.1315027222914519,10.896484375,0.7264322916666667,1.0,1.0,15,0.0263671875,26.845637583892618,0.01911495240047257,0.13425511861621725,294,301056,erdos_renyi,14,3,2,QTL schedule linear,sampled
1671,22,0.1414447359852857,10.8818359375,0.7254557291666667,1.0,1.0,15,0.021484375,28.187919463087248,0.018414754580816067,0.1431522285192778,308,315392,erdos_renyi,14,3,2,QTL schedule linear,sampled
1672,23,0.12572200025656685,10.771484375,0.7180989583333334,1.0,1.0,15,0.0419921875,29.53020134228188,0.01775789683693614,0.0734114001135057,322,329728,erdos_renyi,14,3,2,QTL schedule linear,sampled
1673,24,0.1165849623952606,11.0869140625,0.7391276041666667,1.0,1.0,15,0.0380859375,30.87248322147651,0.01714056134866899,0.08087539274500345,336,344064,erdos_renyi,14,3,2,QTL schedule linear,sampled
1674,25,0.10480050789008193,10.8037109375,0.7202473958333333,1.0,1.0,15,0.0283203125,32.21476510067114,0.0165593679974578,0.07337399062337771,350,358400,erdos_renyi,14,3,2,QTL schedule linear,sampled
1675,26,0.09815779224701725,10.9013671875,0.7267578125,1.0,1.0,15,0.033203125,33.557046979865774,0.016011312662837836,0.06529932302330196,364,372736,erdos_renyi,14,3,2,QTL schedule linear,sampled
1676,27,0.10313285134965632,10.857421875,0.723828125,1.0,1.0,15,0.0439453125,34.899328859060404,0.015493715797588058,0.057484295784292636,378,387072,erdos_renyi,14,3,2,QTL schedule linear,sampled
1677,28,0.10031659370364322,10.7841796875,0.7189453125,1.0,1.0,15,0.0263671875,36.241610738255034,0.015004179316605047,0.11514408612267765,392,401408,erdos_renyi,14,3,2,QTL schedule linear,sampled
1678,29,0.09305807242250566,10.818359375,0.7212239583333333,1.0,1.0,15,0.03125,37.58389261744966,0.01454055025618747,0.05837414000905031,406,415744,erdos_renyi,14,3,2,QTL schedule linear,sampled
1679,30,0.0867314548055855,10.9296875,0.7286458333333333,1.0,1.0,15,0.025390625,38.92617449664429,0.014100889982220291,0.04411603818635635,420,430080,erdos_renyi,14,3,2,QTL schedule linear,sampled
1680,31,0.09122215247818628,10.77734375,0.7184895833333333,1.0,1.0,15,0.0283203125,40.26845637583892,0.013683447973453165,0.0644410779800389,434,444416,erdos_renyi,14,3,2,QTL schedule linear,sampled
1681,32,0.08254994715738918,10.8447265625,0.7229817708333334,1.0,1.0,15,0.0263671875,41.61073825503356,0.01328663939826481,0.06291591106090275,448,458752,erdos_renyi,14,3,2,QTL schedule linear,sampled
1682,33,0.08297847193223966,10.9404296875,0.7293619791666667,1.0,1.0,15,0.03515625,42.95302013422819,0.012909025853557304,0.06010190952939732,462,473088,erdos_renyi,14,3,2,QTL schedule linear,sampled
1683,34,0.07621855119278725,10.875,0.725,1.0,1.0,15,0.025390625,44.29530201342282,0.012549298752718667,0.05250589154099627,476,487424,erdos_renyi,14,3,2,QTL schedule linear,sampled
1684,35,0.07275919559563664,10.7900390625,0.7193359375,1.0,1.0,15,0.021484375,45.63758389261745,0.012206264943349556,0.03996970264499289,490,501760,erdos_renyi,14,3,2,QTL schedule linear,sampled
1685,36,0.07819041640987395,10.9423828125,0.7294921875,1.0,1.0,15,0.0322265625,46.97986577181208,0.011878834210230164,0.08322296077539688,504,516096,erdos_renyi,14,3,2,QTL schedule linear,sampled
1686,37,0.07683011126791063,10.7958984375,0.7197265625,1.0,1.0,15,0.033203125,48.322147651006716,0.011566008379004643,0.033776299022586984,518,530432,erdos_renyi,14,3,2,QTL schedule linear,sampled
1687,38,0.0764325217379561,10.9501953125,0.7300130208333333,1.0,1.0,15,0.0361328125,49.664429530201346,0.011266871784476707,0.06542132748721528,532,544768,erdos_renyi,14,3,2,QTL schedule linear,sampled
1688,39,0.07529262808999072,10.759765625,0.7173177083333333,1.0,1.0,15,0.0283203125,51.006711409395976,0.010980582906688567,0.06604319685770048,546,559104,erdos_renyi,14,3,2,QTL schedule linear,sampled
1689,40,0.06944994948713762,10.9443359375,0.7296223958333333,1.0,1.0,15,0.0322265625,52.348993288590606,0.010706367009983984,0.03453756737992772,560,573440,erdos_renyi,14,3,2,QTL schedule linear,sampled
1690,41,0.06514065069575396,10.8291015625,0.7219401041666667,1.0,1.0,15,0.0263671875,53.691275167785236,0.010443509646499946,0.05259094684282057,574,587776,erdos_renyi,14,3,2,QTL schedule linear,sampled
1691,42,0.0660621470731309,10.7138671875,0.7142578125,1.0,1.0,15,0.0244140625,55.033557046979865,0.010191350907135336,0.019153632982320666,588,602112,erdos_renyi,14,3,2,QTL schedule linear,sampled
1692,43,0.0638441460735968,10.8837890625,0.7255859375,1.0,1.0,15,0.0322265625,56.375838926174495,0.009949280320907363,0.06389459525254726,602,616448,erdos_renyi,14,3,2,QTL schedule linear,sampled
1693,44,0.06432288385220425,10.9013671875,0.7267578125,1.0,1.0,15,0.0302734375,57.71812080536913,0.009716732318438599,0.03301684432735029,616,630784,erdos_renyi,14,3,2,QTL schedule linear,sampled
1694,45,0.05765472509846709,10.84375,0.7229166666666667,1.0,1.0,15,0.02734375,59.06040268456376,0.009493182187681942,0.02308197743300353,630,645120,erdos_renyi,14,3,2,QTL schedule linear,sampled
1695,46,0.059006913374037094,10.7734375,0.7182291666666667,1.0,1.0,15,0.0283203125,60.40268456375839,0.009278142460339174,0.08568988360014286,644,659456,erdos_renyi,14,3,2,QTL schedule linear,sampled
1696,47,0.060127913166190934,10.8857421875,0.7257161458333333,1.0,1.0,15,0.025390625,61.74496644295302,0.009071159676120712,0.037320415879017,658,673792,erdos_renyi,14,3,2,QTL schedule linear,sampled
1697,48,0.05397463626239473,10.888671875,0.7259114583333334,1.0,1.0,15,0.0341796875,63.08724832214765,0.008871811479321392,0.028252710744648652,672,688128,erdos_renyi,14,3,2,QTL schedule linear,sampled
1698,49,0.05331350753914719,10.7275390625,0.7151692708333334,1.0,1.0,15,0.017578125,64.42953020134227,0.008679704008384494,0.037051601215826235,686,702464,erdos_renyi,14,3,2,QTL schedule linear,sampled
1699,50,0.04930063881340224,10.9140625,0.7276041666666667,1.0,1.0,15,0.0361328125,65.77181208053692,0.0084944695443852,0.0197134399715311,700,716800,erdos_renyi,14,3,2,QTL schedule linear,sampled
1700,51,0.05211252055660317,10.9150390625,0.7276692708333333,1.0,1.0,15,0.0390625,67.11409395973155,0.008315764388841346,0.035630521122961785,714,731136,erdos_renyi,14,3,2,QTL schedule linear,sampled
1701,52,0.05156969501633895,10.89453125,0.7263020833333333,1.0,1.0,15,0.0341796875,68.45637583892618,0.008143266945081412,0.04507086484492038,728,745472,erdos_renyi,14,3,2,QTL schedule linear,sampled
1702,53,0.050108192842887665,10.8994140625,0.7266276041666667,1.0,1.0,15,0.0283203125,69.79865771812081,0.007976675980672504,0.020919200189663645,742,759808,erdos_renyi,14,3,2,QTL schedule linear,sampled
1703,54,0.049162755242078464,10.8046875,0.7203125,1.0,1.0,15,0.0361328125,71.14093959731544,0.007815709051221207,0.033709915906386966,756,774144,erdos_renyi,14,3,2,QTL schedule linear,sampled
1704,55,0.05298370124851199,10.9306640625,0.7287109375,1.0,1.0,15,0.0224609375,72.48322147651007,0.007660101068279789,0.05578762270330553,770,788480,erdos_renyi,14,3,2,QTL schedule linear,sampled
1705,56,0.0514182418964432,10.92578125,0.7283854166666667,1.0,1.0,15,0.0283203125,73.8255033557047,0.0075096029961785275,0.0454239048178738,784,802816,erdos_renyi,14,3,2,QTL schedule linear,sampled
1706,57,0.044539730107531976,10.892578125,0.726171875,1.0,1.0,15,0.0263671875,75.16778523489933,0.007363980664412407,0.048954280203732055,798,817152,erdos_renyi,14,3,2,QTL schedule linear,sampled
1707,58,0.04205851413117339,10.8896484375,0.7259765625,1.0,1.0,15,0.033203125,76.51006711409396,0.007223013683777929,0.027654625304471384,812,831488,erdos_renyi,14,3,2,QTL schedule linear,sampled
1708,59,0.0466991039654891,10.8271484375,0.7218098958333333,1.0,1.0,15,0.0302734375,77.85234899328859,0.007086494455818977,0.037938221504687154,826,845824,erdos_renyi,14,3,2,QTL schedule linear,sampled
1709,60,0.045005272912401174,10.7607421875,0.7173828125,1.0,1.0,15,0.033203125,79.19463087248322,0.006954227266328384,0.04277848317485052,840,860160,erdos_renyi,14,3,2,QTL schedule linear,sampled
1710,61,0.04713338840507294,10.9033203125,0.7268880208333334,1.0,1.0,15,0.0234375,80.53691275167785,0.006826027454689172,0.02262263042393236,854,874496,erdos_renyi,14,3,2,QTL schedule linear,sampled
1711,62,0.0415870148251238,10.96875,0.73125,1.0,1.0,15,0.0419921875,81.87919463087249,0.00670172065174726,0.01591162360119497,868,888832,erdos_renyi,14,3,2,QTL schedule linear,sampled
1712,63,0.04614709463580076,10.8046875,0.7203125,1.0,1.0,15,0.0302734375,83.22147651006712,0.006581142079703536,0.013709437114287695,882,903168,erdos_renyi,14,3,2,QTL schedule linear,sampled
1713,64,0.042992825872989957,10.869140625,0.724609375,1.0,1.0,15,0.0302734375,84.56375838926175,0.006464135908212679,0.02270903269019214,896,917504,erdos_renyi,14,3,2,QTL schedule linear,sampled
1714,65,0.04034333199352806,10.798828125,0.719921875,1.0,1.0,15,0.0302734375,85.90604026845638,0.006350554661491919,0.0274867110248755,910,931840,erdos_renyi,14,3,2,QTL schedule linear,sampled
1715,66,0.03745527798161548,10.8203125,0.7213541666666666,1.0,1.0,15,0.021484375,87.24832214765101,0.006240258671786171,0.027478066069169863,924,946176,erdos_renyi,14,3,2,QTL schedule linear,sampled
1716,67,0.036051251962886104,10.875,0.725,1.0,1.0,15,0.0302734375,88.59060402684564,0.006133115575015717,0.020219100773700368,938,960512,erdos_renyi,14,3,2,QTL schedule linear,sampled
1717,68,0.04002170350882188,10.94140625,0.7294270833333333,1.0,1.0,15,0.0341796875,89.93288590604027,0.0060289998448575894,0.035790464032520605,952,974848,erdos_renyi,14,3,2,QTL schedule linear,sampled
1718,69,0.03867727126225422,10.7978515625,0.7198567708333333,1.0,1.0,15,0.025390625,91.2751677852349,0.005927792361888264,0.04116816452410362,966,989184,erdos_renyi,14,3,2,QTL schedule linear,sampled
1719,70,0.03925431927533866,11.0244140625,0.7349609375,1.0,1.0,15,0.0322265625,92.61744966442953,0.005829380014749861,0.02879730873793944,980,1003520,erdos_renyi,14,3,2,QTL schedule linear,sampled
1720,71,0.03624011291903646,10.9326171875,0.7288411458333334,1.0,1.0,15,0.03125,93.95973154362416,0.0057336553305995346,0.041060983770180456,994,1017856,erdos_renyi,14,3,2,QTL schedule linear,sampled
1721,72,0.03456260290387937,10.796875,0.7197916666666667,1.0,1.0,15,0.0244140625,95.30201342281879,0.005640516132366728,0.017640621533292076,1008,1032192,erdos_renyi,14,3,2,QTL schedule linear,sampled
1722,73,0.03554233835943145,10.8603515625,0.7240234375,1.0,1.0,15,0.0322265625,96.64429530201343,0.005549865220579608,0.027460781811158266,1022,1046528,erdos_renyi,14,3,2,QTL schedule linear,sampled
1723,74,0.03505545701204198,10.87890625,0.7252604166666666,1.0,1.0,15,0.03125,97.98657718120806,0.005461610077733163,0.025630183404920497,1036,1060864,erdos_renyi,14,3,2,QTL schedule linear,sampled
1724,75,0.03698195370737281,10.802734375,0.7201822916666667,1.0,1.0,15,0.0263671875,99.32885906040269,0.005375662593360643,0.011419042275019331,1050,1075200,erdos_renyi,14,3,2,QTL schedule linear,sampled
1725,76,0.03325633181362388,10.80078125,0.7200520833333334,1.0,1.0,15,0.0224609375,100.67114093959732,0.005291938808139466,0.020246270465546487,1064,1089536,erdos_renyi,14,3,2,QTL schedule linear,sampled
1726,77,0.03600874439928405,10.8525390625,0.7235026041666667,1.0,1.0,15,0.0302734375,102.01342281879195,0.005210358675514695,0.01750037435294099,1078,1103872,erdos_renyi,14,3,2,QTL schedule linear,sampled
1727,78,0.033234394310117724,10.9091796875,0.7272786458333333,1.0,1.0,15,0.0283203125,103.35570469798658,0.005130845839459923,0.012661939822628716,1092,1118208,erdos_renyi,14,3,2,QTL schedule linear,sampled
1728,79,0.0354600513544203,10.7734375,0.7182291666666667,1.0,1.0,15,0.021484375,104.69798657718121,0.005053327427118178,0.028490946333840136,1106,1132544,erdos_renyi,14,3,2,QTL schedule linear,sampled
1729,80,0.031572466911668234,10.9716796875,0.7314453125,1.0,1.0,15,0.029296875,106.04026845637584,0.004977733855176285,0.01957432015031827,1120,1146880,erdos_renyi,14,3,2,QTL schedule linear,sampled
1730,81,0.032274665594822456,10.9501953125,0.7300130208333333,1.0,1.0,15,0.037109375,107.38255033557047,0.004903998648925915,0.012997249997094734,1134,1161216,erdos_renyi,14,3,2,QTL schedule linear,sampled
1731,82,0.031876212933157975,10.9267578125,0.7284505208333333,1.0,1.0,15,0.0322265625,108.7248322147651,0.004832058273054724,0.019470643469224932,1148,1175552,erdos_renyi,14,3,2,QTL schedule linear,sampled
1732,83,0.032073834705283986,10.9619140625,0.7307942708333334,1.0,1.0,15,0.0341796875,110.06711409395973,0.004761851973292517,0.021732383295698564,1162,1189888,erdos_renyi,14,3,2,QTL schedule linear,sampled
1733,84,0.029565600074402835,10.8310546875,0.7220703125,1.0,1.0,15,0.02734375,111.40939597315436,0.0046933216281111224,0.012597406718222726,1176,1204224,erdos_renyi,14,3,2,QTL schedule linear,sampled
1734,85,0.029213628644945658,10.806640625,0.7204427083333333,1.0,1.0,15,0.0283203125,112.75167785234899,0.004626411609743518,0.03779270756257615,1190,1218560,erdos_renyi,14,3,2,QTL schedule linear,sampled
1735,86,0.030654423856825395,10.83203125,0.7221354166666667,1.0,1.0,15,0.0302734375,114.09395973154362,0.004561068653848384,0.013802672626208939,1204,1232896,erdos_renyi,14,3,2,QTL schedule linear,sampled
1736,87,0.029756376300919356,10.75390625,0.7169270833333333,1.0,1.0,15,0.0244140625,115.43624161073826,0.004497241737201306,0.02072429476550806,1218,1247232,erdos_renyi,14,3,2,QTL schedule linear,sampled
1737,88,0.030520817262432977,10.9365234375,0.7291015625,1.0,1.0,15,0.0263671875,116.7785234899329,0.004434881962843898,0.03779618883576167,1232,1261568,erdos_renyi,14,3,2,QTL schedule linear,sampled
1738,89,0.030173989793541696,10.916015625,0.727734375,1.0,1.0,15,0.0283203125,118.12080536912752,0.004373942452167657,0.019871253801185644,1246,1275904,erdos_renyi,14,3,2,QTL schedule linear,sampled
1739,90,0.02693635174693127,10.9599609375,0.7306640625,1.0,1.0,15,0.03515625,119.46308724832215,0.004314378243450824,0.017606284320147964,1260,1290240,erdos_renyi,14,3,2,QTL schedule linear,sampled
1740,91,0.029503456687018547,10.958984375,0.7305989583333333,1.0,1.0,15,0.033203125,120.80536912751678,0.004256146196404334,0.019888144405172132,1274,1304576,erdos_renyi,14,3,2,QTL schedule linear,sampled
1741,92,0.028121410570099613,10.908203125,0.7272135416666666,1.0,1.0,15,0.03125,122.14765100671141,0.004199204902317465,0.016050943002488507,1288,1318912,erdos_renyi,14,3,2,QTL schedule linear,sampled
1742,93,0.029746354068973784,10.8671875,0.7244791666666667,1.0,1.0,15,0.0283203125,123.48993288590604,0.00414351459942528,0.016236498776425006,1302,1333248,erdos_renyi,14,3,2,QTL schedule linear,sampled
1743,94,0.027516649052463062,10.8994140625,0.7266276041666667,1.0,1.0,15,0.033203125,124.83221476510067,0.004089037093148795,0.018560350875418002,1316,1347584,erdos_renyi,14,3,2,QTL schedule linear,sampled
1744,95,0.027467800506231876,10.8134765625,0.7208984375,1.0,1.0,15,0.021484375,126.1744966442953,0.004035735680885157,0.01711453598073223,1330,1361920,erdos_renyi,14,3,2,QTL schedule linear,sampled
1745,96,0.027427642398212194,10.8056640625,0.7203776041666666,1.0,1.0,15,0.02734375,127.51677852348993,0.003983575081049264,0.025284052957234772,1344,1376256,erdos_renyi,14,3,2,QTL schedule linear,sampled
1746,97,0.028214041979149663,10.8828125,0.7255208333333333,1.0,1.0,15,0.0302734375,128.85906040268455,0.003932521366090417,0.025929966342697255,1358,1390592,erdos_renyi,14,3,2,QTL schedule linear,sampled
1747,98,0.02711396335910605,10.892578125,0.726171875,1.0,1.0,15,0.0322265625,130.2013422818792,0.0038825418992278556,0.02390429022653717,1372,1404928,erdos_renyi,14,3,2,QTL schedule linear,sampled
1748,99,0.027095011243180298,10.8076171875,0.7205078125,1.0,1.0,15,0.02734375,131.54362416107384,0.003833605274667713,0.020572510904833075,1386,1419264,erdos_renyi,14,3,2,QTL schedule linear,sampled
1749,100,0.026080537854401984,10.9150390625,0.7276692708333333,1.0,1.0,15,0.0380859375,132.88590604026845,0.0037856812610810478,0.01213604835165146,1400,1433600,erdos_renyi,14,3,2,QTL schedule linear,sampled
1750,101,0.025590483618790644,10.791015625,0.7194010416666666,1.0,1.0,15,0.0322265625,134.2281879194631,0.0037387407481383446,0.013031262458777015,1414,1447936,erdos_renyi,14,3,2,QTL schedule linear,sampled
1751,102,0.02681730722770661,10.8212890625,0.7214192708333333,1.0,1.0,15,0.03125,135.5704697986577,0.0036927556959104172,0.018276878879510582,1428,1462272,erdos_renyi,14,3,2,QTL schedule linear,sampled
1752,103,0.023868559498088294,10.884765625,0.7256510416666667,1.0,1.0,15,0.03515625,136.91275167785236,0.0036476990869589586,0.01960818388444878,1442,1476608,erdos_renyi,14,3,2,QTL schedule linear,sampled
1753,104,0.02421577559244457,10.9072265625,0.7271484375,1.0,1.0,15,0.029296875,138.25503355704697,0.003603544880952324,0.009244705529966193,1456,1490944,erdos_renyi,14,3,2,QTL schedule linear,sampled
1754,105,0.024184732590019034,10.9736328125,0.7315755208333333,1.0,1.0,15,0.0380859375,139.59731543624162,0.00356026797165348,0.018059692264102,1470,1505280,erdos_renyi,14,3,2,QTL schedule linear,sampled
1755,106,0.022831764814065555,10.8798828125,0.7253255208333333,1.0,1.0,15,0.02734375,140.93959731543623,0.0035178441461375235,0.011425610797195205,1484,1519616,erdos_renyi,14,3,2,QTL schedule linear,sampled
1756,107,0.023150422699768258,10.833984375,0.722265625,1.0,1.0,15,0.02734375,142.28187919463087,0.0034762500461058684,0.014207357506323176,1498,1533952,erdos_renyi,14,3,2,QTL schedule linear,sampled
1757,108,0.026133611136096947,10.93359375,0.72890625,1.0,1.0,15,0.029296875,143.6241610738255,0.0034354631311731536,0.01613077913497746,1512,1548288,erdos_renyi,14,3,2,QTL schedule linear,sampled
1758,109,0.02533948679949619,10.9716796875,0.7314453125,1.0,1.0,15,0.0263671875,144.96644295302013,0.0033954616440111723,0.017827261152185813,1526,1562624,erdos_renyi,14,3,2,QTL schedule linear,sampled
1759,110,0.02762036271136651,10.7919921875,0.7194661458333333,1.0,1.0,15,0.0361328125,146.30872483221478,0.003356224577241832,0.018361133120981966,1540,1576960,erdos_renyi,14,3,2,QTL schedule linear,sampled
1760,111,0.023264076017082407,10.921875,0.728125,1.0,1.0,15,0.0234375,147.6510067114094,0.003317731641978208,0.010703049022718283,1554,1591296,erdos_renyi,14,3,2,QTL schedule linear,sampled
1761,112,0.022286600452717523,10.9169921875,0.7277994791666667,1.0,1.0,15,0.029296875,148.99328859060404,0.00327996323791936,0.015363325704259712,1568,1605632,erdos_renyi,14,3,2,QTL schedule linear,sampled
1762,113,0.022087612948675405,10.7685546875,0.7179036458333333,1.0,1.0,15,0.0283203125,150.33557046979865,0.0032429004249106643,0.008933445491256506,1582,1619968,erdos_renyi,14,3,2,QTL schedule linear,sampled
1763,114,0.02284932077509554,10.9697265625,0.7313151041666667,1.0,1.0,15,0.044921875,151.6778523489933,0.0032065248958870894,0.00884783767376844,1596,1634304,erdos_renyi,14,3,2,QTL schedule linear,sampled
1764,115,0.022856368665176832,11.0712890625,0.7380859375,1.0,1.0,15,0.03515625,153.0201342281879,0.0031708189511220775,0.012368309472120365,1610,1648640,erdos_renyi,14,3,2,QTL schedule linear,sampled
1765,116,0.023316992479052744,11.0205078125,0.7347005208333334,1.0,1.0,15,0.0361328125,154.36241610738256,0.0031357654737096076,0.018003687227750025,1624,1662976,erdos_renyi,14,3,2,QTL schedule linear,sampled
1766,117,0.021325971122859014,11.021484375,0.734765625,1.0,1.0,15,0.0400390625,155.70469798657717,0.003101347906211528,0.01037026557840378,1638,1677312,erdos_renyi,14,3,2,QTL schedule linear,sampled
1767,118,0.02269496668232196,10.91015625,0.72734375,1.0,1.0,15,0.0380859375,157.04697986577182,0.003067550228406479,0.02690806259448299,1652,1691648,erdos_renyi,14,3,2,QTL schedule linear,sampled
1768,119,0.023439694963091385,10.8642578125,0.7242838541666666,1.0,1.0,15,0.0283203125,158.38926174496643,0.003034356936080673,0.006930151980846061,1666,1705984,erdos_renyi,14,3,2,QTL schedule linear,sampled
1769,120,0.022533228025975342,10.873046875,0.7248697916666667,1.0,1.0,15,0.029296875,159.73154362416108,0.0030017530208044214,0.019710800599816405,1680,1720320,erdos_renyi,14,3,2,QTL schedule linear,sampled
1770,121,0.02356669420253647,10.6416015625,0.7094401041666667,1.0,1.0,15,0.0234375,161.0738255033557,0.002969723950641759,0.014061809921705018,1694,1734656,erdos_renyi,14,3,2,QTL schedule linear,sampled
1771,122,0.022617062597897423,11.0068359375,0.7337890625,1.0,1.0,15,0.0341796875,162.41610738255034,0.0029382556517436407,0.009730044566107529,1708,1748992,erdos_renyi,14,3,2,QTL schedule linear,sampled
1772,123,0.020444466278867136,10.837890625,0.7225260416666667,1.0,1.0,15,0.0302734375,163.75838926174498,0.0029073344907782042,0.01701695212711259,1722,1763328,erdos_renyi,14,3,2,QTL schedule linear,sampled
1773,124,0.02180044012269159,10.8935546875,0.7262369791666666,1.0,1.0,15,0.0341796875,165.1006711409396,0.002876947258154311,0.013624264141295235,1736,1777664,erdos_renyi,14,3,2,QTL schedule linear,sampled
1774,125,0.020822364899885454,10.8173828125,0.7211588541666667,1.0,1.0,15,0.0283203125,166.44295302013424,0.002847081151997206,0.025630506462842904,1750,1792000,erdos_renyi,14,3,2,QTL schedule linear,sampled
1775,126,0.020121697514895835,10.9697265625,0.7313151041666667,1.0,1.0,15,0.0380859375,167.78523489932886,0.0028177237628375213,0.010419337093094432,1764,1806336,erdos_renyi,14,3,2,QTL schedule linear,sampled
1776,127,0.020873447982803862,10.80078125,0.7200520833333334,1.0,1.0,15,0.0302734375,169.1275167785235,0.002788863058977109,0.013373034681519489,1778,1820672,erdos_renyi,14,3,2,QTL schedule linear,sampled
1777,128,0.022267742553577764,11.0,0.7333333333333333,1.0,1.0,15,0.0361328125,170.46979865771812,0.0027604873724973223,0.01590997496092176,1792,1835008,erdos_renyi,14,3,2,QTL schedule linear,sampled
1778,129,0.02017166599676403,10.8486328125,0.7232421875,1.0,1.0,15,0.0244140625,171.81208053691276,0.0027325853858773,0.025980782256838725,1806,1849344,erdos_renyi,14,3,2,QTL schedule linear,sampled
1779,130,0.019497768909782786,10.822265625,0.721484375,1.0,1.0,15,0.0185546875,173.15436241610738,0.0027051461191916998,0.011995738481599327,1820,1863680,erdos_renyi,14,3,2,QTL schedule linear,sampled
1780,131,0.02042547001408976,10.8349609375,0.7223307291666666,1.0,1.0,15,0.029296875,174.49664429530202,0.0026781589178590157,0.022420596047969563,1834,1878016,erdos_renyi,14,3,2,QTL schedule linear,sampled
1781,132,0.018440696960738245,10.9775390625,0.7318359375,1.0,1.0,15,0.0341796875,175.83892617449663,0.002651613440913272,0.008340527556408402,1848,1892352,erdos_renyi,14,3,2,QTL schedule linear,sampled
1782,133,0.02073230738140597,10.8037109375,0.7202473958333333,1.0,1.0,15,0.0224609375,177.18120805369128,0.0026254996497733856,0.01295586227872885,1862,1906688,erdos_renyi,14,3,2,QTL schedule linear,sampled
1783,134,0.01875357057159241,10.9501953125,0.7300130208333333,1.0,1.0,15,0.029296875,178.52348993288592,0.0025998077974859115,0.015274977220806426,1876,1921024,erdos_renyi,14,3,2,QTL schedule linear,sampled
1784,135,0.020640925415259574,10.8779296875,0.7251953125,1.0,1.0,15,0.0302734375,179.86577181208054,0.002574528418418251,0.0071053528528156355,1890,1935360,erdos_renyi,14,3,2,QTL schedule linear,sampled
1785,136,0.019125727759894785,10.89453125,0.7263020833333333,1.0,1.0,15,0.0380859375,181.20805369127518,0.0025496523183806126,0.012176666907278255,1904,1949696,erdos_renyi,14,3,2,QTL schedule linear,sampled
1786,137,0.01952434633699757,10.9541015625,0.7302734375,1.0,1.0,15,0.0283203125,182.5503355704698,0.0025251705651562484,0.004690041291066063,1918,1964032,erdos_renyi,14,3,2,QTL schedule linear,sampled
1787,138,0.01957265792037274,10.88671875,0.72578125,1.0,1.0,15,0.03125,183.89261744966444,0.0025010744794205417,0.012458604386075413,1932,1978368,erdos_renyi,14,3,2,QTL schedule linear,sampled
1788,139,0.018709951069462293,10.7734375,0.7182291666666667,1.0,1.0,15,0.0244140625,185.23489932885906,0.0024773556260306103,0.01185023002715831,1946,1992704,erdos_renyi,14,3,2,QTL schedule linear,sampled
1789,140,0.01809505172202863,10.904296875,0.726953125,1.0,1.0,15,0.0283203125,186.5771812080537,0.0024540058056680327,0.010501938886326981,1960,2007040,erdos_renyi,14,3,2,QTL schedule linear,sampled
1790,141,0.020684123421911733,10.8330078125,0.7222005208333333,1.0,1.0,15,0.041015625,187.91946308724832,0.0024310170468182482,0.010663623713126465,1974,2021376,erdos_renyi,14,3,2,QTL schedule linear,sampled
1791,142,0.01883199363001184,10.740234375,0.716015625,1.0,1.0,15,0.0302734375,189.26174496644293,0.0024083815980710335,0.01021952836478884,1988,2035712,erdos_renyi,14,3,2,QTL schedule linear,sampled
1792,143,0.017864844396708116,10.796875,0.7197916666666667,1.0,1.0,15,0.0224609375,190.60402684563758,0.0023860919207272877,0.015694680759537564,2002,2050048,erdos_renyi,14,3,2,QTL schedule linear,sampled
1793,144,0.01805575697612445,10.85546875,0.7236979166666667,1.0,1.0,15,0.0302734375,191.9463087248322,0.002364140681698105,0.009716664656447285,2016,2064384,erdos_renyi,14,3,2,QTL schedule linear,sampled
1794,145,0.01793036977490136,10.869140625,0.724609375,1.0,1.0,15,0.02734375,193.28859060402687,0.0023425207466828673,0.03039479375868417,2030,2078720,erdos_renyi,14,3,2,QTL schedule linear,sampled
1795,146,0.017806712052315835,10.931640625,0.7287760416666667,1.0,1.0,15,0.0380859375,194.63087248322148,0.0023212251736137402,0.007993397896401945,2044,2093056,erdos_renyi,14,3,2,QTL schedule linear,sampled
1796,147,0.01752772850602099,10.8720703125,0.7248046875,1.0,1.0,15,0.03125,195.97315436241612,0.002300247206354615,0.013893041179471722,2058,2107392,erdos_renyi,14,3,2,QTL schedule linear,sampled
1797,148,0.017110287002462445,10.8486328125,0.7232421875,1.0,1.0,15,0.02734375,197.31543624161074,0.0022795802686431527,0.008644497266990455,2072,2121728,erdos_renyi,14,3,2,QTL schedule linear,sampled
1798,149,0.017445765186390513,10.8232421875,0.7215494791666667,1.0,1.0,15,0.0283203125,198.65771812080538,0.0022592179582651365,0.006777733628778009,2086,2136064,erdos_renyi,14,3,2,QTL schedule linear,sampled
1799,150,0.01702555640491646,10.857421875,0.723828125,1.0,1.0,15,0.03515625,200.0,0.0022391540414509028,0.01524553389864964,2100,2150400,erdos_renyi,14,3,2,QTL schedule linear,sampled
