task_id,record_type,strategy,alpha,one_minus_alpha,alpha_start,alpha_end,schedule,graph_family,n,p,graph_seed,init_id,init_seed,device_seed,initial_parameters,final_parameters,final_cvar_loss,final_mean_ratio,tail_mean_ratio,peak_mean_ratio,best_ratio_so_far,final_optimal_mass,num_init_points,graph_count,mean_peak_ratio,sem_peak_ratio,mean_tail_ratio,sem_tail_ratio,mean_final_ratio,sem_final_ratio,mean_final_cvar_loss,sem_final_cvar_loss,mean_optimal_mass,method,parameter_name,fit_model,fit_formula,a0,a1,a2,a3,weighted_sse,peak_value,tail_value,experiment,shots,steps,number_of_initializations,alpha_grid,optimizer,paired_initial_parameters,paired_device_seeds,identical_optimizer_settings,initialization_base_seed,optimizer_tail_window,optimizer_learning_rate,optimizer_learning_rate_decay_power,optimizer_learning_rate_decay_offset,optimizer_momentum,optimizer_gradient_clip,optimizer_simulator,parameter_mapping,b0,b1,alpha_gamma_relation,peak_parameter,left_curvature,right_curvature,baseline_value
shots=5000|steps=100|sim=lightning.qubit|seed_pairing=common_v2|alpha_start=1|ascending|erdos_renyi|0|0.1|0,restart,ascending,0.1,0.9,1.0,0.1,linear_descending_alpha,erdos_renyi,8.0,2.0,0.0,0.0,20260726.0,730000.0,"[2.226844302927403, 2.7300075029351913, 1.8397074133679914, 2.174662247612199]","[2.0819816207259336, 3.0762425760088905, 1.5884856128202784, 2.447205619657689]",0.7579999999999997,0.6154000000000001,0.61532,0.6263428571428572,1.0,0.0242,,,,,,,,,,,,,,,,,,,,,,,finite_shot_qaoa_maxcut_cvar,5000,100,5,"[0.1, 0.2, 0.35, 0.5, 0.65, 0.8, 1.0]",Polyak momentum gradient descent,True,True,True,20260726,10,0.18,0.35,6.0,0.7,2.5,lightning.qubit,,,,,,,,
shots=5000|steps=100|sim=lightning.qubit|seed_pairing=common_v2|alpha_start=1|ascending|erdos_renyi|0|0.1|1,restart,ascending,0.1,0.9,1.0,0.1,linear_descending_alpha,erdos_renyi,8.0,2.0,0.0,1.0,20260727.0,730001.0,"[0.4756712476396966, 3.0965837239683074, 2.646028416497059, 1.5012931115137529]","[0.3784248015855711, 3.040800052220348, 2.124190601530943, 2.2010687273156275]",0.0,0.8488285714285714,0.8507428571428571,0.8534857142857143,1.0,0.2988,,,,,,,,,,,,,,,,,,,,,,,finite_shot_qaoa_maxcut_cvar,5000,100,5,"[0.1, 0.2, 0.35, 0.5, 0.65, 0.8, 1.0]",Polyak momentum gradient descent,True,True,True,20260726,10,0.18,0.35,6.0,0.7,2.5,lightning.qubit,,,,,,,,
shots=5000|steps=100|sim=lightning.qubit|seed_pairing=common_v2|alpha_start=1|ascending|erdos_renyi|0|0.1|2,restart,ascending,0.1,0.9,1.0,0.1,linear_descending_alpha,erdos_renyi,8.0,2.0,0.0,2.0,20260728.0,730002.0,"[1.9093349559311228, 0.014936831693126611, 0.4604455897891393, 2.9643566316254946]","[2.008089409213693, 0.03623428099366571, 0.789716357111993, 3.2576615950881043]",0.7339999999999998,0.6171142857142858,0.6137885714285715,0.6232857142857142,1.0,0.0266,,,,,,,,,,,,,,,,,,,,,,,finite_shot_qaoa_maxcut_cvar,5000,100,5,"[0.1, 0.2, 0.35, 0.5, 0.65, 0.8, 1.0]",Polyak momentum gradient descent,True,True,True,20260726,10,0.18,0.35,6.0,0.7,2.5,lightning.qubit,,,,,,,,
shots=5000|steps=100|sim=lightning.qubit|seed_pairing=common_v2|alpha_start=1|ascending|erdos_renyi|0|0.1|3,restart,ascending,0.1,0.9,1.0,0.1,linear_descending_alpha,erdos_renyi,8.0,2.0,0.0,3.0,20260729.0,730003.0,"[0.09601236448568767, 0.01368452041539864, 2.124727888032644, 0.7164215210760676]","[0.5299541172654968, 6.072683716568252, 1.8612653429561008, 0.950509456701169]",0.0,0.8663714285714287,0.8703457142857143,0.8769428571428571,1.0,0.3103999999999999,,,,,,,,,,,,,,,,,,,,,,,finite_shot_qaoa_maxcut_cvar,5000,100,5,"[0.1, 0.2, 0.35, 0.5, 0.65, 0.8, 1.0]",Polyak momentum gradient descent,True,True,True,20260726,10,0.18,0.35,6.0,0.7,2.5,lightning.qubit,,,,,,,,
shots=5000|steps=100|sim=lightning.qubit|seed_pairing=common_v2|alpha_start=1|ascending|erdos_renyi|0|0.1|4,restart,ascending,0.1,0.9,1.0,0.1,linear_descending_alpha,erdos_renyi,8.0,2.0,0.0,4.0,20260730.0,730004.0,"[3.0741951881358056, 2.9261393128026922, 2.13612737908406, 0.2423724789360562]","[2.8795206585172752, 2.5417174751119416, 2.0464892484978425, 0.21120192267144478]",0.0,0.8806285714285715,0.8837399999999999,0.8878285714285715,1.0,0.3614,,,,,,,,,,,,,,,,,,,,,,,finite_shot_qaoa_maxcut_cvar,5000,100,5,"[0.1, 0.2, 0.35, 0.5, 0.65, 0.8, 1.0]",Polyak momentum gradient descent,True,True,True,20260726,10,0.18,0.35,6.0,0.7,2.5,lightning.qubit,,,,,,,,
shots=5000|steps=100|sim=lightning.qubit|seed_pairing=common_v2|alpha_start=1|ascending|erdos_renyi|0|0.2|0,restart,ascending,0.2,0.8,1.0,0.2,linear_descending_alpha,erdos_renyi,8.0,2.0,0.0,0.0,20260726.0,730100.0,"[2.226844302927403, 2.7300075029351913, 1.8397074133679914, 2.174662247612199]","[2.1604827657835344, 2.998060376277629, 1.5917302556800537, 2.4584708089882508]",1.083,0.6171142857142857,0.6157285714285714,0.6242571428571428,1.0,0.0232,,,,,,,,,,,,,,,,,,,,,,,finite_shot_qaoa_maxcut_cvar,5000,100,5,"[0.1, 0.2, 0.35, 0.5, 0.65, 0.8, 1.0]",Polyak momentum gradient descent,True,True,True,20260726,10,0.18,0.35,6.0,0.7,2.5,lightning.qubit,,,,,,,,
shots=5000|steps=100|sim=lightning.qubit|seed_pairing=common_v2|alpha_start=1|ascending|erdos_renyi|0|0.2|1,restart,ascending,0.2,0.8,1.0,0.2,linear_descending_alpha,erdos_renyi,8.0,2.0,0.0,1.0,20260727.0,730101.0,"[0.4756712476396966, 3.0965837239683074, 2.646028416497059, 1.5012931115137529]","[0.39392572413287635, 3.0249920540098527, 2.1164757998954395, 2.2070956444521985]",0.0,0.8522857142857144,0.8535628571428573,0.8576857142857143,1.0,0.3176,,,,,,,,,,,,,,,,,,,,,,,finite_shot_qaoa_maxcut_cvar,5000,100,5,"[0.1, 0.2, 0.35, 0.5, 0.65, 0.8, 1.0]",Polyak momentum gradient descent,True,True,True,20260726,10,0.18,0.35,6.0,0.7,2.5,lightning.qubit,,,,,,,,
shots=5000|steps=100|sim=lightning.qubit|seed_pairing=common_v2|alpha_start=1|ascending|erdos_renyi|0|0.2|2,restart,ascending,0.2,0.8,1.0,0.2,linear_descending_alpha,erdos_renyi,8.0,2.0,0.0,2.0,20260728.0,730102.0,"[1.9093349559311228, 0.014936831693126611, 0.4604455897891393, 2.9643566316254946]","[2.0253714177170146, 0.011418230081178458, 0.8155314932255244, 3.2428624414454985]",1.0679999999999998,0.6173142857142857,0.6159885714285714,0.6234285714285716,1.0,0.0268,,,,,,,,,,,,,,,,,,,,,,,finite_shot_qaoa_maxcut_cvar,5000,100,5,"[0.1, 0.2, 0.35, 0.5, 0.65, 0.8, 1.0]",Polyak momentum gradient descent,True,True,True,20260726,10,0.18,0.35,6.0,0.7,2.5,lightning.qubit,,,,,,,,
shots=5000|steps=100|sim=lightning.qubit|seed_pairing=common_v2|alpha_start=1|ascending|erdos_renyi|0|0.2|3,restart,ascending,0.2,0.8,1.0,0.2,linear_descending_alpha,erdos_renyi,8.0,2.0,0.0,3.0,20260729.0,730103.0,"[0.09601236448568767, 0.01368452041539864, 2.124727888032644, 0.7164215210760676]","[0.546528202424486, 6.0511306773506615, 1.8669011565877192, 0.9396726961758524]",0.0,0.8738857142857144,0.8747485714285714,0.8797428571428572,1.0,0.3434,,,,,,,,,,,,,,,,,,,,,,,finite_shot_qaoa_maxcut_cvar,5000,100,5,"[0.1, 0.2, 0.35, 0.5, 0.65, 0.8, 1.0]",Polyak momentum gradient descent,True,True,True,20260726,10,0.18,0.35,6.0,0.7,2.5,lightning.qubit,,,,,,,,
shots=5000|steps=100|sim=lightning.qubit|seed_pairing=common_v2|alpha_start=1|ascending|erdos_renyi|0|0.2|4,restart,ascending,0.2,0.8,1.0,0.2,linear_descending_alpha,erdos_renyi,8.0,2.0,0.0,4.0,20260730.0,730104.0,"[3.0741951881358056, 2.9261393128026922, 2.13612737908406, 0.2423724789360562]","[2.858014173686016, 2.515327965584028, 2.0772447072305473, 0.22626891792675596]",0.0,0.8831142857142857,0.8829685714285714,0.8896571428571429,1.0,0.3878,,,,,,,,,,,,,,,,,,,,,,,finite_shot_qaoa_maxcut_cvar,5000,100,5,"[0.1, 0.2, 0.35, 0.5, 0.65, 0.8, 1.0]",Polyak momentum gradient descent,True,True,True,20260726,10,0.18,0.35,6.0,0.7,2.5,lightning.qubit,,,,,,,,
shots=5000|steps=100|sim=lightning.qubit|seed_pairing=common_v2|alpha_start=1|ascending|erdos_renyi|0|0.35|0,restart,ascending,0.35,0.65,1.0,0.35,linear_descending_alpha,erdos_renyi,8.0,2.0,0.0,0.0,20260726.0,730200.0,"[2.226844302927403, 2.7300075029351913, 1.8397074133679914, 2.174662247612199]","[2.149505367467083, 3.007381478893624, 1.6060939698023262, 2.4188826255587146]",1.4914285714285715,0.6116285714285714,0.6155314285714286,0.6256,1.0,0.023,,,,,,,,,,,,,,,,,,,,,,,finite_shot_qaoa_maxcut_cvar,5000,100,5,"[0.1, 0.2, 0.35, 0.5, 0.65, 0.8, 1.0]",Polyak momentum gradient descent,True,True,True,20260726,10,0.18,0.35,6.0,0.7,2.5,lightning.qubit,,,,,,,,
shots=5000|steps=100|sim=lightning.qubit|seed_pairing=common_v2|alpha_start=1|ascending|erdos_renyi|0|0.35|1,restart,ascending,0.35,0.65,1.0,0.35,linear_descending_alpha,erdos_renyi,8.0,2.0,0.0,1.0,20260727.0,730201.0,"[0.4756712476396966, 3.0965837239683074, 2.646028416497059, 1.5012931115137529]","[0.5660269553164138, 2.884364191556089, 1.947286384635613, 2.4180542391637356]",0.0,0.8783428571428571,0.87346,0.8783428571428571,1.0,0.3912,,,,,,,,,,,,,,,,,,,,,,,finite_shot_qaoa_maxcut_cvar,5000,100,5,"[0.1, 0.2, 0.35, 0.5, 0.65, 0.8, 1.0]",Polyak momentum gradient descent,True,True,True,20260726,10,0.18,0.35,6.0,0.7,2.5,lightning.qubit,,,,,,,,
shots=5000|steps=100|sim=lightning.qubit|seed_pairing=common_v2|alpha_start=1|ascending|erdos_renyi|0|0.35|2,restart,ascending,0.35,0.65,1.0,0.35,linear_descending_alpha,erdos_renyi,8.0,2.0,0.0,2.0,20260728.0,730202.0,"[1.9093349559311228, 0.014936831693126611, 0.4604455897891393, 2.9643566316254946]","[2.0213358679306572, 6.282152729794906, 0.7905045822256166, 3.2683148870637018]",1.4588571428571429,0.6178571428571429,0.61604,0.6246571428571429,1.0,0.0261999999999999,,,,,,,,,,,,,,,,,,,,,,,finite_shot_qaoa_maxcut_cvar,5000,100,5,"[0.1, 0.2, 0.35, 0.5, 0.65, 0.8, 1.0]",Polyak momentum gradient descent,True,True,True,20260726,10,0.18,0.35,6.0,0.7,2.5,lightning.qubit,,,,,,,,
shots=5000|steps=100|sim=lightning.qubit|seed_pairing=common_v2|alpha_start=1|ascending|erdos_renyi|0|0.35|3,restart,ascending,0.35,0.65,1.0,0.35,linear_descending_alpha,erdos_renyi,8.0,2.0,0.0,3.0,20260729.0,730203.0,"[0.09601236448568767, 0.01368452041539864, 2.124727888032644, 0.7164215210760676]","[0.5893131908823713, 5.980894078869724, 1.9017399016196275, 0.8704722011752161]",0.0,0.8735428571428573,0.8709657142857143,0.8801428571428572,1.0,0.3798,,,,,,,,,,,,,,,,,,,,,,,finite_shot_qaoa_maxcut_cvar,5000,100,5,"[0.1, 0.2, 0.35, 0.5, 0.65, 0.8, 1.0]",Polyak momentum gradient descent,True,True,True,20260726,10,0.18,0.35,6.0,0.7,2.5,lightning.qubit,,,,,,,,
shots=5000|steps=100|sim=lightning.qubit|seed_pairing=common_v2|alpha_start=1|ascending|erdos_renyi|0|0.35|4,restart,ascending,0.35,0.65,1.0,0.35,linear_descending_alpha,erdos_renyi,8.0,2.0,0.0,4.0,20260730.0,730204.0,"[3.0741951881358056, 2.9261393128026922, 2.13612737908406, 0.2423724789360562]","[2.8460680298155245, 2.488224318487705, 2.0986302622552415, 0.24453894933091214]",0.0,0.8724857142857143,0.8779085714285715,0.8890000000000001,1.0,0.3858,,,,,,,,,,,,,,,,,,,,,,,finite_shot_qaoa_maxcut_cvar,5000,100,5,"[0.1, 0.2, 0.35, 0.5, 0.65, 0.8, 1.0]",Polyak momentum gradient descent,True,True,True,20260726,10,0.18,0.35,6.0,0.7,2.5,lightning.qubit,,,,,,,,
shots=5000|steps=100|sim=lightning.qubit|seed_pairing=common_v2|alpha_start=1|ascending|erdos_renyi|0|0.5|0,restart,ascending,0.5,0.5,1.0,0.5,linear_descending_alpha,erdos_renyi,8.0,2.0,0.0,0.0,20260726.0,730300.0,"[2.226844302927403, 2.7300075029351913, 1.8397074133679914, 2.174662247612199]","[2.1963193332648134, 2.9681905475322963, 1.6433957363475444, 2.4565137208099834]",1.7032000000000012,0.6182285714285715,0.6189571428571429,0.6251714285714286,1.0,0.0243999999999999,,,,,,,,,,,,,,,,,,,,,,,finite_shot_qaoa_maxcut_cvar,5000,100,5,"[0.1, 0.2, 0.35, 0.5, 0.65, 0.8, 1.0]",Polyak momentum gradient descent,True,True,True,20260726,10,0.18,0.35,6.0,0.7,2.5,lightning.qubit,,,,,,,,
shots=5000|steps=100|sim=lightning.qubit|seed_pairing=common_v2|alpha_start=1|ascending|erdos_renyi|0|0.5|1,restart,ascending,0.5,0.5,1.0,0.5,linear_descending_alpha,erdos_renyi,8.0,2.0,0.0,1.0,20260727.0,730301.0,"[0.4756712476396966, 3.0965837239683074, 2.646028416497059, 1.5012931115137529]","[0.4873874047752796, 2.921998169527767, 2.0512801145283768, 2.2876448892662964]",0.2351999999999998,0.8644000000000001,0.8569428571428572,0.8644000000000001,1.0,0.3824,,,,,,,,,,,,,,,,,,,,,,,finite_shot_qaoa_maxcut_cvar,5000,100,5,"[0.1, 0.2, 0.35, 0.5, 0.65, 0.8, 1.0]",Polyak momentum gradient descent,True,True,True,20260726,10,0.18,0.35,6.0,0.7,2.5,lightning.qubit,,,,,,,,
shots=5000|steps=100|sim=lightning.qubit|seed_pairing=common_v2|alpha_start=1|ascending|erdos_renyi|0|0.5|2,restart,ascending,0.5,0.5,1.0,0.5,linear_descending_alpha,erdos_renyi,8.0,2.0,0.0,2.0,20260728.0,730302.0,"[1.9093349559311228, 0.014936831693126611, 0.4604455897891393, 2.9643566316254946]","[2.0307353315790464, 6.223914096744187, 0.7750325041421062, 3.3022657723388846]",1.6899999999999995,0.6210857142857142,0.6169142857142857,0.6261714285714286,1.0,0.0216,,,,,,,,,,,,,,,,,,,,,,,finite_shot_qaoa_maxcut_cvar,5000,100,5,"[0.1, 0.2, 0.35, 0.5, 0.65, 0.8, 1.0]",Polyak momentum gradient descent,True,True,True,20260726,10,0.18,0.35,6.0,0.7,2.5,lightning.qubit,,,,,,,,
shots=5000|steps=100|sim=lightning.qubit|seed_pairing=common_v2|alpha_start=1|ascending|erdos_renyi|0|0.5|3,restart,ascending,0.5,0.5,1.0,0.5,linear_descending_alpha,erdos_renyi,8.0,2.0,0.0,3.0,20260729.0,730303.0,"[0.09601236448568767, 0.01368452041539864, 2.124727888032644, 0.7164215210760676]","[0.6152665782877788, 5.9770711944751485, 1.9544546664274745, 0.86136369907445]",0.2060000000000001,0.8680285714285713,0.8704085714285714,0.8808571428571429,1.0,0.397,,,,,,,,,,,,,,,,,,,,,,,finite_shot_qaoa_maxcut_cvar,5000,100,5,"[0.1, 0.2, 0.35, 0.5, 0.65, 0.8, 1.0]",Polyak momentum gradient descent,True,True,True,20260726,10,0.18,0.35,6.0,0.7,2.5,lightning.qubit,,,,,,,,
shots=5000|steps=100|sim=lightning.qubit|seed_pairing=common_v2|alpha_start=1|ascending|erdos_renyi|0|0.5|4,restart,ascending,0.5,0.5,1.0,0.5,linear_descending_alpha,erdos_renyi,8.0,2.0,0.0,4.0,20260730.0,730304.0,"[3.0741951881358056, 2.9261393128026922, 2.13612737908406, 0.2423724789360562]","[2.804393022421908, 2.506856339919596, 2.0917331575440214, 0.2968781520286627]",0.118,0.8815999999999999,0.8804542857142857,0.8902571428571429,1.0,0.441,,,,,,,,,,,,,,,,,,,,,,,finite_shot_qaoa_maxcut_cvar,5000,100,5,"[0.1, 0.2, 0.35, 0.5, 0.65, 0.8, 1.0]",Polyak momentum gradient descent,True,True,True,20260726,10,0.18,0.35,6.0,0.7,2.5,lightning.qubit,,,,,,,,
shots=5000|steps=100|sim=lightning.qubit|seed_pairing=common_v2|alpha_start=1|ascending|erdos_renyi|0|0.65|0,restart,ascending,0.65,0.35,1.0,0.65,linear_descending_alpha,erdos_renyi,8.0,2.0,0.0,0.0,20260726.0,730400.0,"[2.226844302927403, 2.7300075029351913, 1.8397074133679914, 2.174662247612199]","[2.232075679731367, 2.9401951567707885, 1.653890544666834, 2.456595722730689]",1.9935384615384613,0.6189428571428571,0.6185085714285713,0.6251714285714286,1.0,0.0223999999999999,,,,,,,,,,,,,,,,,,,,,,,finite_shot_qaoa_maxcut_cvar,5000,100,5,"[0.1, 0.2, 0.35, 0.5, 0.65, 0.8, 1.0]",Polyak momentum gradient descent,True,True,True,20260726,10,0.18,0.35,6.0,0.7,2.5,lightning.qubit,,,,,,,,
shots=5000|steps=100|sim=lightning.qubit|seed_pairing=common_v2|alpha_start=1|ascending|erdos_renyi|0|0.65|1,restart,ascending,0.65,0.35,1.0,0.65,linear_descending_alpha,erdos_renyi,8.0,2.0,0.0,1.0,20260727.0,730401.0,"[0.4756712476396966, 3.0965837239683074, 2.646028416497059, 1.5012931115137529]","[0.5610517576118231, 2.8715014242652814, 1.9958170861523008, 2.3728690769517233]",0.392,0.8697428571428573,0.8675,0.8704571428571428,1.0,0.3952,,,,,,,,,,,,,,,,,,,,,,,finite_shot_qaoa_maxcut_cvar,5000,100,5,"[0.1, 0.2, 0.35, 0.5, 0.65, 0.8, 1.0]",Polyak momentum gradient descent,True,True,True,20260726,10,0.18,0.35,6.0,0.7,2.5,lightning.qubit,,,,,,,,
shots=5000|steps=100|sim=lightning.qubit|seed_pairing=common_v2|alpha_start=1|ascending|erdos_renyi|0|0.65|2,restart,ascending,0.65,0.35,1.0,0.65,linear_descending_alpha,erdos_renyi,8.0,2.0,0.0,2.0,20260728.0,730402.0,"[1.9093349559311228, 0.014936831693126611, 0.4604455897891393, 2.9643566316254946]","[2.044472105490415, 6.23332626215687, 0.7308390457729781, 3.3556997008742333]",2.0230769230769234,0.6171142857142858,0.6178971428571428,0.6225142857142857,1.0,0.0249999999999999,,,,,,,,,,,,,,,,,,,,,,,finite_shot_qaoa_maxcut_cvar,5000,100,5,"[0.1, 0.2, 0.35, 0.5, 0.65, 0.8, 1.0]",Polyak momentum gradient descent,True,True,True,20260726,10,0.18,0.35,6.0,0.7,2.5,lightning.qubit,,,,,,,,
shots=5000|steps=100|sim=lightning.qubit|seed_pairing=common_v2|alpha_start=1|ascending|erdos_renyi|0|0.65|3,restart,ascending,0.65,0.35,1.0,0.65,linear_descending_alpha,erdos_renyi,8.0,2.0,0.0,3.0,20260729.0,730403.0,"[0.09601236448568767, 0.01368452041539864, 2.124727888032644, 0.7164215210760676]","[0.6204163746381373, 5.973255499444934, 1.958308506354433, 0.8664352212455894]",0.4015384615384611,0.8702857142857143,0.869737142857143,0.8798,1.0,0.389,,,,,,,,,,,,,,,,,,,,,,,finite_shot_qaoa_maxcut_cvar,5000,100,5,"[0.1, 0.2, 0.35, 0.5, 0.65, 0.8, 1.0]",Polyak momentum gradient descent,True,True,True,20260726,10,0.18,0.35,6.0,0.7,2.5,lightning.qubit,,,,,,,,
shots=5000|steps=100|sim=lightning.qubit|seed_pairing=common_v2|alpha_start=1|ascending|erdos_renyi|0|0.65|4,restart,ascending,0.65,0.35,1.0,0.65,linear_descending_alpha,erdos_renyi,8.0,2.0,0.0,4.0,20260730.0,730404.0,"[3.0741951881358056, 2.9261393128026922, 2.13612737908406, 0.2423724789360562]","[2.806127585639675, 2.5047020789176235, 2.093752456553884, 0.2974512593618002]",0.3390769230769231,0.8787714285714286,0.8792342857142857,0.8898285714285714,1.0,0.4296,,,,,,,,,,,,,,,,,,,,,,,finite_shot_qaoa_maxcut_cvar,5000,100,5,"[0.1, 0.2, 0.35, 0.5, 0.65, 0.8, 1.0]",Polyak momentum gradient descent,True,True,True,20260726,10,0.18,0.35,6.0,0.7,2.5,lightning.qubit,,,,,,,,
shots=5000|steps=100|sim=lightning.qubit|seed_pairing=common_v2|alpha_start=1|ascending|erdos_renyi|0|0.8|0,restart,ascending,0.8,0.1999999999999999,1.0,0.8,linear_descending_alpha,erdos_renyi,8.0,2.0,0.0,0.0,20260726.0,730500.0,"[2.226844302927403, 2.7300075029351913, 1.8397074133679914, 2.174662247612199]","[2.2590879193909252, 2.923376562712082, 1.6868089991421296, 2.459162401746242]",2.19925,0.6209428571428572,0.618517142857143,0.6256,1.0,0.0209999999999999,,,,,,,,,,,,,,,,,,,,,,,finite_shot_qaoa_maxcut_cvar,5000,100,5,"[0.1, 0.2, 0.35, 0.5, 0.65, 0.8, 1.0]",Polyak momentum gradient descent,True,True,True,20260726,10,0.18,0.35,6.0,0.7,2.5,lightning.qubit,,,,,,,,
shots=5000|steps=100|sim=lightning.qubit|seed_pairing=common_v2|alpha_start=1|ascending|erdos_renyi|0|0.8|1,restart,ascending,0.8,0.1999999999999999,1.0,0.8,linear_descending_alpha,erdos_renyi,8.0,2.0,0.0,1.0,20260727.0,730501.0,"[0.4756712476396966, 3.0965837239683074, 2.646028416497059, 1.5012931115137529]","[0.532624733740487, 2.9004049404429955, 2.0078284987456056, 2.3458023417767184]",0.5290000000000002,0.8669428571428571,0.86776,0.8735142857142858,1.0,0.3767999999999999,,,,,,,,,,,,,,,,,,,,,,,finite_shot_qaoa_maxcut_cvar,5000,100,5,"[0.1, 0.2, 0.35, 0.5, 0.65, 0.8, 1.0]",Polyak momentum gradient descent,True,True,True,20260726,10,0.18,0.35,6.0,0.7,2.5,lightning.qubit,,,,,,,,
shots=5000|steps=100|sim=lightning.qubit|seed_pairing=common_v2|alpha_start=1|ascending|erdos_renyi|0|0.8|2,restart,ascending,0.8,0.1999999999999999,1.0,0.8,linear_descending_alpha,erdos_renyi,8.0,2.0,0.0,2.0,20260728.0,730502.0,"[1.9093349559311228, 0.014936831693126611, 0.4604455897891393, 2.9643566316254946]","[2.0272948694876423, 6.12894807819854, 0.8341210664471808, 3.3044118773408346]",2.235250000000002,0.6166,0.6186428571428572,0.6234857142857144,1.0,0.0194,,,,,,,,,,,,,,,,,,,,,,,finite_shot_qaoa_maxcut_cvar,5000,100,5,"[0.1, 0.2, 0.35, 0.5, 0.65, 0.8, 1.0]",Polyak momentum gradient descent,True,True,True,20260726,10,0.18,0.35,6.0,0.7,2.5,lightning.qubit,,,,,,,,
shots=5000|steps=100|sim=lightning.qubit|seed_pairing=common_v2|alpha_start=1|ascending|erdos_renyi|0|0.8|3,restart,ascending,0.8,0.1999999999999999,1.0,0.8,linear_descending_alpha,erdos_renyi,8.0,2.0,0.0,3.0,20260729.0,730503.0,"[0.09601236448568767, 0.01368452041539864, 2.124727888032644, 0.7164215210760676]","[0.614398364520692, 5.982866838793521, 1.949361395199059, 0.8655455982967951]",0.4975000000000002,0.8719428571428571,0.8736914285714287,0.8804000000000001,1.0,0.402,,,,,,,,,,,,,,,,,,,,,,,finite_shot_qaoa_maxcut_cvar,5000,100,5,"[0.1, 0.2, 0.35, 0.5, 0.65, 0.8, 1.0]",Polyak momentum gradient descent,True,True,True,20260726,10,0.18,0.35,6.0,0.7,2.5,lightning.qubit,,,,,,,,
shots=5000|steps=100|sim=lightning.qubit|seed_pairing=common_v2|alpha_start=1|ascending|erdos_renyi|0|0.8|4,restart,ascending,0.8,0.1999999999999999,1.0,0.8,linear_descending_alpha,erdos_renyi,8.0,2.0,0.0,4.0,20260730.0,730504.0,"[3.0741951881358056, 2.9261393128026922, 2.13612737908406, 0.2423724789360562]","[2.806008722264892, 2.5001151621161366, 2.094588145581366, 0.29569073026386394]",0.4835,0.8735714285714286,0.8785885714285714,0.8922571428571429,1.0,0.4132,,,,,,,,,,,,,,,,,,,,,,,finite_shot_qaoa_maxcut_cvar,5000,100,5,"[0.1, 0.2, 0.35, 0.5, 0.65, 0.8, 1.0]",Polyak momentum gradient descent,True,True,True,20260726,10,0.18,0.35,6.0,0.7,2.5,lightning.qubit,,,,,,,,
shots=5000|steps=100|sim=lightning.qubit|seed_pairing=common_v2|alpha_start=1|ascending|erdos_renyi|0|1|0,restart,ascending,1.0,0.0,1.0,1.0,linear_descending_alpha,erdos_renyi,8.0,2.0,0.0,0.0,20260726.0,730600.0,"[2.226844302927403, 2.7300075029351913, 1.8397074133679914, 2.174662247612199]","[2.2922739894773163, 2.8870846891477524, 1.744181387989747, 2.5121770346902337]",2.6758,0.6177428571428571,0.6201514285714286,0.625057142857143,1.0,0.0202,,,,,,,,,,,,,,,,,,,,,,,finite_shot_qaoa_maxcut_cvar,5000,100,5,"[0.1, 0.2, 0.35, 0.5, 0.65, 0.8, 1.0]",Polyak momentum gradient descent,True,True,True,20260726,10,0.18,0.35,6.0,0.7,2.5,lightning.qubit,,,,,,,,
shots=5000|steps=100|sim=lightning.qubit|seed_pairing=common_v2|alpha_start=1|ascending|erdos_renyi|0|1|1,restart,ascending,1.0,0.0,1.0,1.0,linear_descending_alpha,erdos_renyi,8.0,2.0,0.0,1.0,20260727.0,730601.0,"[0.4756712476396966, 3.0965837239683074, 2.646028416497059, 1.5012931115137529]","[0.5611823478089114, 2.888248351169364, 1.9283474040161723, 2.449486916763248]",0.8548,0.8778857142857144,0.8773171428571429,0.8796571428571429,1.0,0.3748,,,,,,,,,,,,,,,,,,,,,,,finite_shot_qaoa_maxcut_cvar,5000,100,5,"[0.1, 0.2, 0.35, 0.5, 0.65, 0.8, 1.0]",Polyak momentum gradient descent,True,True,True,20260726,10,0.18,0.35,6.0,0.7,2.5,lightning.qubit,,,,,,,,
shots=5000|steps=100|sim=lightning.qubit|seed_pairing=common_v2|alpha_start=1|ascending|erdos_renyi|0|1|2,restart,ascending,1.0,0.0,1.0,1.0,linear_descending_alpha,erdos_renyi,8.0,2.0,0.0,2.0,20260728.0,730602.0,"[1.9093349559311228, 0.014936831693126611, 0.4604455897891393, 2.9643566316254946]","[2.0427888340133022, 6.174599998836267, 0.8100665370073648, 3.323286894838703]",2.6776,0.6174857142857143,0.6179028571428573,0.6243428571428572,1.0,0.0193999999999999,,,,,,,,,,,,,,,,,,,,,,,finite_shot_qaoa_maxcut_cvar,5000,100,5,"[0.1, 0.2, 0.35, 0.5, 0.65, 0.8, 1.0]",Polyak momentum gradient descent,True,True,True,20260726,10,0.18,0.35,6.0,0.7,2.5,lightning.qubit,,,,,,,,
shots=5000|steps=100|sim=lightning.qubit|seed_pairing=common_v2|alpha_start=1|ascending|erdos_renyi|0|1|3,restart,ascending,1.0,0.0,1.0,1.0,linear_descending_alpha,erdos_renyi,8.0,2.0,0.0,3.0,20260729.0,730603.0,"[0.09601236448568767, 0.01368452041539864, 2.124727888032644, 0.7164215210760676]","[0.5735789809776218, 6.025935871055255, 1.9202165947017371, 0.8917838512142561]",0.8394,0.8800857142857144,0.8768857142857144,0.8813714285714287,1.0,0.3883999999999999,,,,,,,,,,,,,,,,,,,,,,,finite_shot_qaoa_maxcut_cvar,5000,100,5,"[0.1, 0.2, 0.35, 0.5, 0.65, 0.8, 1.0]",Polyak momentum gradient descent,True,True,True,20260726,10,0.18,0.35,6.0,0.7,2.5,lightning.qubit,,,,,,,,
shots=5000|steps=100|sim=lightning.qubit|seed_pairing=common_v2|alpha_start=1|ascending|erdos_renyi|0|1|4,restart,ascending,1.0,0.0,1.0,1.0,linear_descending_alpha,erdos_renyi,8.0,2.0,0.0,4.0,20260730.0,730604.0,"[3.0741951881358056, 2.9261393128026922, 2.13612737908406, 0.2423724789360562]","[2.8465765824348312, 2.5689596206352046, 2.0479164751059518, 0.2522746176822176]",0.7672,0.8904,0.8889571428571429,0.8939714285714285,1.0,0.4216,,,,,,,,,,,,,,,,,,,,,,,finite_shot_qaoa_maxcut_cvar,5000,100,5,"[0.1, 0.2, 0.35, 0.5, 0.65, 0.8, 1.0]",Polyak momentum gradient descent,True,True,True,20260726,10,0.18,0.35,6.0,0.7,2.5,lightning.qubit,,,,,,,,
shots=5000|steps=100|sim=lightning.qubit|seed_pairing=common_v2|alpha_start=1|ascending|erdos_renyi|1|0.1|0,restart,ascending,0.1,0.9,1.0,0.1,linear_descending_alpha,erdos_renyi,8.0,2.0,1.0,0.0,20260726.0,740000.0,"[2.226844302927403, 2.7300075029351913, 1.8397074133679914, 2.174662247612199]","[2.292206469000513, 2.559352648930771, 2.459522520558341, 2.8591030705242857]",0.7399999999999999,0.6582800000000001,0.6629360000000001,0.67352,1.0,0.026,,,,,,,,,,,,,,,,,,,,,,,finite_shot_qaoa_maxcut_cvar,5000,100,5,"[0.1, 0.2, 0.35, 0.5, 0.65, 0.8, 1.0]",Polyak momentum gradient descent,True,True,True,20260726,10,0.18,0.35,6.0,0.7,2.5,lightning.qubit,,,,,,,,
shots=5000|steps=100|sim=lightning.qubit|seed_pairing=common_v2|alpha_start=1|ascending|erdos_renyi|1|0.1|1,restart,ascending,0.1,0.9,1.0,0.1,linear_descending_alpha,erdos_renyi,8.0,2.0,1.0,1.0,20260727.0,740001.0,"[0.4756712476396966, 3.0965837239683074, 2.646028416497059, 1.5012931115137529]","[0.3356747574380387, 3.0248413737711184, 2.1834734859434604, 2.157082659950432]",0.0,0.84392,0.8328279999999999,0.84436,1.0,0.1139999999999999,,,,,,,,,,,,,,,,,,,,,,,finite_shot_qaoa_maxcut_cvar,5000,100,5,"[0.1, 0.2, 0.35, 0.5, 0.65, 0.8, 1.0]",Polyak momentum gradient descent,True,True,True,20260726,10,0.18,0.35,6.0,0.7,2.5,lightning.qubit,,,,,,,,
shots=5000|steps=100|sim=lightning.qubit|seed_pairing=common_v2|alpha_start=1|ascending|erdos_renyi|1|0.1|2,restart,ascending,0.1,0.9,1.0,0.1,linear_descending_alpha,erdos_renyi,8.0,2.0,1.0,2.0,20260728.0,740002.0,"[1.9093349559311228, 0.014936831693126611, 0.4604455897891393, 2.9643566316254946]","[1.7992871775379942, 6.262775008364603, 0.45951148254312385, 3.0809177306934528]",0.96,0.66414,0.666268,0.67086,1.0,0.004,,,,,,,,,,,,,,,,,,,,,,,finite_shot_qaoa_maxcut_cvar,5000,100,5,"[0.1, 0.2, 0.35, 0.5, 0.65, 0.8, 1.0]",Polyak momentum gradient descent,True,True,True,20260726,10,0.18,0.35,6.0,0.7,2.5,lightning.qubit,,,,,,,,
shots=5000|steps=100|sim=lightning.qubit|seed_pairing=common_v2|alpha_start=1|ascending|erdos_renyi|1|0.1|3,restart,ascending,0.1,0.9,1.0,0.1,linear_descending_alpha,erdos_renyi,8.0,2.0,1.0,3.0,20260729.0,740003.0,"[0.09601236448568767, 0.01368452041539864, 2.124727888032644, 0.7164215210760676]","[0.45973926614706206, 6.086458654549111, 1.88897299446831, 0.919527622204317]",0.0,0.85762,0.8351599999999999,0.8638,1.0,0.1258,,,,,,,,,,,,,,,,,,,,,,,finite_shot_qaoa_maxcut_cvar,5000,100,5,"[0.1, 0.2, 0.35, 0.5, 0.65, 0.8, 1.0]",Polyak momentum gradient descent,True,True,True,20260726,10,0.18,0.35,6.0,0.7,2.5,lightning.qubit,,,,,,,,
shots=5000|steps=100|sim=lightning.qubit|seed_pairing=common_v2|alpha_start=1|ascending|erdos_renyi|1|0.1|4,restart,ascending,0.1,0.9,1.0,0.1,linear_descending_alpha,erdos_renyi,8.0,2.0,1.0,4.0,20260730.0,740004.0,"[3.0741951881358056, 2.9261393128026922, 2.13612737908406, 0.2423724789360562]","[2.967448112551034, 2.6838194339152683, 2.0384993769066724, 0.21366580777347147]",0.0,0.8668600000000002,0.86121,0.8745,1.0,0.109,,,,,,,,,,,,,,,,,,,,,,,finite_shot_qaoa_maxcut_cvar,5000,100,5,"[0.1, 0.2, 0.35, 0.5, 0.65, 0.8, 1.0]",Polyak momentum gradient descent,True,True,True,20260726,10,0.18,0.35,6.0,0.7,2.5,lightning.qubit,,,,,,,,
shots=5000|steps=100|sim=lightning.qubit|seed_pairing=common_v2|alpha_start=1|ascending|erdos_renyi|1|0.2|0,restart,ascending,0.2,0.8,1.0,0.2,linear_descending_alpha,erdos_renyi,8.0,2.0,1.0,0.0,20260726.0,740100.0,"[2.226844302927403, 2.7300075029351913, 1.8397074133679914, 2.174662247612199]","[2.231272641683359, 2.587751236966366, 2.4563213778121424, 2.853419127386193]",1.0119999999999996,0.6678599999999999,0.6643020000000001,0.6732400000000001,1.0,0.0233999999999999,,,,,,,,,,,,,,,,,,,,,,,finite_shot_qaoa_maxcut_cvar,5000,100,5,"[0.1, 0.2, 0.35, 0.5, 0.65, 0.8, 1.0]",Polyak momentum gradient descent,True,True,True,20260726,10,0.18,0.35,6.0,0.7,2.5,lightning.qubit,,,,,,,,
shots=5000|steps=100|sim=lightning.qubit|seed_pairing=common_v2|alpha_start=1|ascending|erdos_renyi|1|0.2|1,restart,ascending,0.2,0.8,1.0,0.2,linear_descending_alpha,erdos_renyi,8.0,2.0,1.0,1.0,20260727.0,740101.0,"[0.4756712476396966, 3.0965837239683074, 2.646028416497059, 1.5012931115137529]","[0.3725590044405395, 3.0069278260700356, 2.161839825940597, 2.1989114676209414]",0.3929999999999999,0.8394200000000002,0.8376680000000001,0.84526,1.0,0.1214,,,,,,,,,,,,,,,,,,,,,,,finite_shot_qaoa_maxcut_cvar,5000,100,5,"[0.1, 0.2, 0.35, 0.5, 0.65, 0.8, 1.0]",Polyak momentum gradient descent,True,True,True,20260726,10,0.18,0.35,6.0,0.7,2.5,lightning.qubit,,,,,,,,
shots=5000|steps=100|sim=lightning.qubit|seed_pairing=common_v2|alpha_start=1|ascending|erdos_renyi|1|0.2|2,restart,ascending,0.2,0.8,1.0,0.2,linear_descending_alpha,erdos_renyi,8.0,2.0,1.0,2.0,20260728.0,740102.0,"[1.9093349559311228, 0.014936831693126611, 0.4604455897891393, 2.9643566316254946]","[1.8243271032554431, 6.229577760024942, 0.49226079127076067, 3.030169257014951]",1.1719999999999997,0.6631400000000001,0.6642480000000001,0.6687,1.0,0.0024,,,,,,,,,,,,,,,,,,,,,,,finite_shot_qaoa_maxcut_cvar,5000,100,5,"[0.1, 0.2, 0.35, 0.5, 0.65, 0.8, 1.0]",Polyak momentum gradient descent,True,True,True,20260726,10,0.18,0.35,6.0,0.7,2.5,lightning.qubit,,,,,,,,
shots=5000|steps=100|sim=lightning.qubit|seed_pairing=common_v2|alpha_start=1|ascending|erdos_renyi|1|0.2|3,restart,ascending,0.2,0.8,1.0,0.2,linear_descending_alpha,erdos_renyi,8.0,2.0,1.0,3.0,20260729.0,740103.0,"[0.09601236448568767, 0.01368452041539864, 2.124727888032644, 0.7164215210760676]","[0.535069341254593, 6.050373839356269, 1.9580420628397148, 0.9074757597822914]",0.2959999999999999,0.8230999999999999,0.81333,0.86418,1.0,0.1407999999999999,,,,,,,,,,,,,,,,,,,,,,,finite_shot_qaoa_maxcut_cvar,5000,100,5,"[0.1, 0.2, 0.35, 0.5, 0.65, 0.8, 1.0]",Polyak momentum gradient descent,True,True,True,20260726,10,0.18,0.35,6.0,0.7,2.5,lightning.qubit,,,,,,,,
shots=5000|steps=100|sim=lightning.qubit|seed_pairing=common_v2|alpha_start=1|ascending|erdos_renyi|1|0.2|4,restart,ascending,0.2,0.8,1.0,0.2,linear_descending_alpha,erdos_renyi,8.0,2.0,1.0,4.0,20260730.0,740104.0,"[3.0741951881358056, 2.9261393128026922, 2.13612737908406, 0.2423724789360562]","[2.9162057519889255, 2.6645238171725345, 2.0383551415095984, 0.2645372313867424]",0.3909999999999998,0.8652799999999999,0.864048,0.8720800000000001,1.0,0.1218,,,,,,,,,,,,,,,,,,,,,,,finite_shot_qaoa_maxcut_cvar,5000,100,5,"[0.1, 0.2, 0.35, 0.5, 0.65, 0.8, 1.0]",Polyak momentum gradient descent,True,True,True,20260726,10,0.18,0.35,6.0,0.7,2.5,lightning.qubit,,,,,,,,
shots=5000|steps=100|sim=lightning.qubit|seed_pairing=common_v2|alpha_start=1|ascending|erdos_renyi|1|0.35|0,restart,ascending,0.35,0.65,1.0,0.35,linear_descending_alpha,erdos_renyi,8.0,2.0,1.0,0.0,20260726.0,740200.0,"[2.226844302927403, 2.7300075029351913, 1.8397074133679914, 2.174662247612199]","[2.301730658183044, 2.567303812630553, 2.4042328823403847, 2.7177317671061747]",1.487428571428571,0.66224,0.659938,0.67544,1.0,0.0212,,,,,,,,,,,,,,,,,,,,,,,finite_shot_qaoa_maxcut_cvar,5000,100,5,"[0.1, 0.2, 0.35, 0.5, 0.65, 0.8, 1.0]",Polyak momentum gradient descent,True,True,True,20260726,10,0.18,0.35,6.0,0.7,2.5,lightning.qubit,,,,,,,,
shots=5000|steps=100|sim=lightning.qubit|seed_pairing=common_v2|alpha_start=1|ascending|erdos_renyi|1|0.35|1,restart,ascending,0.35,0.65,1.0,0.35,linear_descending_alpha,erdos_renyi,8.0,2.0,1.0,1.0,20260727.0,740201.0,"[0.4756712476396966, 3.0965837239683074, 2.646028416497059, 1.5012931115137529]","[0.33925523642247857, 3.0231711769748904, 2.2521297829161773, 2.108793865434852]",0.6902857142857142,0.8354800000000001,0.8287559999999999,0.84174,1.0,0.1084,,,,,,,,,,,,,,,,,,,,,,,finite_shot_qaoa_maxcut_cvar,5000,100,5,"[0.1, 0.2, 0.35, 0.5, 0.65, 0.8, 1.0]",Polyak momentum gradient descent,True,True,True,20260726,10,0.18,0.35,6.0,0.7,2.5,lightning.qubit,,,,,,,,
shots=5000|steps=100|sim=lightning.qubit|seed_pairing=common_v2|alpha_start=1|ascending|erdos_renyi|1|0.35|2,restart,ascending,0.35,0.65,1.0,0.35,linear_descending_alpha,erdos_renyi,8.0,2.0,1.0,2.0,20260728.0,740202.0,"[1.9093349559311228, 0.014936831693126611, 0.4604455897891393, 2.9643566316254946]","[1.735851167208098, 0.029279879768084802, 0.5951548210168068, 3.2162632556458015]",1.5822857142857143,0.6592800000000001,0.6596299999999999,0.66906,1.0,0.0028,,,,,,,,,,,,,,,,,,,,,,,finite_shot_qaoa_maxcut_cvar,5000,100,5,"[0.1, 0.2, 0.35, 0.5, 0.65, 0.8, 1.0]",Polyak momentum gradient descent,True,True,True,20260726,10,0.18,0.35,6.0,0.7,2.5,lightning.qubit,,,,,,,,
shots=5000|steps=100|sim=lightning.qubit|seed_pairing=common_v2|alpha_start=1|ascending|erdos_renyi|1|0.35|3,restart,ascending,0.35,0.65,1.0,0.35,linear_descending_alpha,erdos_renyi,8.0,2.0,1.0,3.0,20260729.0,740203.0,"[0.09601236448568767, 0.01368452041539864, 2.124727888032644, 0.7164215210760676]","[0.5156638369494722, 6.0494006769613655, 1.9556557923353737, 0.9101252045871518]",0.5897142857142859,0.83048,0.82643,0.8638,1.0,0.1436,,,,,,,,,,,,,,,,,,,,,,,finite_shot_qaoa_maxcut_cvar,5000,100,5,"[0.1, 0.2, 0.35, 0.5, 0.65, 0.8, 1.0]",Polyak momentum gradient descent,True,True,True,20260726,10,0.18,0.35,6.0,0.7,2.5,lightning.qubit,,,,,,,,
shots=5000|steps=100|sim=lightning.qubit|seed_pairing=common_v2|alpha_start=1|ascending|erdos_renyi|1|0.35|4,restart,ascending,0.35,0.65,1.0,0.35,linear_descending_alpha,erdos_renyi,8.0,2.0,1.0,4.0,20260730.0,740204.0,"[3.0741951881358056, 2.9261393128026922, 2.13612737908406, 0.2423724789360562]","[2.9174097083767943, 2.6479022708485425, 2.0333709798358655, 0.2602428376916422]",0.5977142857142859,0.86496,0.8653299999999999,0.87486,1.0,0.1407999999999999,,,,,,,,,,,,,,,,,,,,,,,finite_shot_qaoa_maxcut_cvar,5000,100,5,"[0.1, 0.2, 0.35, 0.5, 0.65, 0.8, 1.0]",Polyak momentum gradient descent,True,True,True,20260726,10,0.18,0.35,6.0,0.7,2.5,lightning.qubit,,,,,,,,
shots=5000|steps=100|sim=lightning.qubit|seed_pairing=common_v2|alpha_start=1|ascending|erdos_renyi|1|0.5|0,restart,ascending,0.5,0.5,1.0,0.5,linear_descending_alpha,erdos_renyi,8.0,2.0,1.0,0.0,20260726.0,740300.0,"[2.226844302927403, 2.7300075029351913, 1.8397074133679914, 2.174662247612199]","[2.25664272891634, 2.5833006737932034, 2.294505982752666, 2.591655375216412]",1.8059999999999985,0.6606,0.663856,0.67348,1.0,0.0114,,,,,,,,,,,,,,,,,,,,,,,finite_shot_qaoa_maxcut_cvar,5000,100,5,"[0.1, 0.2, 0.35, 0.5, 0.65, 0.8, 1.0]",Polyak momentum gradient descent,True,True,True,20260726,10,0.18,0.35,6.0,0.7,2.5,lightning.qubit,,,,,,,,
shots=5000|steps=100|sim=lightning.qubit|seed_pairing=common_v2|alpha_start=1|ascending|erdos_renyi|1|0.5|1,restart,ascending,0.5,0.5,1.0,0.5,linear_descending_alpha,erdos_renyi,8.0,2.0,1.0,1.0,20260727.0,740301.0,"[0.4756712476396966, 3.0965837239683074, 2.646028416497059, 1.5012931115137529]","[0.36174689289290984, 3.012014704137962, 2.186342859671734, 2.175519723799908]",0.7671999999999998,0.83546,0.8384600000000001,0.8472200000000001,1.0,0.1164,,,,,,,,,,,,,,,,,,,,,,,finite_shot_qaoa_maxcut_cvar,5000,100,5,"[0.1, 0.2, 0.35, 0.5, 0.65, 0.8, 1.0]",Polyak momentum gradient descent,True,True,True,20260726,10,0.18,0.35,6.0,0.7,2.5,lightning.qubit,,,,,,,,
shots=5000|steps=100|sim=lightning.qubit|seed_pairing=common_v2|alpha_start=1|ascending|erdos_renyi|1|0.5|2,restart,ascending,0.5,0.5,1.0,0.5,linear_descending_alpha,erdos_renyi,8.0,2.0,1.0,2.0,20260728.0,740302.0,"[1.9093349559311228, 0.014936831693126611, 0.4604455897891393, 2.9643566316254946]","[1.7665491098590518, 6.257809101019858, 0.6139390304707012, 3.144282484614771]",2.009599999999999,0.66458,0.662604,0.67242,1.0,0.0024,,,,,,,,,,,,,,,,,,,,,,,finite_shot_qaoa_maxcut_cvar,5000,100,5,"[0.1, 0.2, 0.35, 0.5, 0.65, 0.8, 1.0]",Polyak momentum gradient descent,True,True,True,20260726,10,0.18,0.35,6.0,0.7,2.5,lightning.qubit,,,,,,,,
shots=5000|steps=100|sim=lightning.qubit|seed_pairing=common_v2|alpha_start=1|ascending|erdos_renyi|1|0.5|3,restart,ascending,0.5,0.5,1.0,0.5,linear_descending_alpha,erdos_renyi,8.0,2.0,1.0,3.0,20260729.0,740303.0,"[0.09601236448568767, 0.01368452041539864, 2.124727888032644, 0.7164215210760676]","[0.5067102909960716, 6.053879322925477, 1.9605798587789802, 0.9076989030289652]",0.7175999999999998,0.8280000000000001,0.828524,0.8632,1.0,0.1412,,,,,,,,,,,,,,,,,,,,,,,finite_shot_qaoa_maxcut_cvar,5000,100,5,"[0.1, 0.2, 0.35, 0.5, 0.65, 0.8, 1.0]",Polyak momentum gradient descent,True,True,True,20260726,10,0.18,0.35,6.0,0.7,2.5,lightning.qubit,,,,,,,,
shots=5000|steps=100|sim=lightning.qubit|seed_pairing=common_v2|alpha_start=1|ascending|erdos_renyi|1|0.5|4,restart,ascending,0.5,0.5,1.0,0.5,linear_descending_alpha,erdos_renyi,8.0,2.0,1.0,4.0,20260730.0,740304.0,"[3.0741951881358056, 2.9261393128026922, 2.13612737908406, 0.2423724789360562]","[2.922330781628278, 2.641923930959247, 2.0277755379140547, 0.2719565741857601]",0.7323999999999999,0.8615200000000002,0.8635520000000001,0.8727600000000001,1.0,0.1338,,,,,,,,,,,,,,,,,,,,,,,finite_shot_qaoa_maxcut_cvar,5000,100,5,"[0.1, 0.2, 0.35, 0.5, 0.65, 0.8, 1.0]",Polyak momentum gradient descent,True,True,True,20260726,10,0.18,0.35,6.0,0.7,2.5,lightning.qubit,,,,,,,,
shots=5000|steps=100|sim=lightning.qubit|seed_pairing=common_v2|alpha_start=1|ascending|erdos_renyi|1|0.65|0,restart,ascending,0.65,0.35,1.0,0.65,linear_descending_alpha,erdos_renyi,8.0,2.0,1.0,0.0,20260726.0,740400.0,"[2.226844302927403, 2.7300075029351913, 1.8397074133679914, 2.174662247612199]","[2.2716279936397745, 2.631708438522705, 2.2083149948323175, 2.6074761150401855]",2.203076923076926,0.6699400000000001,0.6667820000000001,0.6755800000000001,1.0,0.013,,,,,,,,,,,,,,,,,,,,,,,finite_shot_qaoa_maxcut_cvar,5000,100,5,"[0.1, 0.2, 0.35, 0.5, 0.65, 0.8, 1.0]",Polyak momentum gradient descent,True,True,True,20260726,10,0.18,0.35,6.0,0.7,2.5,lightning.qubit,,,,,,,,
shots=5000|steps=100|sim=lightning.qubit|seed_pairing=common_v2|alpha_start=1|ascending|erdos_renyi|1|0.65|1,restart,ascending,0.65,0.35,1.0,0.65,linear_descending_alpha,erdos_renyi,8.0,2.0,1.0,1.0,20260727.0,740401.0,"[0.4756712476396966, 3.0965837239683074, 2.646028416497059, 1.5012931115137529]","[0.4198492180941219, 2.983770316269177, 2.0794940174039045, 2.306135997215314]",0.7904615384615384,0.8362999999999999,0.844322,0.8541599999999999,1.0,0.1362,,,,,,,,,,,,,,,,,,,,,,,finite_shot_qaoa_maxcut_cvar,5000,100,5,"[0.1, 0.2, 0.35, 0.5, 0.65, 0.8, 1.0]",Polyak momentum gradient descent,True,True,True,20260726,10,0.18,0.35,6.0,0.7,2.5,lightning.qubit,,,,,,,,
shots=5000|steps=100|sim=lightning.qubit|seed_pairing=common_v2|alpha_start=1|ascending|erdos_renyi|1|0.65|2,restart,ascending,0.65,0.35,1.0,0.65,linear_descending_alpha,erdos_renyi,8.0,2.0,1.0,2.0,20260728.0,740402.0,"[1.9093349559311228, 0.014936831693126611, 0.4604455897891393, 2.9643566316254946]","[1.7963796678550255, 6.102755248322836, 0.6223043315127954, 3.117888387398219]",2.407076923076922,0.66456,0.662876,0.67072,1.0,0.0022,,,,,,,,,,,,,,,,,,,,,,,finite_shot_qaoa_maxcut_cvar,5000,100,5,"[0.1, 0.2, 0.35, 0.5, 0.65, 0.8, 1.0]",Polyak momentum gradient descent,True,True,True,20260726,10,0.18,0.35,6.0,0.7,2.5,lightning.qubit,,,,,,,,
shots=5000|steps=100|sim=lightning.qubit|seed_pairing=common_v2|alpha_start=1|ascending|erdos_renyi|1|0.65|3,restart,ascending,0.65,0.35,1.0,0.65,linear_descending_alpha,erdos_renyi,8.0,2.0,1.0,3.0,20260729.0,740403.0,"[0.09601236448568767, 0.01368452041539864, 2.124727888032644, 0.7164215210760676]","[0.4924038831507429, 6.059778078784763, 1.9657691480275816, 0.8892730871080231]",0.7873846153846155,0.8314599999999999,0.839752,0.8690200000000001,1.0,0.1382,,,,,,,,,,,,,,,,,,,,,,,finite_shot_qaoa_maxcut_cvar,5000,100,5,"[0.1, 0.2, 0.35, 0.5, 0.65, 0.8, 1.0]",Polyak momentum gradient descent,True,True,True,20260726,10,0.18,0.35,6.0,0.7,2.5,lightning.qubit,,,,,,,,
shots=5000|steps=100|sim=lightning.qubit|seed_pairing=common_v2|alpha_start=1|ascending|erdos_renyi|1|0.65|4,restart,ascending,0.65,0.35,1.0,0.65,linear_descending_alpha,erdos_renyi,8.0,2.0,1.0,4.0,20260730.0,740404.0,"[3.0741951881358056, 2.9261393128026922, 2.13612737908406, 0.2423724789360562]","[2.9206641099573694, 2.643291552347422, 2.037377016212928, 0.2693820453828078]",0.8015384615384614,0.8606999999999999,0.8632539999999999,0.8751599999999999,1.0,0.129,,,,,,,,,,,,,,,,,,,,,,,finite_shot_qaoa_maxcut_cvar,5000,100,5,"[0.1, 0.2, 0.35, 0.5, 0.65, 0.8, 1.0]",Polyak momentum gradient descent,True,True,True,20260726,10,0.18,0.35,6.0,0.7,2.5,lightning.qubit,,,,,,,,
shots=5000|steps=100|sim=lightning.qubit|seed_pairing=common_v2|alpha_start=1|ascending|erdos_renyi|1|0.8|0,restart,ascending,0.8,0.1999999999999999,1.0,0.8,linear_descending_alpha,erdos_renyi,8.0,2.0,1.0,0.0,20260726.0,740500.0,"[2.226844302927403, 2.7300075029351913, 1.8397074133679914, 2.174662247612199]","[2.3187078835189627, 2.700711336300848, 2.1247356128497983, 2.699777392360344]",2.5960000000000005,0.67506,0.670596,0.6754399999999999,1.0,0.015,,,,,,,,,,,,,,,,,,,,,,,finite_shot_qaoa_maxcut_cvar,5000,100,5,"[0.1, 0.2, 0.35, 0.5, 0.65, 0.8, 1.0]",Polyak momentum gradient descent,True,True,True,20260726,10,0.18,0.35,6.0,0.7,2.5,lightning.qubit,,,,,,,,
shots=5000|steps=100|sim=lightning.qubit|seed_pairing=common_v2|alpha_start=1|ascending|erdos_renyi|1|0.8|1,restart,ascending,0.8,0.1999999999999999,1.0,0.8,linear_descending_alpha,erdos_renyi,8.0,2.0,1.0,1.0,20260727.0,740501.0,"[0.4756712476396966, 3.0965837239683074, 2.646028416497059, 1.5012931115137529]","[0.3980617409376072, 3.0074698613140405, 2.0534371629857295, 2.321222649936901]",0.9555,0.8569799999999999,0.852148,0.8569799999999999,1.0,0.1246,,,,,,,,,,,,,,,,,,,,,,,finite_shot_qaoa_maxcut_cvar,5000,100,5,"[0.1, 0.2, 0.35, 0.5, 0.65, 0.8, 1.0]",Polyak momentum gradient descent,True,True,True,20260726,10,0.18,0.35,6.0,0.7,2.5,lightning.qubit,,,,,,,,
shots=5000|steps=100|sim=lightning.qubit|seed_pairing=common_v2|alpha_start=1|ascending|erdos_renyi|1|0.8|2,restart,ascending,0.8,0.1999999999999999,1.0,0.8,linear_descending_alpha,erdos_renyi,8.0,2.0,1.0,2.0,20260728.0,740502.0,"[1.9093349559311228, 0.014936831693126611, 0.4604455897891393, 2.9643566316254946]","[1.7562058733453956, 6.213657379006792, 0.5428284249059883, 3.070147732369202]",2.76175,0.66776,0.6670100000000001,0.6704,1.0,0.0024,,,,,,,,,,,,,,,,,,,,,,,finite_shot_qaoa_maxcut_cvar,5000,100,5,"[0.1, 0.2, 0.35, 0.5, 0.65, 0.8, 1.0]",Polyak momentum gradient descent,True,True,True,20260726,10,0.18,0.35,6.0,0.7,2.5,lightning.qubit,,,,,,,,
shots=5000|steps=100|sim=lightning.qubit|seed_pairing=common_v2|alpha_start=1|ascending|erdos_renyi|1|0.8|3,restart,ascending,0.8,0.1999999999999999,1.0,0.8,linear_descending_alpha,erdos_renyi,8.0,2.0,1.0,3.0,20260729.0,740503.0,"[0.09601236448568767, 0.01368452041539864, 2.124727888032644, 0.7164215210760676]","[0.4562424603247474, 6.112607777048592, 1.9649972551823176, 0.8631043904607693]",0.96425,0.8511599999999999,0.8532439999999999,0.8678000000000001,1.0,0.128,,,,,,,,,,,,,,,,,,,,,,,finite_shot_qaoa_maxcut_cvar,5000,100,5,"[0.1, 0.2, 0.35, 0.5, 0.65, 0.8, 1.0]",Polyak momentum gradient descent,True,True,True,20260726,10,0.18,0.35,6.0,0.7,2.5,lightning.qubit,,,,,,,,
shots=5000|steps=100|sim=lightning.qubit|seed_pairing=common_v2|alpha_start=1|ascending|erdos_renyi|1|0.8|4,restart,ascending,0.8,0.1999999999999999,1.0,0.8,linear_descending_alpha,erdos_renyi,8.0,2.0,1.0,4.0,20260730.0,740504.0,"[3.0741951881358056, 2.9261393128026922, 2.13612737908406, 0.2423724789360562]","[2.9107406188237466, 2.6517819671870266, 1.9994102987187936, 0.2342420559210577]",0.9135000000000004,0.8690000000000001,0.8688600000000001,0.8746600000000001,1.0,0.1204,,,,,,,,,,,,,,,,,,,,,,,finite_shot_qaoa_maxcut_cvar,5000,100,5,"[0.1, 0.2, 0.35, 0.5, 0.65, 0.8, 1.0]",Polyak momentum gradient descent,True,True,True,20260726,10,0.18,0.35,6.0,0.7,2.5,lightning.qubit,,,,,,,,
shots=5000|steps=100|sim=lightning.qubit|seed_pairing=common_v2|alpha_start=1|ascending|erdos_renyi|1|1|0,restart,ascending,1.0,0.0,1.0,1.0,linear_descending_alpha,erdos_renyi,8.0,2.0,1.0,0.0,20260726.0,740600.0,"[2.226844302927403, 2.7300075029351913, 1.8397074133679914, 2.174662247612199]","[2.9362620510585398, 2.683394236671724, 2.002894266879698, 3.3599269314284776]",1.2582,0.87418,0.866324,0.87442,1.0,0.112,,,,,,,,,,,,,,,,,,,,,,,finite_shot_qaoa_maxcut_cvar,5000,100,5,"[0.1, 0.2, 0.35, 0.5, 0.65, 0.8, 1.0]",Polyak momentum gradient descent,True,True,True,20260726,10,0.18,0.35,6.0,0.7,2.5,lightning.qubit,,,,,,,,
shots=5000|steps=100|sim=lightning.qubit|seed_pairing=common_v2|alpha_start=1|ascending|erdos_renyi|1|1|1,restart,ascending,1.0,0.0,1.0,1.0,linear_descending_alpha,erdos_renyi,8.0,2.0,1.0,1.0,20260727.0,740601.0,"[0.4756712476396966, 3.0965837239683074, 2.646028416497059, 1.5012931115137529]","[0.35861643548106176, 3.026122833577163, 1.9608328665859467, 2.3990161320114303]",1.3326000000000002,0.8667400000000001,0.86592,0.8692399999999999,1.0,0.1043999999999999,,,,,,,,,,,,,,,,,,,,,,,finite_shot_qaoa_maxcut_cvar,5000,100,5,"[0.1, 0.2, 0.35, 0.5, 0.65, 0.8, 1.0]",Polyak momentum gradient descent,True,True,True,20260726,10,0.18,0.35,6.0,0.7,2.5,lightning.qubit,,,,,,,,
shots=5000|steps=100|sim=lightning.qubit|seed_pairing=common_v2|alpha_start=1|ascending|erdos_renyi|1|1|2,restart,ascending,1.0,0.0,1.0,1.0,linear_descending_alpha,erdos_renyi,8.0,2.0,1.0,2.0,20260728.0,740602.0,"[1.9093349559311228, 0.014936831693126611, 0.4604455897891393, 2.9643566316254946]","[1.7823095718058228, 0.043102506835874556, 0.4394034382022481, 3.1707654374611307]",3.3246,0.66754,0.6659939999999999,0.6702799999999999,1.0,0.0014,,,,,,,,,,,,,,,,,,,,,,,finite_shot_qaoa_maxcut_cvar,5000,100,5,"[0.1, 0.2, 0.35, 0.5, 0.65, 0.8, 1.0]",Polyak momentum gradient descent,True,True,True,20260726,10,0.18,0.35,6.0,0.7,2.5,lightning.qubit,,,,,,,,
shots=5000|steps=100|sim=lightning.qubit|seed_pairing=common_v2|alpha_start=1|ascending|erdos_renyi|1|1|3,restart,ascending,1.0,0.0,1.0,1.0,linear_descending_alpha,erdos_renyi,8.0,2.0,1.0,3.0,20260729.0,740603.0,"[0.09601236448568767, 0.01368452041539864, 2.124727888032644, 0.7164215210760676]","[0.39034195798247734, 6.15620677242165, 1.904261007038233, 0.897119439756801]",1.343,0.8657,0.86656,0.8701399999999999,1.0,0.098,,,,,,,,,,,,,,,,,,,,,,,finite_shot_qaoa_maxcut_cvar,5000,100,5,"[0.1, 0.2, 0.35, 0.5, 0.65, 0.8, 1.0]",Polyak momentum gradient descent,True,True,True,20260726,10,0.18,0.35,6.0,0.7,2.5,lightning.qubit,,,,,,,,
shots=5000|steps=100|sim=lightning.qubit|seed_pairing=common_v2|alpha_start=1|ascending|erdos_renyi|1|1|4,restart,ascending,1.0,0.0,1.0,1.0,linear_descending_alpha,erdos_renyi,8.0,2.0,1.0,4.0,20260730.0,740604.0,"[3.0741951881358056, 2.9261393128026922, 2.13612737908406, 0.2423724789360562]","[2.9341551651806403, 2.703577032572862, 1.9855216472207928, 0.20812838444950782]",1.27,0.873,0.8732279999999999,0.87828,1.0,0.1101999999999999,,,,,,,,,,,,,,,,,,,,,,,finite_shot_qaoa_maxcut_cvar,5000,100,5,"[0.1, 0.2, 0.35, 0.5, 0.65, 0.8, 1.0]",Polyak momentum gradient descent,True,True,True,20260726,10,0.18,0.35,6.0,0.7,2.5,lightning.qubit,,,,,,,,
shots=5000|steps=100|sim=lightning.qubit|seed_pairing=common_v2|alpha_start=1|ascending|erdos_renyi|2|0.1|0,restart,ascending,0.1,0.9,1.0,0.1,linear_descending_alpha,erdos_renyi,8.0,2.0,2.0,0.0,20260726.0,750000.0,"[2.226844302927403, 2.7300075029351913, 1.8397074133679914, 2.174662247612199]","[2.9352960943707624, 2.6628012633418914, 2.0341862279863965, 3.383833403554758]",0.0,0.7774000000000001,0.7760619999999999,0.81904,1.0,0.2548,,,,,,,,,,,,,,,,,,,,,,,finite_shot_qaoa_maxcut_cvar,5000,100,5,"[0.1, 0.2, 0.35, 0.5, 0.65, 0.8, 1.0]",Polyak momentum gradient descent,True,True,True,20260726,10,0.18,0.35,6.0,0.7,2.5,lightning.qubit,,,,,,,,
shots=5000|steps=100|sim=lightning.qubit|seed_pairing=common_v2|alpha_start=1|ascending|erdos_renyi|2|0.1|1,restart,ascending,0.1,0.9,1.0,0.1,linear_descending_alpha,erdos_renyi,8.0,2.0,2.0,1.0,20260727.0,750001.0,"[0.4756712476396966, 3.0965837239683074, 2.646028416497059, 1.5012931115137529]","[0.28101287322372276, 2.4765235267338044, 2.9590872066938427, 1.761219343110114]",0.0,0.7308999999999999,0.7333900000000001,0.76732,1.0,0.1454,,,,,,,,,,,,,,,,,,,,,,,finite_shot_qaoa_maxcut_cvar,5000,100,5,"[0.1, 0.2, 0.35, 0.5, 0.65, 0.8, 1.0]",Polyak momentum gradient descent,True,True,True,20260726,10,0.18,0.35,6.0,0.7,2.5,lightning.qubit,,,,,,,,
shots=5000|steps=100|sim=lightning.qubit|seed_pairing=common_v2|alpha_start=1|ascending|erdos_renyi|2|0.1|2,restart,ascending,0.1,0.9,1.0,0.1,linear_descending_alpha,erdos_renyi,8.0,2.0,2.0,2.0,20260728.0,750002.0,"[1.9093349559311228, 0.014936831693126611, 0.4604455897891393, 2.9643566316254946]","[1.867264566738563, 0.3014807858248653, 0.3965794253715389, 2.6518438956231885]",0.9859999999999997,0.54494,0.54708,0.55214,1.0,0.0308,,,,,,,,,,,,,,,,,,,,,,,finite_shot_qaoa_maxcut_cvar,5000,100,5,"[0.1, 0.2, 0.35, 0.5, 0.65, 0.8, 1.0]",Polyak momentum gradient descent,True,True,True,20260726,10,0.18,0.35,6.0,0.7,2.5,lightning.qubit,,,,,,,,
shots=5000|steps=100|sim=lightning.qubit|seed_pairing=common_v2|alpha_start=1|ascending|erdos_renyi|2|0.1|3,restart,ascending,0.1,0.9,1.0,0.1,linear_descending_alpha,erdos_renyi,8.0,2.0,2.0,3.0,20260729.0,750003.0,"[0.09601236448568767, 0.01368452041539864, 2.124727888032644, 0.7164215210760676]","[0.36392891667617266, 6.1806791432657295, 1.890066906098114, 0.8615695169558402]",0.0,0.7513599999999999,0.757508,0.77958,1.0,0.177,,,,,,,,,,,,,,,,,,,,,,,finite_shot_qaoa_maxcut_cvar,5000,100,5,"[0.1, 0.2, 0.35, 0.5, 0.65, 0.8, 1.0]",Polyak momentum gradient descent,True,True,True,20260726,10,0.18,0.35,6.0,0.7,2.5,lightning.qubit,,,,,,,,
shots=5000|steps=100|sim=lightning.qubit|seed_pairing=common_v2|alpha_start=1|ascending|erdos_renyi|2|0.1|4,restart,ascending,0.1,0.9,1.0,0.1,linear_descending_alpha,erdos_renyi,8.0,2.0,2.0,4.0,20260730.0,750004.0,"[3.0741951881358056, 2.9261393128026922, 2.13612737908406, 0.2423724789360562]","[2.9373771757780074, 2.7108842158953266, 1.9965751627108368, 0.2159883630093875]",0.0,0.77584,0.774342,0.8207799999999998,1.0,0.2494,,,,,,,,,,,,,,,,,,,,,,,finite_shot_qaoa_maxcut_cvar,5000,100,5,"[0.1, 0.2, 0.35, 0.5, 0.65, 0.8, 1.0]",Polyak momentum gradient descent,True,True,True,20260726,10,0.18,0.35,6.0,0.7,2.5,lightning.qubit,,,,,,,,
shots=5000|steps=100|sim=lightning.qubit|seed_pairing=common_v2|alpha_start=1|ascending|erdos_renyi|2|0.2|0,restart,ascending,0.2,0.8,1.0,0.2,linear_descending_alpha,erdos_renyi,8.0,2.0,2.0,0.0,20260726.0,750100.0,"[2.226844302927403, 2.7300075029351913, 1.8397074133679914, 2.174662247612199]","[2.9306872374614636, 2.6643194224573117, 2.028108287527053, 3.379954453513102]",0.0,0.78102,0.786834,0.8193400000000001,1.0,0.2623999999999999,,,,,,,,,,,,,,,,,,,,,,,finite_shot_qaoa_maxcut_cvar,5000,100,5,"[0.1, 0.2, 0.35, 0.5, 0.65, 0.8, 1.0]",Polyak momentum gradient descent,True,True,True,20260726,10,0.18,0.35,6.0,0.7,2.5,lightning.qubit,,,,,,,,
shots=5000|steps=100|sim=lightning.qubit|seed_pairing=common_v2|alpha_start=1|ascending|erdos_renyi|2|0.2|1,restart,ascending,0.2,0.8,1.0,0.2,linear_descending_alpha,erdos_renyi,8.0,2.0,2.0,1.0,20260727.0,750101.0,"[0.4756712476396966, 3.0965837239683074, 2.646028416497059, 1.5012931115137529]","[0.26066943034870876, 2.528686190857332, 2.8986560505572068, 1.8457867231499805]",0.0,0.76098,0.763852,0.7707599999999999,1.0,0.243,,,,,,,,,,,,,,,,,,,,,,,finite_shot_qaoa_maxcut_cvar,5000,100,5,"[0.1, 0.2, 0.35, 0.5, 0.65, 0.8, 1.0]",Polyak momentum gradient descent,True,True,True,20260726,10,0.18,0.35,6.0,0.7,2.5,lightning.qubit,,,,,,,,
shots=5000|steps=100|sim=lightning.qubit|seed_pairing=common_v2|alpha_start=1|ascending|erdos_renyi|2|0.2|2,restart,ascending,0.2,0.8,1.0,0.2,linear_descending_alpha,erdos_renyi,8.0,2.0,2.0,2.0,20260728.0,750102.0,"[1.9093349559311228, 0.014936831693126611, 0.4604455897891393, 2.9643566316254946]","[1.8987181303048426, 0.30906921506118673, 0.43068299378062275, 2.6790454326806876]",2.0090000000000003,0.54418,0.545468,0.5531200000000001,1.0,0.0262,,,,,,,,,,,,,,,,,,,,,,,finite_shot_qaoa_maxcut_cvar,5000,100,5,"[0.1, 0.2, 0.35, 0.5, 0.65, 0.8, 1.0]",Polyak momentum gradient descent,True,True,True,20260726,10,0.18,0.35,6.0,0.7,2.5,lightning.qubit,,,,,,,,
shots=5000|steps=100|sim=lightning.qubit|seed_pairing=common_v2|alpha_start=1|ascending|erdos_renyi|2|0.2|3,restart,ascending,0.2,0.8,1.0,0.2,linear_descending_alpha,erdos_renyi,8.0,2.0,2.0,3.0,20260729.0,750103.0,"[0.09601236448568767, 0.01368452041539864, 2.124727888032644, 0.7164215210760676]","[0.4062124433469043, 6.13332956680327, 1.9752627094089392, 0.8022702248279148]",0.0339999999999997,0.76524,0.7712660000000001,0.7800400000000001,1.0,0.1932,,,,,,,,,,,,,,,,,,,,,,,finite_shot_qaoa_maxcut_cvar,5000,100,5,"[0.1, 0.2, 0.35, 0.5, 0.65, 0.8, 1.0]",Polyak momentum gradient descent,True,True,True,20260726,10,0.18,0.35,6.0,0.7,2.5,lightning.qubit,,,,,,,,
shots=5000|steps=100|sim=lightning.qubit|seed_pairing=common_v2|alpha_start=1|ascending|erdos_renyi|2|0.2|4,restart,ascending,0.2,0.8,1.0,0.2,linear_descending_alpha,erdos_renyi,8.0,2.0,2.0,4.0,20260730.0,750104.0,"[3.0741951881358056, 2.9261393128026922, 2.13612737908406, 0.2423724789360562]","[2.950784871536447, 2.6194764998795668, 2.0876381689514867, 0.3096905963892943]",0.0,0.7707,0.7848379999999999,0.82046,1.0,0.2726,,,,,,,,,,,,,,,,,,,,,,,finite_shot_qaoa_maxcut_cvar,5000,100,5,"[0.1, 0.2, 0.35, 0.5, 0.65, 0.8, 1.0]",Polyak momentum gradient descent,True,True,True,20260726,10,0.18,0.35,6.0,0.7,2.5,lightning.qubit,,,,,,,,
shots=5000|steps=100|sim=lightning.qubit|seed_pairing=common_v2|alpha_start=1|ascending|erdos_renyi|2|0.35|0,restart,ascending,0.35,0.65,1.0,0.35,linear_descending_alpha,erdos_renyi,8.0,2.0,2.0,0.0,20260726.0,750200.0,"[2.226844302927403, 2.7300075029351913, 1.8397074133679914, 2.174662247612199]","[2.8932879941016814, 2.6678552558663884, 2.147836674925761, 3.481962759179286]",0.0,0.8071399999999999,0.807142,0.8215199999999999,1.0,0.384,,,,,,,,,,,,,,,,,,,,,,,finite_shot_qaoa_maxcut_cvar,5000,100,5,"[0.1, 0.2, 0.35, 0.5, 0.65, 0.8, 1.0]",Polyak momentum gradient descent,True,True,True,20260726,10,0.18,0.35,6.0,0.7,2.5,lightning.qubit,,,,,,,,
shots=5000|steps=100|sim=lightning.qubit|seed_pairing=common_v2|alpha_start=1|ascending|erdos_renyi|2|0.35|1,restart,ascending,0.35,0.65,1.0,0.35,linear_descending_alpha,erdos_renyi,8.0,2.0,2.0,1.0,20260727.0,750201.0,"[0.4756712476396966, 3.0965837239683074, 2.646028416497059, 1.5012931115137529]","[0.31204043170276125, 2.5146573655735733, 2.8652236140474, 1.9297605356151482]",0.108,0.757,0.756176,0.7677400000000001,1.0,0.3122,,,,,,,,,,,,,,,,,,,,,,,finite_shot_qaoa_maxcut_cvar,5000,100,5,"[0.1, 0.2, 0.35, 0.5, 0.65, 0.8, 1.0]",Polyak momentum gradient descent,True,True,True,20260726,10,0.18,0.35,6.0,0.7,2.5,lightning.qubit,,,,,,,,
shots=5000|steps=100|sim=lightning.qubit|seed_pairing=common_v2|alpha_start=1|ascending|erdos_renyi|2|0.35|2,restart,ascending,0.35,0.65,1.0,0.35,linear_descending_alpha,erdos_renyi,8.0,2.0,2.0,2.0,20260728.0,750202.0,"[1.9093349559311228, 0.014936831693126611, 0.4604455897891393, 2.9643566316254946]","[1.8998869976188357, 0.28151121323713507, 0.4643304395106555, 2.677237910662221]",2.697142857142857,0.5457000000000001,0.54622,0.5531599999999999,1.0,0.0302,,,,,,,,,,,,,,,,,,,,,,,finite_shot_qaoa_maxcut_cvar,5000,100,5,"[0.1, 0.2, 0.35, 0.5, 0.65, 0.8, 1.0]",Polyak momentum gradient descent,True,True,True,20260726,10,0.18,0.35,6.0,0.7,2.5,lightning.qubit,,,,,,,,
shots=5000|steps=100|sim=lightning.qubit|seed_pairing=common_v2|alpha_start=1|ascending|erdos_renyi|2|0.35|3,restart,ascending,0.35,0.65,1.0,0.35,linear_descending_alpha,erdos_renyi,8.0,2.0,2.0,3.0,20260729.0,750203.0,"[0.09601236448568767, 0.01368452041539864, 2.124727888032644, 0.7164215210760676]","[0.4442907703771718, 6.080640711901316, 1.9414575675186212, 0.7566999598028111]",0.3297142857142857,0.76612,0.76881,0.7802,1.0,0.2346,,,,,,,,,,,,,,,,,,,,,,,finite_shot_qaoa_maxcut_cvar,5000,100,5,"[0.1, 0.2, 0.35, 0.5, 0.65, 0.8, 1.0]",Polyak momentum gradient descent,True,True,True,20260726,10,0.18,0.35,6.0,0.7,2.5,lightning.qubit,,,,,,,,
shots=5000|steps=100|sim=lightning.qubit|seed_pairing=common_v2|alpha_start=1|ascending|erdos_renyi|2|0.35|4,restart,ascending,0.35,0.65,1.0,0.35,linear_descending_alpha,erdos_renyi,8.0,2.0,2.0,4.0,20260730.0,750204.0,"[3.0741951881358056, 2.9261393128026922, 2.13612737908406, 0.2423724789360562]","[2.8702134942431154, 2.6594639092264325, 2.157283728899108, 0.3571536683927576]",0.0,0.80246,0.8035700000000002,0.8218,1.0,0.4036,,,,,,,,,,,,,,,,,,,,,,,finite_shot_qaoa_maxcut_cvar,5000,100,5,"[0.1, 0.2, 0.35, 0.5, 0.65, 0.8, 1.0]",Polyak momentum gradient descent,True,True,True,20260726,10,0.18,0.35,6.0,0.7,2.5,lightning.qubit,,,,,,,,
shots=5000|steps=100|sim=lightning.qubit|seed_pairing=common_v2|alpha_start=1|ascending|erdos_renyi|2|0.5|0,restart,ascending,0.5,0.5,1.0,0.5,linear_descending_alpha,erdos_renyi,8.0,2.0,2.0,0.0,20260726.0,750300.0,"[2.226844302927403, 2.7300075029351913, 1.8397074133679914, 2.174662247612199]","[2.850929889776784, 2.7098529610719413, 2.1291826526442956, 3.5233972639800624]",0.1772,0.8117800000000003,0.8115680000000001,0.8207000000000001,1.0,0.4184,,,,,,,,,,,,,,,,,,,,,,,finite_shot_qaoa_maxcut_cvar,5000,100,5,"[0.1, 0.2, 0.35, 0.5, 0.65, 0.8, 1.0]",Polyak momentum gradient descent,True,True,True,20260726,10,0.18,0.35,6.0,0.7,2.5,lightning.qubit,,,,,,,,
shots=5000|steps=100|sim=lightning.qubit|seed_pairing=common_v2|alpha_start=1|ascending|erdos_renyi|2|0.5|1,restart,ascending,0.5,0.5,1.0,0.5,linear_descending_alpha,erdos_renyi,8.0,2.0,2.0,1.0,20260727.0,750301.0,"[0.4756712476396966, 3.0965837239683074, 2.646028416497059, 1.5012931115137529]","[0.31362786441210977, 2.5157252578835525, 2.876319065004066, 1.9347573355867498]",0.6231999999999995,0.7569800000000001,0.7581040000000001,0.7696400000000001,1.0,0.3052,,,,,,,,,,,,,,,,,,,,,,,finite_shot_qaoa_maxcut_cvar,5000,100,5,"[0.1, 0.2, 0.35, 0.5, 0.65, 0.8, 1.0]",Polyak momentum gradient descent,True,True,True,20260726,10,0.18,0.35,6.0,0.7,2.5,lightning.qubit,,,,,,,,
shots=5000|steps=100|sim=lightning.qubit|seed_pairing=common_v2|alpha_start=1|ascending|erdos_renyi|2|0.5|2,restart,ascending,0.5,0.5,1.0,0.5,linear_descending_alpha,erdos_renyi,8.0,2.0,2.0,2.0,20260728.0,750302.0,"[1.9093349559311228, 0.014936831693126611, 0.4604455897891393, 2.9643566316254946]","[1.898352758654851, 0.30278895973868053, 0.4935960187215497, 2.656512163415103]",3.2087999999999988,0.54452,0.5458740000000002,0.5528799999999999,1.0,0.03,,,,,,,,,,,,,,,,,,,,,,,finite_shot_qaoa_maxcut_cvar,5000,100,5,"[0.1, 0.2, 0.35, 0.5, 0.65, 0.8, 1.0]",Polyak momentum gradient descent,True,True,True,20260726,10,0.18,0.35,6.0,0.7,2.5,lightning.qubit,,,,,,,,
shots=5000|steps=100|sim=lightning.qubit|seed_pairing=common_v2|alpha_start=1|ascending|erdos_renyi|2|0.5|3,restart,ascending,0.5,0.5,1.0,0.5,linear_descending_alpha,erdos_renyi,8.0,2.0,2.0,3.0,20260729.0,750303.0,"[0.09601236448568767, 0.01368452041539864, 2.124727888032644, 0.7164215210760676]","[0.45228827327826765, 6.066213076132983, 1.937956624298779, 0.7464383186803615]",0.7627999999999999,0.76712,0.7703520000000001,0.7790000000000001,1.0,0.2438,,,,,,,,,,,,,,,,,,,,,,,finite_shot_qaoa_maxcut_cvar,5000,100,5,"[0.1, 0.2, 0.35, 0.5, 0.65, 0.8, 1.0]",Polyak momentum gradient descent,True,True,True,20260726,10,0.18,0.35,6.0,0.7,2.5,lightning.qubit,,,,,,,,
shots=5000|steps=100|sim=lightning.qubit|seed_pairing=common_v2|alpha_start=1|ascending|erdos_renyi|2|0.5|4,restart,ascending,0.5,0.5,1.0,0.5,linear_descending_alpha,erdos_renyi,8.0,2.0,2.0,4.0,20260730.0,750304.0,"[3.0741951881358056, 2.9261393128026922, 2.13612737908406, 0.2423724789360562]","[2.8576555330829114, 2.710266717805362, 2.1278765074912362, 0.3762360238961083]",0.1364000000000001,0.8170200000000001,0.8131919999999999,0.8212599999999999,1.0,0.4317999999999999,,,,,,,,,,,,,,,,,,,,,,,finite_shot_qaoa_maxcut_cvar,5000,100,5,"[0.1, 0.2, 0.35, 0.5, 0.65, 0.8, 1.0]",Polyak momentum gradient descent,True,True,True,20260726,10,0.18,0.35,6.0,0.7,2.5,lightning.qubit,,,,,,,,
shots=5000|steps=100|sim=lightning.qubit|seed_pairing=common_v2|alpha_start=1|ascending|erdos_renyi|2|0.65|0,restart,ascending,0.65,0.35,1.0,0.65,linear_descending_alpha,erdos_renyi,8.0,2.0,2.0,0.0,20260726.0,750400.0,"[2.226844302927403, 2.7300075029351913, 1.8397074133679914, 2.174662247612199]","[2.8602822795855984, 2.7192758418394947, 2.121250248954853, 3.5153307608074824]",0.6178461538461548,0.81692,0.815882,0.8234600000000001,1.0,0.4274,,,,,,,,,,,,,,,,,,,,,,,finite_shot_qaoa_maxcut_cvar,5000,100,5,"[0.1, 0.2, 0.35, 0.5, 0.65, 0.8, 1.0]",Polyak momentum gradient descent,True,True,True,20260726,10,0.18,0.35,6.0,0.7,2.5,lightning.qubit,,,,,,,,
shots=5000|steps=100|sim=lightning.qubit|seed_pairing=common_v2|alpha_start=1|ascending|erdos_renyi|2|0.65|1,restart,ascending,0.65,0.35,1.0,0.65,linear_descending_alpha,erdos_renyi,8.0,2.0,2.0,1.0,20260727.0,750401.0,"[0.4756712476396966, 3.0965837239683074, 2.646028416497059, 1.5012931115137529]","[0.3218781092239282, 2.51923392266343, 2.89777925638146, 1.9207565742204438]",1.1692307692307693,0.7573799999999999,0.758888,0.7700199999999999,1.0,0.2978,,,,,,,,,,,,,,,,,,,,,,,finite_shot_qaoa_maxcut_cvar,5000,100,5,"[0.1, 0.2, 0.35, 0.5, 0.65, 0.8, 1.0]",Polyak momentum gradient descent,True,True,True,20260726,10,0.18,0.35,6.0,0.7,2.5,lightning.qubit,,,,,,,,
shots=5000|steps=100|sim=lightning.qubit|seed_pairing=common_v2|alpha_start=1|ascending|erdos_renyi|2|0.65|2,restart,ascending,0.65,0.35,1.0,0.65,linear_descending_alpha,erdos_renyi,8.0,2.0,2.0,2.0,20260728.0,750402.0,"[1.9093349559311228, 0.014936831693126611, 0.4604455897891393, 2.9643566316254946]","[1.9020508038159338, 0.3022326630926406, 0.5017127104109943, 2.653250129778308]",3.66215384615385,0.5422,0.5442020000000001,0.55332,1.0,0.0258,,,,,,,,,,,,,,,,,,,,,,,finite_shot_qaoa_maxcut_cvar,5000,100,5,"[0.1, 0.2, 0.35, 0.5, 0.65, 0.8, 1.0]",Polyak momentum gradient descent,True,True,True,20260726,10,0.18,0.35,6.0,0.7,2.5,lightning.qubit,,,,,,,,
shots=5000|steps=100|sim=lightning.qubit|seed_pairing=common_v2|alpha_start=1|ascending|erdos_renyi|2|0.65|3,restart,ascending,0.65,0.35,1.0,0.65,linear_descending_alpha,erdos_renyi,8.0,2.0,2.0,3.0,20260729.0,750403.0,"[0.09601236448568767, 0.01368452041539864, 2.124727888032644, 0.7164215210760676]","[0.4443229950456576, 6.07174818432721, 1.9303502080971564, 0.7751224798527949]",1.2018461538461536,0.7736400000000001,0.772112,0.78064,1.0,0.2474,,,,,,,,,,,,,,,,,,,,,,,finite_shot_qaoa_maxcut_cvar,5000,100,5,"[0.1, 0.2, 0.35, 0.5, 0.65, 0.8, 1.0]",Polyak momentum gradient descent,True,True,True,20260726,10,0.18,0.35,6.0,0.7,2.5,lightning.qubit,,,,,,,,
shots=5000|steps=100|sim=lightning.qubit|seed_pairing=common_v2|alpha_start=1|ascending|erdos_renyi|2|0.65|4,restart,ascending,0.65,0.35,1.0,0.65,linear_descending_alpha,erdos_renyi,8.0,2.0,2.0,4.0,20260730.0,750404.0,"[3.0741951881358056, 2.9261393128026922, 2.13612737908406, 0.2423724789360562]","[2.868812161566362, 2.721014912937171, 2.126553378662483, 0.3795006866436254]",0.6159999999999998,0.8165800000000001,0.8153159999999999,0.82378,1.0,0.4178,,,,,,,,,,,,,,,,,,,,,,,finite_shot_qaoa_maxcut_cvar,5000,100,5,"[0.1, 0.2, 0.35, 0.5, 0.65, 0.8, 1.0]",Polyak momentum gradient descent,True,True,True,20260726,10,0.18,0.35,6.0,0.7,2.5,lightning.qubit,,,,,,,,
shots=5000|steps=100|sim=lightning.qubit|seed_pairing=common_v2|alpha_start=1|ascending|erdos_renyi|2|0.8|0,restart,ascending,0.8,0.1999999999999999,1.0,0.8,linear_descending_alpha,erdos_renyi,8.0,2.0,2.0,0.0,20260726.0,750500.0,"[2.226844302927403, 2.7300075029351913, 1.8397074133679914, 2.174662247612199]","[2.871837223182694, 2.725318164291697, 2.122151908907996, 3.5124857168975114]",1.0640000000000007,0.82262,0.8174579999999999,0.8240399999999999,1.0,0.4185999999999999,,,,,,,,,,,,,,,,,,,,,,,finite_shot_qaoa_maxcut_cvar,5000,100,5,"[0.1, 0.2, 0.35, 0.5, 0.65, 0.8, 1.0]",Polyak momentum gradient descent,True,True,True,20260726,10,0.18,0.35,6.0,0.7,2.5,lightning.qubit,,,,,,,,
shots=5000|steps=100|sim=lightning.qubit|seed_pairing=common_v2|alpha_start=1|ascending|erdos_renyi|2|0.8|1,restart,ascending,0.8,0.1999999999999999,1.0,0.8,linear_descending_alpha,erdos_renyi,8.0,2.0,2.0,1.0,20260727.0,750501.0,"[0.4756712476396966, 3.0965837239683074, 2.646028416497059, 1.5012931115137529]","[0.4453775380352179, 2.9305852257176705, 1.9133716520143011, 2.38047057205758]",1.6322500000000009,0.7746000000000001,0.776088,0.78196,1.0,0.2346,,,,,,,,,,,,,,,,,,,,,,,finite_shot_qaoa_maxcut_cvar,5000,100,5,"[0.1, 0.2, 0.35, 0.5, 0.65, 0.8, 1.0]",Polyak momentum gradient descent,True,True,True,20260726,10,0.18,0.35,6.0,0.7,2.5,lightning.qubit,,,,,,,,
shots=5000|steps=100|sim=lightning.qubit|seed_pairing=common_v2|alpha_start=1|ascending|erdos_renyi|2|0.8|2,restart,ascending,0.8,0.1999999999999999,1.0,0.8,linear_descending_alpha,erdos_renyi,8.0,2.0,2.0,2.0,20260728.0,750502.0,"[1.9093349559311228, 0.014936831693126611, 0.4604455897891393, 2.9643566316254946]","[1.892998327574399, 0.3095855991044426, 0.4850150807000946, 2.6476433855266297]",3.997999999999998,0.54684,0.547274,0.5537799999999999,1.0,0.034,,,,,,,,,,,,,,,,,,,,,,,finite_shot_qaoa_maxcut_cvar,5000,100,5,"[0.1, 0.2, 0.35, 0.5, 0.65, 0.8, 1.0]",Polyak momentum gradient descent,True,True,True,20260726,10,0.18,0.35,6.0,0.7,2.5,lightning.qubit,,,,,,,,
shots=5000|steps=100|sim=lightning.qubit|seed_pairing=common_v2|alpha_start=1|ascending|erdos_renyi|2|0.8|3,restart,ascending,0.8,0.1999999999999999,1.0,0.8,linear_descending_alpha,erdos_renyi,8.0,2.0,2.0,3.0,20260729.0,750503.0,"[0.09601236448568767, 0.01368452041539864, 2.124727888032644, 0.7164215210760676]","[0.4483516378120828, 6.068291843924375, 1.9153176853359837, 0.805974171989097]",1.62925,0.77404,0.7757760000000001,0.7813000000000001,1.0,0.2435999999999999,,,,,,,,,,,,,,,,,,,,,,,finite_shot_qaoa_maxcut_cvar,5000,100,5,"[0.1, 0.2, 0.35, 0.5, 0.65, 0.8, 1.0]",Polyak momentum gradient descent,True,True,True,20260726,10,0.18,0.35,6.0,0.7,2.5,lightning.qubit,,,,,,,,
shots=5000|steps=100|sim=lightning.qubit|seed_pairing=common_v2|alpha_start=1|ascending|erdos_renyi|2|0.8|4,restart,ascending,0.8,0.1999999999999999,1.0,0.8,linear_descending_alpha,erdos_renyi,8.0,2.0,2.0,4.0,20260730.0,750504.0,"[3.0741951881358056, 2.9261393128026922, 2.13612737908406, 0.2423724789360562]","[2.874271327850079, 2.727353389882434, 2.120430511898912, 0.3645508926969255]",1.0957500000000002,0.818,0.8172699999999999,0.8227599999999999,1.0,0.4182,,,,,,,,,,,,,,,,,,,,,,,finite_shot_qaoa_maxcut_cvar,5000,100,5,"[0.1, 0.2, 0.35, 0.5, 0.65, 0.8, 1.0]",Polyak momentum gradient descent,True,True,True,20260726,10,0.18,0.35,6.0,0.7,2.5,lightning.qubit,,,,,,,,
shots=5000|steps=100|sim=lightning.qubit|seed_pairing=common_v2|alpha_start=1|ascending|erdos_renyi|2|1|0,restart,ascending,1.0,0.0,1.0,1.0,linear_descending_alpha,erdos_renyi,8.0,2.0,2.0,0.0,20260726.0,750600.0,"[2.226844302927403, 2.7300075029351913, 1.8397074133679914, 2.174662247612199]","[2.8793589624081104, 2.728197058774789, 2.1186807195890505, 3.497426330121694]",1.825,0.8175000000000001,0.8177920000000001,0.82362,1.0,0.4108,,,,,,,,,,,,,,,,,,,,,,,finite_shot_qaoa_maxcut_cvar,5000,100,5,"[0.1, 0.2, 0.35, 0.5, 0.65, 0.8, 1.0]",Polyak momentum gradient descent,True,True,True,20260726,10,0.18,0.35,6.0,0.7,2.5,lightning.qubit,,,,,,,,
shots=5000|steps=100|sim=lightning.qubit|seed_pairing=common_v2|alpha_start=1|ascending|erdos_renyi|2|1|1,restart,ascending,1.0,0.0,1.0,1.0,linear_descending_alpha,erdos_renyi,8.0,2.0,2.0,1.0,20260727.0,750601.0,"[0.4756712476396966, 3.0965837239683074, 2.646028416497059, 1.5012931115137529]","[0.28192206276420473, 2.536695141755873, 2.917733889129513, 1.8835662858263955]",2.321,0.7679,0.76754,0.77286,1.0,0.2784,,,,,,,,,,,,,,,,,,,,,,,finite_shot_qaoa_maxcut_cvar,5000,100,5,"[0.1, 0.2, 0.35, 0.5, 0.65, 0.8, 1.0]",Polyak momentum gradient descent,True,True,True,20260726,10,0.18,0.35,6.0,0.7,2.5,lightning.qubit,,,,,,,,
shots=5000|steps=100|sim=lightning.qubit|seed_pairing=common_v2|alpha_start=1|ascending|erdos_renyi|2|1|2,restart,ascending,1.0,0.0,1.0,1.0,linear_descending_alpha,erdos_renyi,8.0,2.0,2.0,2.0,20260728.0,750602.0,"[1.9093349559311228, 0.014936831693126611, 0.4604455897891393, 2.9643566316254946]","[1.8719128624049193, 0.3134251517275823, 0.45004400105888354, 2.68006464398799]",4.5159999999999965,0.5484,0.54744,0.5545,1.0,0.0286,,,,,,,,,,,,,,,,,,,,,,,finite_shot_qaoa_maxcut_cvar,5000,100,5,"[0.1, 0.2, 0.35, 0.5, 0.65, 0.8, 1.0]",Polyak momentum gradient descent,True,True,True,20260726,10,0.18,0.35,6.0,0.7,2.5,lightning.qubit,,,,,,,,
shots=5000|steps=100|sim=lightning.qubit|seed_pairing=common_v2|alpha_start=1|ascending|erdos_renyi|2|1|3,restart,ascending,1.0,0.0,1.0,1.0,linear_descending_alpha,erdos_renyi,8.0,2.0,2.0,3.0,20260729.0,750603.0,"[0.09601236448568767, 0.01368452041539864, 2.124727888032644, 0.7164215210760676]","[0.4295590861998736, 6.091690942138866, 1.9094944464265393, 0.8166507571041894]",2.2,0.7799999999999999,0.776794,0.7821999999999999,1.0,0.2366,,,,,,,,,,,,,,,,,,,,,,,finite_shot_qaoa_maxcut_cvar,5000,100,5,"[0.1, 0.2, 0.35, 0.5, 0.65, 0.8, 1.0]",Polyak momentum gradient descent,True,True,True,20260726,10,0.18,0.35,6.0,0.7,2.5,lightning.qubit,,,,,,,,
shots=5000|steps=100|sim=lightning.qubit|seed_pairing=common_v2|alpha_start=1|ascending|erdos_renyi|2|1|4,restart,ascending,1.0,0.0,1.0,1.0,linear_descending_alpha,erdos_renyi,8.0,2.0,2.0,4.0,20260730.0,750604.0,"[3.0741951881358056, 2.9261393128026922, 2.13612737908406, 0.2423724789360562]","[2.8845517341184954, 2.7266865373570557, 2.112838177237822, 0.35352941114856606]",1.8046,0.8195399999999999,0.8165140000000001,0.8239000000000001,1.0,0.4042,,,,,,,,,,,,,,,,,,,,,,,finite_shot_qaoa_maxcut_cvar,5000,100,5,"[0.1, 0.2, 0.35, 0.5, 0.65, 0.8, 1.0]",Polyak momentum gradient descent,True,True,True,20260726,10,0.18,0.35,6.0,0.7,2.5,lightning.qubit,,,,,,,,
shots=5000|steps=100|sim=lightning.qubit|seed_pairing=common_v2|alpha_start=1|ascending|erdos_renyi|3|0.1|0,restart,ascending,0.1,0.9,1.0,0.1,linear_descending_alpha,erdos_renyi,8.0,2.0,3.0,0.0,20260726.0,760000.0,"[2.226844302927403, 2.7300075029351913, 1.8397074133679914, 2.174662247612199]","[2.9585937803313263, 2.6762310135167118, 2.0470124801448315, 1.7961544128156817]",0.0,0.8250888888888889,0.8342577777777779,0.8510222222222222,1.0,0.1726,,,,,,,,,,,,,,,,,,,,,,,finite_shot_qaoa_maxcut_cvar,5000,100,5,"[0.1, 0.2, 0.35, 0.5, 0.65, 0.8, 1.0]",Polyak momentum gradient descent,True,True,True,20260726,10,0.18,0.35,6.0,0.7,2.5,lightning.qubit,,,,,,,,
shots=5000|steps=100|sim=lightning.qubit|seed_pairing=common_v2|alpha_start=1|ascending|erdos_renyi|3|0.1|1,restart,ascending,0.1,0.9,1.0,0.1,linear_descending_alpha,erdos_renyi,8.0,2.0,3.0,1.0,20260727.0,760001.0,"[0.4756712476396966, 3.0965837239683074, 2.646028416497059, 1.5012931115137529]","[0.514836687263776, 2.9485921133113044, 1.8851129001445464, 2.4544152044721375]",0.0,0.8221777777777777,0.8164888888888889,0.8221777777777777,1.0,0.202,,,,,,,,,,,,,,,,,,,,,,,finite_shot_qaoa_maxcut_cvar,5000,100,5,"[0.1, 0.2, 0.35, 0.5, 0.65, 0.8, 1.0]",Polyak momentum gradient descent,True,True,True,20260726,10,0.18,0.35,6.0,0.7,2.5,lightning.qubit,,,,,,,,
shots=5000|steps=100|sim=lightning.qubit|seed_pairing=common_v2|alpha_start=1|ascending|erdos_renyi|3|0.1|2,restart,ascending,0.1,0.9,1.0,0.1,linear_descending_alpha,erdos_renyi,8.0,2.0,3.0,2.0,20260728.0,760002.0,"[1.9093349559311228, 0.014936831693126611, 0.4604455897891393, 2.9643566316254946]","[1.861467020950414, 0.14480368263597865, 1.0381564671401984, 2.8095332568676423]",1.458,0.5780222222222222,0.57592,0.5824888888888888,1.0,0.0072,,,,,,,,,,,,,,,,,,,,,,,finite_shot_qaoa_maxcut_cvar,5000,100,5,"[0.1, 0.2, 0.35, 0.5, 0.65, 0.8, 1.0]",Polyak momentum gradient descent,True,True,True,20260726,10,0.18,0.35,6.0,0.7,2.5,lightning.qubit,,,,,,,,
shots=5000|steps=100|sim=lightning.qubit|seed_pairing=common_v2|alpha_start=1|ascending|erdos_renyi|3|0.1|3,restart,ascending,0.1,0.9,1.0,0.1,linear_descending_alpha,erdos_renyi,8.0,2.0,3.0,3.0,20260729.0,760003.0,"[0.09601236448568767, 0.01368452041539864, 2.124727888032644, 0.7164215210760676]","[0.5310613426616918, 6.030907884135776, 1.9194429488703664, 0.8077721285172083]",0.0,0.8045333333333333,0.8077644444444445,0.8288666666666666,1.0,0.2052,,,,,,,,,,,,,,,,,,,,,,,finite_shot_qaoa_maxcut_cvar,5000,100,5,"[0.1, 0.2, 0.35, 0.5, 0.65, 0.8, 1.0]",Polyak momentum gradient descent,True,True,True,20260726,10,0.18,0.35,6.0,0.7,2.5,lightning.qubit,,,,,,,,
shots=5000|steps=100|sim=lightning.qubit|seed_pairing=common_v2|alpha_start=1|ascending|erdos_renyi|3|0.1|4,restart,ascending,0.1,0.9,1.0,0.1,linear_descending_alpha,erdos_renyi,8.0,2.0,3.0,4.0,20260730.0,760004.0,"[3.0741951881358056, 2.9261393128026922, 2.13612737908406, 0.2423724789360562]","[2.9514486967715525, 2.656119485637313, 2.037125118464862, 0.2321457684531477]",0.0,0.8288444444444444,0.8384622222222221,0.8504222222222224,1.0,0.1752,,,,,,,,,,,,,,,,,,,,,,,finite_shot_qaoa_maxcut_cvar,5000,100,5,"[0.1, 0.2, 0.35, 0.5, 0.65, 0.8, 1.0]",Polyak momentum gradient descent,True,True,True,20260726,10,0.18,0.35,6.0,0.7,2.5,lightning.qubit,,,,,,,,
shots=5000|steps=100|sim=lightning.qubit|seed_pairing=common_v2|alpha_start=1|ascending|erdos_renyi|3|0.2|0,restart,ascending,0.2,0.8,1.0,0.2,linear_descending_alpha,erdos_renyi,8.0,2.0,3.0,0.0,20260726.0,760100.0,"[2.226844302927403, 2.7300075029351913, 1.8397074133679914, 2.174662247612199]","[2.819810204206821, 2.6322879814026345, 2.098038308143462, 1.9153359325115222]",0.0,0.8349555555555556,0.6863911111111111,0.8349555555555556,1.0,0.251,,,,,,,,,,,,,,,,,,,,,,,finite_shot_qaoa_maxcut_cvar,5000,100,5,"[0.1, 0.2, 0.35, 0.5, 0.65, 0.8, 1.0]",Polyak momentum gradient descent,True,True,True,20260726,10,0.18,0.35,6.0,0.7,2.5,lightning.qubit,,,,,,,,
shots=5000|steps=100|sim=lightning.qubit|seed_pairing=common_v2|alpha_start=1|ascending|erdos_renyi|3|0.2|1,restart,ascending,0.2,0.8,1.0,0.2,linear_descending_alpha,erdos_renyi,8.0,2.0,3.0,1.0,20260727.0,760101.0,"[0.4756712476396966, 3.0965837239683074, 2.646028416497059, 1.5012931115137529]","[0.4973472052168999, 2.9202558391065034, 1.9499166911467884, 2.3336617592189777]",0.0,0.8138000000000001,0.8060422222222222,0.8174222222222222,1.0,0.2234,,,,,,,,,,,,,,,,,,,,,,,finite_shot_qaoa_maxcut_cvar,5000,100,5,"[0.1, 0.2, 0.35, 0.5, 0.65, 0.8, 1.0]",Polyak momentum gradient descent,True,True,True,20260726,10,0.18,0.35,6.0,0.7,2.5,lightning.qubit,,,,,,,,
shots=5000|steps=100|sim=lightning.qubit|seed_pairing=common_v2|alpha_start=1|ascending|erdos_renyi|3|0.2|2,restart,ascending,0.2,0.8,1.0,0.2,linear_descending_alpha,erdos_renyi,8.0,2.0,3.0,2.0,20260728.0,760102.0,"[1.9093349559311228, 0.014936831693126611, 0.4604455897891393, 2.9643566316254946]","[1.8230082398029248, 0.13033765456085178, 1.037770114574126, 2.8378537624124283]",1.6720000000000002,0.5726888888888888,0.5756311111111111,0.5806,1.0,0.0084,,,,,,,,,,,,,,,,,,,,,,,finite_shot_qaoa_maxcut_cvar,5000,100,5,"[0.1, 0.2, 0.35, 0.5, 0.65, 0.8, 1.0]",Polyak momentum gradient descent,True,True,True,20260726,10,0.18,0.35,6.0,0.7,2.5,lightning.qubit,,,,,,,,
shots=5000|steps=100|sim=lightning.qubit|seed_pairing=common_v2|alpha_start=1|ascending|erdos_renyi|3|0.2|3,restart,ascending,0.2,0.8,1.0,0.2,linear_descending_alpha,erdos_renyi,8.0,2.0,3.0,3.0,20260729.0,760103.0,"[0.09601236448568767, 0.01368452041539864, 2.124727888032644, 0.7164215210760676]","[0.5005394616740325, 6.034368666095621, 1.9389020807728035, 0.7894731574208875]",0.0,0.8075333333333332,0.8074133333333334,0.8258888888888889,1.0,0.2282,,,,,,,,,,,,,,,,,,,,,,,finite_shot_qaoa_maxcut_cvar,5000,100,5,"[0.1, 0.2, 0.35, 0.5, 0.65, 0.8, 1.0]",Polyak momentum gradient descent,True,True,True,20260726,10,0.18,0.35,6.0,0.7,2.5,lightning.qubit,,,,,,,,
shots=5000|steps=100|sim=lightning.qubit|seed_pairing=common_v2|alpha_start=1|ascending|erdos_renyi|3|0.2|4,restart,ascending,0.2,0.8,1.0,0.2,linear_descending_alpha,erdos_renyi,8.0,2.0,3.0,4.0,20260730.0,760104.0,"[3.0741951881358056, 2.9261393128026922, 2.13612737908406, 0.2423724789360562]","[2.916515750084963, 2.66660854122244, 2.068679756699234, 0.27480850970674575]",0.0,0.8463111111111111,0.8463355555555555,0.8506888888888889,1.0,0.2282,,,,,,,,,,,,,,,,,,,,,,,finite_shot_qaoa_maxcut_cvar,5000,100,5,"[0.1, 0.2, 0.35, 0.5, 0.65, 0.8, 1.0]",Polyak momentum gradient descent,True,True,True,20260726,10,0.18,0.35,6.0,0.7,2.5,lightning.qubit,,,,,,,,
shots=5000|steps=100|sim=lightning.qubit|seed_pairing=common_v2|alpha_start=1|ascending|erdos_renyi|3|0.35|0,restart,ascending,0.35,0.65,1.0,0.35,linear_descending_alpha,erdos_renyi,8.0,2.0,3.0,0.0,20260726.0,760200.0,"[2.226844302927403, 2.7300075029351913, 1.8397074133679914, 2.174662247612199]","[2.313990316638133, 2.664119283968222, 2.0966102960396586, 2.355748300783588]",1.666285714285714,0.6358444444444444,0.6372422222222223,0.6506444444444445,1.0,0.0081999999999999,,,,,,,,,,,,,,,,,,,,,,,finite_shot_qaoa_maxcut_cvar,5000,100,5,"[0.1, 0.2, 0.35, 0.5, 0.65, 0.8, 1.0]",Polyak momentum gradient descent,True,True,True,20260726,10,0.18,0.35,6.0,0.7,2.5,lightning.qubit,,,,,,,,
shots=5000|steps=100|sim=lightning.qubit|seed_pairing=common_v2|alpha_start=1|ascending|erdos_renyi|3|0.35|1,restart,ascending,0.35,0.65,1.0,0.35,linear_descending_alpha,erdos_renyi,8.0,2.0,3.0,1.0,20260727.0,760201.0,"[0.4756712476396966, 3.0965837239683074, 2.646028416497059, 1.5012931115137529]","[0.507857741867335, 2.908299171666719, 1.9739848547601675, 2.3464641288836914]",0.3577142857142856,0.8082222222222222,0.8077266666666667,0.8169333333333333,1.0,0.2248,,,,,,,,,,,,,,,,,,,,,,,finite_shot_qaoa_maxcut_cvar,5000,100,5,"[0.1, 0.2, 0.35, 0.5, 0.65, 0.8, 1.0]",Polyak momentum gradient descent,True,True,True,20260726,10,0.18,0.35,6.0,0.7,2.5,lightning.qubit,,,,,,,,
shots=5000|steps=100|sim=lightning.qubit|seed_pairing=common_v2|alpha_start=1|ascending|erdos_renyi|3|0.35|2,restart,ascending,0.35,0.65,1.0,0.35,linear_descending_alpha,erdos_renyi,8.0,2.0,3.0,2.0,20260728.0,760202.0,"[1.9093349559311228, 0.014936831693126611, 0.4604455897891393, 2.9643566316254946]","[1.83801616512741, 0.10869226695851002, 1.0620118304335389, 2.8478726523979168]",2.259428571428571,0.5798666666666666,0.5767577777777778,0.5814666666666667,1.0,0.0078,,,,,,,,,,,,,,,,,,,,,,,finite_shot_qaoa_maxcut_cvar,5000,100,5,"[0.1, 0.2, 0.35, 0.5, 0.65, 0.8, 1.0]",Polyak momentum gradient descent,True,True,True,20260726,10,0.18,0.35,6.0,0.7,2.5,lightning.qubit,,,,,,,,
shots=5000|steps=100|sim=lightning.qubit|seed_pairing=common_v2|alpha_start=1|ascending|erdos_renyi|3|0.35|3,restart,ascending,0.35,0.65,1.0,0.35,linear_descending_alpha,erdos_renyi,8.0,2.0,3.0,3.0,20260729.0,760203.0,"[0.09601236448568767, 0.01368452041539864, 2.124727888032644, 0.7164215210760676]","[0.49800280642928346, 6.042270054075125, 1.9770196895605716, 0.7717833066017635]",0.3525714285714286,0.8054666666666667,0.8079355555555555,0.8280222222222222,1.0,0.2266,,,,,,,,,,,,,,,,,,,,,,,finite_shot_qaoa_maxcut_cvar,5000,100,5,"[0.1, 0.2, 0.35, 0.5, 0.65, 0.8, 1.0]",Polyak momentum gradient descent,True,True,True,20260726,10,0.18,0.35,6.0,0.7,2.5,lightning.qubit,,,,,,,,
shots=5000|steps=100|sim=lightning.qubit|seed_pairing=common_v2|alpha_start=1|ascending|erdos_renyi|3|0.35|4,restart,ascending,0.35,0.65,1.0,0.35,linear_descending_alpha,erdos_renyi,8.0,2.0,3.0,4.0,20260730.0,760204.0,"[3.0741951881358056, 2.9261393128026922, 2.13612737908406, 0.2423724789360562]","[2.8578849477807964, 2.6501330029797647, 2.0736154950371453, 0.33100925008376486]",0.2394285714285715,0.8451777777777778,0.8459199999999999,0.8502666666666667,1.0,0.2662,,,,,,,,,,,,,,,,,,,,,,,finite_shot_qaoa_maxcut_cvar,5000,100,5,"[0.1, 0.2, 0.35, 0.5, 0.65, 0.8, 1.0]",Polyak momentum gradient descent,True,True,True,20260726,10,0.18,0.35,6.0,0.7,2.5,lightning.qubit,,,,,,,,
shots=5000|steps=100|sim=lightning.qubit|seed_pairing=common_v2|alpha_start=1|ascending|erdos_renyi|3|0.5|0,restart,ascending,0.5,0.5,1.0,0.5,linear_descending_alpha,erdos_renyi,8.0,2.0,3.0,0.0,20260726.0,760300.0,"[2.226844302927403, 2.7300075029351913, 1.8397074133679914, 2.174662247612199]","[2.3270643700130953, 2.669491679796629, 2.0835506269998403, 2.352070965122167]",2.050800000000001,0.6318444444444444,0.6356955555555557,0.6510888888888888,1.0,0.0096,,,,,,,,,,,,,,,,,,,,,,,finite_shot_qaoa_maxcut_cvar,5000,100,5,"[0.1, 0.2, 0.35, 0.5, 0.65, 0.8, 1.0]",Polyak momentum gradient descent,True,True,True,20260726,10,0.18,0.35,6.0,0.7,2.5,lightning.qubit,,,,,,,,
shots=5000|steps=100|sim=lightning.qubit|seed_pairing=common_v2|alpha_start=1|ascending|erdos_renyi|3|0.5|1,restart,ascending,0.5,0.5,1.0,0.5,linear_descending_alpha,erdos_renyi,8.0,2.0,3.0,1.0,20260727.0,760301.0,"[0.4756712476396966, 3.0965837239683074, 2.646028416497059, 1.5012931115137529]","[0.496784300918231, 2.901449090257578, 1.9773798023805715, 2.343848487756767]",0.5388000000000001,0.8080888888888889,0.807188888888889,0.8216888888888889,1.0,0.2306,,,,,,,,,,,,,,,,,,,,,,,finite_shot_qaoa_maxcut_cvar,5000,100,5,"[0.1, 0.2, 0.35, 0.5, 0.65, 0.8, 1.0]",Polyak momentum gradient descent,True,True,True,20260726,10,0.18,0.35,6.0,0.7,2.5,lightning.qubit,,,,,,,,
shots=5000|steps=100|sim=lightning.qubit|seed_pairing=common_v2|alpha_start=1|ascending|erdos_renyi|3|0.5|2,restart,ascending,0.5,0.5,1.0,0.5,linear_descending_alpha,erdos_renyi,8.0,2.0,3.0,2.0,20260728.0,760302.0,"[1.9093349559311228, 0.014936831693126611, 0.4604455897891393, 2.9643566316254946]","[1.832457824933415, 0.11111389273164493, 1.0827303490909008, 2.8667284820111307]",2.5736000000000003,0.5769333333333333,0.5760933333333332,0.583111111111111,1.0,0.0062,,,,,,,,,,,,,,,,,,,,,,,finite_shot_qaoa_maxcut_cvar,5000,100,5,"[0.1, 0.2, 0.35, 0.5, 0.65, 0.8, 1.0]",Polyak momentum gradient descent,True,True,True,20260726,10,0.18,0.35,6.0,0.7,2.5,lightning.qubit,,,,,,,,
shots=5000|steps=100|sim=lightning.qubit|seed_pairing=common_v2|alpha_start=1|ascending|erdos_renyi|3|0.5|3,restart,ascending,0.5,0.5,1.0,0.5,linear_descending_alpha,erdos_renyi,8.0,2.0,3.0,3.0,20260729.0,760303.0,"[0.09601236448568767, 0.01368452041539864, 2.124727888032644, 0.7164215210760676]","[0.5050629773678416, 6.046568391643913, 1.9740636049191018, 0.7796135416674933]",0.5236,0.8120444444444445,0.8087088888888889,0.8261555555555555,1.0,0.2382,,,,,,,,,,,,,,,,,,,,,,,finite_shot_qaoa_maxcut_cvar,5000,100,5,"[0.1, 0.2, 0.35, 0.5, 0.65, 0.8, 1.0]",Polyak momentum gradient descent,True,True,True,20260726,10,0.18,0.35,6.0,0.7,2.5,lightning.qubit,,,,,,,,
shots=5000|steps=100|sim=lightning.qubit|seed_pairing=common_v2|alpha_start=1|ascending|erdos_renyi|3|0.5|4,restart,ascending,0.5,0.5,1.0,0.5,linear_descending_alpha,erdos_renyi,8.0,2.0,3.0,4.0,20260730.0,760304.0,"[3.0741951881358056, 2.9261393128026922, 2.13612737908406, 0.2423724789360562]","[2.8617757842671385, 2.6615463476327466, 2.0681466323762985, 0.32029188390828917]",0.4871999999999998,0.8471333333333333,0.847191111111111,0.8532,1.0,0.2564,,,,,,,,,,,,,,,,,,,,,,,finite_shot_qaoa_maxcut_cvar,5000,100,5,"[0.1, 0.2, 0.35, 0.5, 0.65, 0.8, 1.0]",Polyak momentum gradient descent,True,True,True,20260726,10,0.18,0.35,6.0,0.7,2.5,lightning.qubit,,,,,,,,
shots=5000|steps=100|sim=lightning.qubit|seed_pairing=common_v2|alpha_start=1|ascending|erdos_renyi|3|0.65|0,restart,ascending,0.65,0.35,1.0,0.65,linear_descending_alpha,erdos_renyi,8.0,2.0,3.0,0.0,20260726.0,760400.0,"[2.226844302927403, 2.7300075029351913, 1.8397074133679914, 2.174662247612199]","[2.2930187065728673, 2.6599015944613495, 2.071751298110294, 2.3558557714576827]",2.2624615384615385,0.6426666666666666,0.6424288888888889,0.6516666666666667,1.0,0.0154,,,,,,,,,,,,,,,,,,,,,,,finite_shot_qaoa_maxcut_cvar,5000,100,5,"[0.1, 0.2, 0.35, 0.5, 0.65, 0.8, 1.0]",Polyak momentum gradient descent,True,True,True,20260726,10,0.18,0.35,6.0,0.7,2.5,lightning.qubit,,,,,,,,
shots=5000|steps=100|sim=lightning.qubit|seed_pairing=common_v2|alpha_start=1|ascending|erdos_renyi|3|0.65|1,restart,ascending,0.65,0.35,1.0,0.65,linear_descending_alpha,erdos_renyi,8.0,2.0,3.0,1.0,20260727.0,760401.0,"[0.4756712476396966, 3.0965837239683074, 2.646028416497059, 1.5012931115137529]","[0.5079579869896984, 2.9089309567608317, 1.9666202570023834, 2.3596435718209077]",0.734461538461539,0.8110222222222223,0.8101888888888891,0.8250666666666666,1.0,0.2292,,,,,,,,,,,,,,,,,,,,,,,finite_shot_qaoa_maxcut_cvar,5000,100,5,"[0.1, 0.2, 0.35, 0.5, 0.65, 0.8, 1.0]",Polyak momentum gradient descent,True,True,True,20260726,10,0.18,0.35,6.0,0.7,2.5,lightning.qubit,,,,,,,,
shots=5000|steps=100|sim=lightning.qubit|seed_pairing=common_v2|alpha_start=1|ascending|erdos_renyi|3|0.65|2,restart,ascending,0.65,0.35,1.0,0.65,linear_descending_alpha,erdos_renyi,8.0,2.0,3.0,2.0,20260728.0,760402.0,"[1.9093349559311228, 0.014936831693126611, 0.4604455897891393, 2.9643566316254946]","[1.8311778658717688, 0.11560619883829608, 1.0596055733136993, 2.8947415718063105]",2.9218461538461526,0.5744888888888889,0.5763644444444445,0.581,1.0,0.0042,,,,,,,,,,,,,,,,,,,,,,,finite_shot_qaoa_maxcut_cvar,5000,100,5,"[0.1, 0.2, 0.35, 0.5, 0.65, 0.8, 1.0]",Polyak momentum gradient descent,True,True,True,20260726,10,0.18,0.35,6.0,0.7,2.5,lightning.qubit,,,,,,,,
shots=5000|steps=100|sim=lightning.qubit|seed_pairing=common_v2|alpha_start=1|ascending|erdos_renyi|3|0.65|3,restart,ascending,0.65,0.35,1.0,0.65,linear_descending_alpha,erdos_renyi,8.0,2.0,3.0,3.0,20260729.0,760403.0,"[0.09601236448568767, 0.01368452041539864, 2.124727888032644, 0.7164215210760676]","[0.5105777999449309, 6.043841705069759, 1.9647552230077783, 0.7940138508855308]",0.7483076923076919,0.8126666666666666,0.8119377777777776,0.8289333333333334,1.0,0.2254,,,,,,,,,,,,,,,,,,,,,,,finite_shot_qaoa_maxcut_cvar,5000,100,5,"[0.1, 0.2, 0.35, 0.5, 0.65, 0.8, 1.0]",Polyak momentum gradient descent,True,True,True,20260726,10,0.18,0.35,6.0,0.7,2.5,lightning.qubit,,,,,,,,
shots=5000|steps=100|sim=lightning.qubit|seed_pairing=common_v2|alpha_start=1|ascending|erdos_renyi|3|0.65|4,restart,ascending,0.65,0.35,1.0,0.65,linear_descending_alpha,erdos_renyi,8.0,2.0,3.0,4.0,20260730.0,760404.0,"[3.0741951881358056, 2.9261393128026922, 2.13612737908406, 0.2423724789360562]","[2.862935968707042, 2.6598533517697893, 2.0678954559483365, 0.3240347625712679]",0.608923076923077,0.8470888888888889,0.8466822222222221,0.8514444444444444,1.0,0.2542,,,,,,,,,,,,,,,,,,,,,,,finite_shot_qaoa_maxcut_cvar,5000,100,5,"[0.1, 0.2, 0.35, 0.5, 0.65, 0.8, 1.0]",Polyak momentum gradient descent,True,True,True,20260726,10,0.18,0.35,6.0,0.7,2.5,lightning.qubit,,,,,,,,
shots=5000|steps=100|sim=lightning.qubit|seed_pairing=common_v2|alpha_start=1|ascending|erdos_renyi|3|0.8|0,restart,ascending,0.8,0.1999999999999999,1.0,0.8,linear_descending_alpha,erdos_renyi,8.0,2.0,3.0,0.0,20260726.0,760500.0,"[2.226844302927403, 2.7300075029351913, 1.8397074133679914, 2.174662247612199]","[2.2813202513470703, 2.6448028618886332, 2.060233327161992, 2.3539876262497317]",2.5380000000000025,0.6461111111111111,0.6451133333333333,0.6536222222222222,1.0,0.0134,,,,,,,,,,,,,,,,,,,,,,,finite_shot_qaoa_maxcut_cvar,5000,100,5,"[0.1, 0.2, 0.35, 0.5, 0.65, 0.8, 1.0]",Polyak momentum gradient descent,True,True,True,20260726,10,0.18,0.35,6.0,0.7,2.5,lightning.qubit,,,,,,,,
shots=5000|steps=100|sim=lightning.qubit|seed_pairing=common_v2|alpha_start=1|ascending|erdos_renyi|3|0.8|1,restart,ascending,0.8,0.1999999999999999,1.0,0.8,linear_descending_alpha,erdos_renyi,8.0,2.0,3.0,1.0,20260727.0,760501.0,"[0.4756712476396966, 3.0965837239683074, 2.646028416497059, 1.5012931115137529]","[0.5045125779699277, 2.9138898682835492, 1.9568040204919708, 2.382790292346228]",0.998,0.8169333333333333,0.8162755555555556,0.8238,1.0,0.22,,,,,,,,,,,,,,,,,,,,,,,finite_shot_qaoa_maxcut_cvar,5000,100,5,"[0.1, 0.2, 0.35, 0.5, 0.65, 0.8, 1.0]",Polyak momentum gradient descent,True,True,True,20260726,10,0.18,0.35,6.0,0.7,2.5,lightning.qubit,,,,,,,,
shots=5000|steps=100|sim=lightning.qubit|seed_pairing=common_v2|alpha_start=1|ascending|erdos_renyi|3|0.8|2,restart,ascending,0.8,0.1999999999999999,1.0,0.8,linear_descending_alpha,erdos_renyi,8.0,2.0,3.0,2.0,20260728.0,760502.0,"[1.9093349559311228, 0.014936831693126611, 0.4604455897891393, 2.9643566316254946]","[1.8461564777465314, 0.11405989299198446, 1.0915896951461648, 2.8479099932212404]",3.228000000000003,0.5766,0.5764533333333334,0.5828888888888889,1.0,0.0072,,,,,,,,,,,,,,,,,,,,,,,finite_shot_qaoa_maxcut_cvar,5000,100,5,"[0.1, 0.2, 0.35, 0.5, 0.65, 0.8, 1.0]",Polyak momentum gradient descent,True,True,True,20260726,10,0.18,0.35,6.0,0.7,2.5,lightning.qubit,,,,,,,,
shots=5000|steps=100|sim=lightning.qubit|seed_pairing=common_v2|alpha_start=1|ascending|erdos_renyi|3|0.8|3,restart,ascending,0.8,0.1999999999999999,1.0,0.8,linear_descending_alpha,erdos_renyi,8.0,2.0,3.0,3.0,20260729.0,760503.0,"[0.09601236448568767, 0.01368452041539864, 2.124727888032644, 0.7164215210760676]","[0.4979018635713821, 6.0540201250907195, 1.9630278301548993, 0.8043483734380306]",0.9765000000000008,0.8162666666666667,0.81796,0.8274222222222222,1.0,0.2294,,,,,,,,,,,,,,,,,,,,,,,finite_shot_qaoa_maxcut_cvar,5000,100,5,"[0.1, 0.2, 0.35, 0.5, 0.65, 0.8, 1.0]",Polyak momentum gradient descent,True,True,True,20260726,10,0.18,0.35,6.0,0.7,2.5,lightning.qubit,,,,,,,,
shots=5000|steps=100|sim=lightning.qubit|seed_pairing=common_v2|alpha_start=1|ascending|erdos_renyi|3|0.8|4,restart,ascending,0.8,0.1999999999999999,1.0,0.8,linear_descending_alpha,erdos_renyi,8.0,2.0,3.0,4.0,20260730.0,760504.0,"[3.0741951881358056, 2.9261393128026922, 2.13612737908406, 0.2423724789360562]","[2.8547593439084578, 2.656113933281719, 2.0706802412610656, 0.32150809816237835]",0.8512500000000007,0.8510000000000001,0.8472466666666667,0.8531777777777778,1.0,0.2576,,,,,,,,,,,,,,,,,,,,,,,finite_shot_qaoa_maxcut_cvar,5000,100,5,"[0.1, 0.2, 0.35, 0.5, 0.65, 0.8, 1.0]",Polyak momentum gradient descent,True,True,True,20260726,10,0.18,0.35,6.0,0.7,2.5,lightning.qubit,,,,,,,,
shots=5000|steps=100|sim=lightning.qubit|seed_pairing=common_v2|alpha_start=1|ascending|erdos_renyi|3|1|0,restart,ascending,1.0,0.0,1.0,1.0,linear_descending_alpha,erdos_renyi,8.0,2.0,3.0,0.0,20260726.0,760600.0,"[2.226844302927403, 2.7300075029351913, 1.8397074133679914, 2.174662247612199]","[2.239701674376136, 2.6705281608551306, 2.055024287002051, 2.3853858853398733]",3.221,0.6421111111111111,0.6457599999999999,0.6540888888888889,1.0,0.0133999999999999,,,,,,,,,,,,,,,,,,,,,,,finite_shot_qaoa_maxcut_cvar,5000,100,5,"[0.1, 0.2, 0.35, 0.5, 0.65, 0.8, 1.0]",Polyak momentum gradient descent,True,True,True,20260726,10,0.18,0.35,6.0,0.7,2.5,lightning.qubit,,,,,,,,
shots=5000|steps=100|sim=lightning.qubit|seed_pairing=common_v2|alpha_start=1|ascending|erdos_renyi|3|1|1,restart,ascending,1.0,0.0,1.0,1.0,linear_descending_alpha,erdos_renyi,8.0,2.0,3.0,1.0,20260727.0,760601.0,"[0.4756712476396966, 3.0965837239683074, 2.646028416497059, 1.5012931115137529]","[0.4456375415177568, 2.9643407590098936, 1.9447381992389066, 2.384554493453318]",1.55,0.827777777777778,0.8276844444444447,0.8321333333333334,1.0,0.2152,,,,,,,,,,,,,,,,,,,,,,,finite_shot_qaoa_maxcut_cvar,5000,100,5,"[0.1, 0.2, 0.35, 0.5, 0.65, 0.8, 1.0]",Polyak momentum gradient descent,True,True,True,20260726,10,0.18,0.35,6.0,0.7,2.5,lightning.qubit,,,,,,,,
shots=5000|steps=100|sim=lightning.qubit|seed_pairing=common_v2|alpha_start=1|ascending|erdos_renyi|3|1|2,restart,ascending,1.0,0.0,1.0,1.0,linear_descending_alpha,erdos_renyi,8.0,2.0,3.0,2.0,20260728.0,760602.0,"[1.9093349559311228, 0.014936831693126611, 0.4604455897891393, 2.9643566316254946]","[1.889126747162389, 0.16050858598554332, 1.043942349942388, 2.7639940373858014]",3.769799999999998,0.5811333333333333,0.5783466666666668,0.5829111111111112,1.0,0.0098,,,,,,,,,,,,,,,,,,,,,,,finite_shot_qaoa_maxcut_cvar,5000,100,5,"[0.1, 0.2, 0.35, 0.5, 0.65, 0.8, 1.0]",Polyak momentum gradient descent,True,True,True,20260726,10,0.18,0.35,6.0,0.7,2.5,lightning.qubit,,,,,,,,
shots=5000|steps=100|sim=lightning.qubit|seed_pairing=common_v2|alpha_start=1|ascending|erdos_renyi|3|1|3,restart,ascending,1.0,0.0,1.0,1.0,linear_descending_alpha,erdos_renyi,8.0,2.0,3.0,3.0,20260729.0,760603.0,"[0.09601236448568767, 0.01368452041539864, 2.124727888032644, 0.7164215210760676]","[0.4412002227417348, 6.108092380492652, 1.9442607514722938, 0.8131935854188528]",1.5918,0.8231333333333334,0.8254977777777779,0.8319555555555556,1.0,0.2038,,,,,,,,,,,,,,,,,,,,,,,finite_shot_qaoa_maxcut_cvar,5000,100,5,"[0.1, 0.2, 0.35, 0.5, 0.65, 0.8, 1.0]",Polyak momentum gradient descent,True,True,True,20260726,10,0.18,0.35,6.0,0.7,2.5,lightning.qubit,,,,,,,,
shots=5000|steps=100|sim=lightning.qubit|seed_pairing=common_v2|alpha_start=1|ascending|erdos_renyi|3|1|4,restart,ascending,1.0,0.0,1.0,1.0,linear_descending_alpha,erdos_renyi,8.0,2.0,3.0,4.0,20260730.0,760604.0,"[3.0741951881358056, 2.9261393128026922, 2.13612737908406, 0.2423724789360562]","[2.884521010702564, 2.6677761768613517, 2.0561857177833347, 0.30151727859315147]",1.3704,0.8477333333333333,0.8480244444444445,0.8538666666666668,1.0,0.2408,,,,,,,,,,,,,,,,,,,,,,,finite_shot_qaoa_maxcut_cvar,5000,100,5,"[0.1, 0.2, 0.35, 0.5, 0.65, 0.8, 1.0]",Polyak momentum gradient descent,True,True,True,20260726,10,0.18,0.35,6.0,0.7,2.5,lightning.qubit,,,,,,,,
shots=5000|steps=100|sim=lightning.qubit|seed_pairing=common_v2|alpha_start=1|ascending|erdos_renyi|4|0.1|0,restart,ascending,0.1,0.9,1.0,0.1,linear_descending_alpha,erdos_renyi,8.0,2.0,4.0,0.0,20260726.0,770000.0,"[2.226844302927403, 2.7300075029351913, 1.8397074133679914, 2.174662247612199]","[2.0612193974818847, 2.4937501477894153, 1.9745242114670023, 2.691984263554369]",0.0,0.76482,0.7662100000000001,0.78,1.0,0.1432,,,,,,,,,,,,,,,,,,,,,,,finite_shot_qaoa_maxcut_cvar,5000,100,5,"[0.1, 0.2, 0.35, 0.5, 0.65, 0.8, 1.0]",Polyak momentum gradient descent,True,True,True,20260726,10,0.18,0.35,6.0,0.7,2.5,lightning.qubit,,,,,,,,
shots=5000|steps=100|sim=lightning.qubit|seed_pairing=common_v2|alpha_start=1|ascending|erdos_renyi|4|0.1|1,restart,ascending,0.1,0.9,1.0,0.1,linear_descending_alpha,erdos_renyi,8.0,2.0,4.0,1.0,20260727.0,770001.0,"[0.4756712476396966, 3.0965837239683074, 2.646028416497059, 1.5012931115137529]","[0.1760329331902429, 3.087942081341507, 2.1404716764621647, 2.1906879383790687]",0.0,0.8797,0.8921759999999999,0.90184,1.0,0.2423999999999999,,,,,,,,,,,,,,,,,,,,,,,finite_shot_qaoa_maxcut_cvar,5000,100,5,"[0.1, 0.2, 0.35, 0.5, 0.65, 0.8, 1.0]",Polyak momentum gradient descent,True,True,True,20260726,10,0.18,0.35,6.0,0.7,2.5,lightning.qubit,,,,,,,,
shots=5000|steps=100|sim=lightning.qubit|seed_pairing=common_v2|alpha_start=1|ascending|erdos_renyi|4|0.1|2,restart,ascending,0.1,0.9,1.0,0.1,linear_descending_alpha,erdos_renyi,8.0,2.0,4.0,2.0,20260728.0,770002.0,"[1.9093349559311228, 0.014936831693126611, 0.4604455897891393, 2.9643566316254946]","[2.893507487851233, 0.058724634622489766, 0.8391032686801259, 2.633234472312649]",0.0,0.89634,0.894866,0.8995599999999999,1.0,0.3198,,,,,,,,,,,,,,,,,,,,,,,finite_shot_qaoa_maxcut_cvar,5000,100,5,"[0.1, 0.2, 0.35, 0.5, 0.65, 0.8, 1.0]",Polyak momentum gradient descent,True,True,True,20260726,10,0.18,0.35,6.0,0.7,2.5,lightning.qubit,,,,,,,,
shots=5000|steps=100|sim=lightning.qubit|seed_pairing=common_v2|alpha_start=1|ascending|erdos_renyi|4|0.1|3,restart,ascending,0.1,0.9,1.0,0.1,linear_descending_alpha,erdos_renyi,8.0,2.0,4.0,3.0,20260729.0,770003.0,"[0.09601236448568767, 0.01368452041539864, 2.124727888032644, 0.7164215210760676]","[0.22184900095585497, 6.240907079959768, 1.966793735355344, 0.8328057998256099]",0.0,0.8811,0.896998,0.90664,1.0,0.2458,,,,,,,,,,,,,,,,,,,,,,,finite_shot_qaoa_maxcut_cvar,5000,100,5,"[0.1, 0.2, 0.35, 0.5, 0.65, 0.8, 1.0]",Polyak momentum gradient descent,True,True,True,20260726,10,0.18,0.35,6.0,0.7,2.5,lightning.qubit,,,,,,,,
shots=5000|steps=100|sim=lightning.qubit|seed_pairing=common_v2|alpha_start=1|ascending|erdos_renyi|4|0.1|4,restart,ascending,0.1,0.9,1.0,0.1,linear_descending_alpha,erdos_renyi,8.0,2.0,4.0,4.0,20260730.0,770004.0,"[3.0741951881358056, 2.9261393128026922, 2.13612737908406, 0.2423724789360562]","[3.006329670127409, 2.8097309014512524, 1.9164593747801464, 0.12760462570484654]",0.0,0.89484,0.900768,0.92168,1.0,0.2981999999999999,,,,,,,,,,,,,,,,,,,,,,,finite_shot_qaoa_maxcut_cvar,5000,100,5,"[0.1, 0.2, 0.35, 0.5, 0.65, 0.8, 1.0]",Polyak momentum gradient descent,True,True,True,20260726,10,0.18,0.35,6.0,0.7,2.5,lightning.qubit,,,,,,,,
shots=5000|steps=100|sim=lightning.qubit|seed_pairing=common_v2|alpha_start=1|ascending|erdos_renyi|4|0.2|0,restart,ascending,0.2,0.8,1.0,0.2,linear_descending_alpha,erdos_renyi,8.0,2.0,4.0,0.0,20260726.0,770100.0,"[2.226844302927403, 2.7300075029351913, 1.8397074133679914, 2.174662247612199]","[2.0590755147048894, 2.5269046776308026, 2.045277510242545, 2.6697622358420667]",0.2899999999999996,0.76922,0.7681600000000001,0.7780400000000001,1.0,0.142,,,,,,,,,,,,,,,,,,,,,,,finite_shot_qaoa_maxcut_cvar,5000,100,5,"[0.1, 0.2, 0.35, 0.5, 0.65, 0.8, 1.0]",Polyak momentum gradient descent,True,True,True,20260726,10,0.18,0.35,6.0,0.7,2.5,lightning.qubit,,,,,,,,
shots=5000|steps=100|sim=lightning.qubit|seed_pairing=common_v2|alpha_start=1|ascending|erdos_renyi|4|0.2|1,restart,ascending,0.2,0.8,1.0,0.2,linear_descending_alpha,erdos_renyi,8.0,2.0,4.0,1.0,20260727.0,770101.0,"[0.4756712476396966, 3.0965837239683074, 2.646028416497059, 1.5012931115137529]","[0.22123887880245358, 3.0942185562428315, 2.1079320020178445, 2.238523252109702]",0.0,0.89192,0.8883560000000001,0.9049600000000002,1.0,0.2852,,,,,,,,,,,,,,,,,,,,,,,finite_shot_qaoa_maxcut_cvar,5000,100,5,"[0.1, 0.2, 0.35, 0.5, 0.65, 0.8, 1.0]",Polyak momentum gradient descent,True,True,True,20260726,10,0.18,0.35,6.0,0.7,2.5,lightning.qubit,,,,,,,,
shots=5000|steps=100|sim=lightning.qubit|seed_pairing=common_v2|alpha_start=1|ascending|erdos_renyi|4|0.2|2,restart,ascending,0.2,0.8,1.0,0.2,linear_descending_alpha,erdos_renyi,8.0,2.0,4.0,2.0,20260728.0,770102.0,"[1.9093349559311228, 0.014936831693126611, 0.4604455897891393, 2.9643566316254946]","[2.8771910324846144, 0.08510773013483987, 0.6997467577510741, 2.758034673919746]",0.0,0.8899999999999999,0.886726,0.8899999999999999,1.0,0.3378,,,,,,,,,,,,,,,,,,,,,,,finite_shot_qaoa_maxcut_cvar,5000,100,5,"[0.1, 0.2, 0.35, 0.5, 0.65, 0.8, 1.0]",Polyak momentum gradient descent,True,True,True,20260726,10,0.18,0.35,6.0,0.7,2.5,lightning.qubit,,,,,,,,
shots=5000|steps=100|sim=lightning.qubit|seed_pairing=common_v2|alpha_start=1|ascending|erdos_renyi|4|0.2|3,restart,ascending,0.2,0.8,1.0,0.2,linear_descending_alpha,erdos_renyi,8.0,2.0,4.0,3.0,20260729.0,770103.0,"[0.09601236448568767, 0.01368452041539864, 2.124727888032644, 0.7164215210760676]","[0.33277112283969595, 6.183602209404975, 2.036651906948888, 0.7747099342520504]",0.0,0.90746,0.899572,0.90746,1.0,0.3788000000000001,,,,,,,,,,,,,,,,,,,,,,,finite_shot_qaoa_maxcut_cvar,5000,100,5,"[0.1, 0.2, 0.35, 0.5, 0.65, 0.8, 1.0]",Polyak momentum gradient descent,True,True,True,20260726,10,0.18,0.35,6.0,0.7,2.5,lightning.qubit,,,,,,,,
shots=5000|steps=100|sim=lightning.qubit|seed_pairing=common_v2|alpha_start=1|ascending|erdos_renyi|4|0.2|4,restart,ascending,0.2,0.8,1.0,0.2,linear_descending_alpha,erdos_renyi,8.0,2.0,4.0,4.0,20260730.0,770104.0,"[3.0741951881358056, 2.9261393128026922, 2.13612737908406, 0.2423724789360562]","[2.9913677810328725, 2.737072939979548, 1.9395477618773336, 0.16142180858808533]",0.0,0.9105,0.9154,0.9231,1.0,0.3514,,,,,,,,,,,,,,,,,,,,,,,finite_shot_qaoa_maxcut_cvar,5000,100,5,"[0.1, 0.2, 0.35, 0.5, 0.65, 0.8, 1.0]",Polyak momentum gradient descent,True,True,True,20260726,10,0.18,0.35,6.0,0.7,2.5,lightning.qubit,,,,,,,,
shots=5000|steps=100|sim=lightning.qubit|seed_pairing=common_v2|alpha_start=1|ascending|erdos_renyi|4|0.35|0,restart,ascending,0.35,0.65,1.0,0.35,linear_descending_alpha,erdos_renyi,8.0,2.0,4.0,0.0,20260726.0,770200.0,"[2.226844302927403, 2.7300075029351913, 1.8397074133679914, 2.174662247612199]","[2.0873989290366755, 2.6041998280956853, 1.9616783447755504, 2.556391198073857]",0.7051428571428573,0.7623,0.7655799999999999,0.77894,1.0,0.124,,,,,,,,,,,,,,,,,,,,,,,finite_shot_qaoa_maxcut_cvar,5000,100,5,"[0.1, 0.2, 0.35, 0.5, 0.65, 0.8, 1.0]",Polyak momentum gradient descent,True,True,True,20260726,10,0.18,0.35,6.0,0.7,2.5,lightning.qubit,,,,,,,,
shots=5000|steps=100|sim=lightning.qubit|seed_pairing=common_v2|alpha_start=1|ascending|erdos_renyi|4|0.35|1,restart,ascending,0.35,0.65,1.0,0.35,linear_descending_alpha,erdos_renyi,8.0,2.0,4.0,1.0,20260727.0,770201.0,"[0.4756712476396966, 3.0965837239683074, 2.646028416497059, 1.5012931115137529]","[0.36174028888245907, 2.999903071185381, 2.0874714439118005, 2.256078429510308]",0.0,0.8752599999999999,0.877114,0.89244,1.0,0.4048,,,,,,,,,,,,,,,,,,,,,,,finite_shot_qaoa_maxcut_cvar,5000,100,5,"[0.1, 0.2, 0.35, 0.5, 0.65, 0.8, 1.0]",Polyak momentum gradient descent,True,True,True,20260726,10,0.18,0.35,6.0,0.7,2.5,lightning.qubit,,,,,,,,
shots=5000|steps=100|sim=lightning.qubit|seed_pairing=common_v2|alpha_start=1|ascending|erdos_renyi|4|0.35|2,restart,ascending,0.35,0.65,1.0,0.35,linear_descending_alpha,erdos_renyi,8.0,2.0,4.0,2.0,20260728.0,770202.0,"[1.9093349559311228, 0.014936831693126611, 0.4604455897891393, 2.9643566316254946]","[2.8491836679478943, 0.07330431852821931, 0.8302820814139701, 2.6323523664202533]",0.0,0.8941600000000001,0.885454,0.89512,1.0,0.352,,,,,,,,,,,,,,,,,,,,,,,finite_shot_qaoa_maxcut_cvar,5000,100,5,"[0.1, 0.2, 0.35, 0.5, 0.65, 0.8, 1.0]",Polyak momentum gradient descent,True,True,True,20260726,10,0.18,0.35,6.0,0.7,2.5,lightning.qubit,,,,,,,,
shots=5000|steps=100|sim=lightning.qubit|seed_pairing=common_v2|alpha_start=1|ascending|erdos_renyi|4|0.35|3,restart,ascending,0.35,0.65,1.0,0.35,linear_descending_alpha,erdos_renyi,8.0,2.0,4.0,3.0,20260729.0,770203.0,"[0.09601236448568767, 0.01368452041539864, 2.124727888032644, 0.7164215210760676]","[0.3572935401733699, 6.15315192011965, 2.0538693789030047, 0.7411427154372069]",0.0,0.8971800000000002,0.8846639999999999,0.90454,1.0,0.4175999999999999,,,,,,,,,,,,,,,,,,,,,,,finite_shot_qaoa_maxcut_cvar,5000,100,5,"[0.1, 0.2, 0.35, 0.5, 0.65, 0.8, 1.0]",Polyak momentum gradient descent,True,True,True,20260726,10,0.18,0.35,6.0,0.7,2.5,lightning.qubit,,,,,,,,
shots=5000|steps=100|sim=lightning.qubit|seed_pairing=common_v2|alpha_start=1|ascending|erdos_renyi|4|0.35|4,restart,ascending,0.35,0.65,1.0,0.35,linear_descending_alpha,erdos_renyi,8.0,2.0,4.0,4.0,20260730.0,770204.0,"[3.0741951881358056, 2.9261393128026922, 2.13612737908406, 0.2423724789360562]","[2.9503647485581577, 2.6495498044991845, 1.986190345185529, 0.22239355822092052]",0.0,0.9203,0.914896,0.9203,1.0,0.4792,,,,,,,,,,,,,,,,,,,,,,,finite_shot_qaoa_maxcut_cvar,5000,100,5,"[0.1, 0.2, 0.35, 0.5, 0.65, 0.8, 1.0]",Polyak momentum gradient descent,True,True,True,20260726,10,0.18,0.35,6.0,0.7,2.5,lightning.qubit,,,,,,,,
shots=5000|steps=100|sim=lightning.qubit|seed_pairing=common_v2|alpha_start=1|ascending|erdos_renyi|4|0.5|0,restart,ascending,0.5,0.5,1.0,0.5,linear_descending_alpha,erdos_renyi,8.0,2.0,4.0,0.0,20260726.0,770300.0,"[2.226844302927403, 2.7300075029351913, 1.8397074133679914, 2.174662247612199]","[2.091660228624747, 2.607336784217171, 1.9549884164907727, 2.5370424651291494]",1.0636,0.7662599999999999,0.767112,0.7786199999999999,1.0,0.1262,,,,,,,,,,,,,,,,,,,,,,,finite_shot_qaoa_maxcut_cvar,5000,100,5,"[0.1, 0.2, 0.35, 0.5, 0.65, 0.8, 1.0]",Polyak momentum gradient descent,True,True,True,20260726,10,0.18,0.35,6.0,0.7,2.5,lightning.qubit,,,,,,,,
shots=5000|steps=100|sim=lightning.qubit|seed_pairing=common_v2|alpha_start=1|ascending|erdos_renyi|4|0.5|1,restart,ascending,0.5,0.5,1.0,0.5,linear_descending_alpha,erdos_renyi,8.0,2.0,4.0,1.0,20260727.0,770301.0,"[0.4756712476396966, 3.0965837239683074, 2.646028416497059, 1.5012931115137529]","[0.3861996450397608, 3.0063876175831314, 2.096583644854874, 2.278806187382782]",0.1467999999999999,0.8816200000000001,0.882464,0.8932800000000001,1.0,0.4266000000000001,,,,,,,,,,,,,,,,,,,,,,,finite_shot_qaoa_maxcut_cvar,5000,100,5,"[0.1, 0.2, 0.35, 0.5, 0.65, 0.8, 1.0]",Polyak momentum gradient descent,True,True,True,20260726,10,0.18,0.35,6.0,0.7,2.5,lightning.qubit,,,,,,,,
shots=5000|steps=100|sim=lightning.qubit|seed_pairing=common_v2|alpha_start=1|ascending|erdos_renyi|4|0.5|2,restart,ascending,0.5,0.5,1.0,0.5,linear_descending_alpha,erdos_renyi,8.0,2.0,4.0,2.0,20260728.0,770302.0,"[1.9093349559311228, 0.014936831693126611, 0.4604455897891393, 2.9643566316254946]","[2.8221020690132446, 0.1161908351695884, 0.822166877593523, 2.662545292428903]",0.2272000000000001,0.87722,0.874072,0.8814599999999999,1.0,0.3864,,,,,,,,,,,,,,,,,,,,,,,finite_shot_qaoa_maxcut_cvar,5000,100,5,"[0.1, 0.2, 0.35, 0.5, 0.65, 0.8, 1.0]",Polyak momentum gradient descent,True,True,True,20260726,10,0.18,0.35,6.0,0.7,2.5,lightning.qubit,,,,,,,,
shots=5000|steps=100|sim=lightning.qubit|seed_pairing=common_v2|alpha_start=1|ascending|erdos_renyi|4|0.5|3,restart,ascending,0.5,0.5,1.0,0.5,linear_descending_alpha,erdos_renyi,8.0,2.0,4.0,3.0,20260729.0,770303.0,"[0.09601236448568767, 0.01368452041539864, 2.124727888032644, 0.7164215210760676]","[0.3896127959492575, 6.146109664200228, 2.07436817404752, 0.7391682094323259]",0.1548,0.8851400000000001,0.8808659999999999,0.90626,1.0,0.4226,,,,,,,,,,,,,,,,,,,,,,,finite_shot_qaoa_maxcut_cvar,5000,100,5,"[0.1, 0.2, 0.35, 0.5, 0.65, 0.8, 1.0]",Polyak momentum gradient descent,True,True,True,20260726,10,0.18,0.35,6.0,0.7,2.5,lightning.qubit,,,,,,,,
shots=5000|steps=100|sim=lightning.qubit|seed_pairing=common_v2|alpha_start=1|ascending|erdos_renyi|4|0.5|4,restart,ascending,0.5,0.5,1.0,0.5,linear_descending_alpha,erdos_renyi,8.0,2.0,4.0,4.0,20260730.0,770304.0,"[3.0741951881358056, 2.9261393128026922, 2.13612737908406, 0.2423724789360562]","[2.866580382117827, 2.619983393191443, 1.969795499245424, 0.27162226569668724]",0.0,0.90122,0.8981200000000001,0.92084,1.0,0.5328,,,,,,,,,,,,,,,,,,,,,,,finite_shot_qaoa_maxcut_cvar,5000,100,5,"[0.1, 0.2, 0.35, 0.5, 0.65, 0.8, 1.0]",Polyak momentum gradient descent,True,True,True,20260726,10,0.18,0.35,6.0,0.7,2.5,lightning.qubit,,,,,,,,
shots=5000|steps=100|sim=lightning.qubit|seed_pairing=common_v2|alpha_start=1|ascending|erdos_renyi|4|0.65|0,restart,ascending,0.65,0.35,1.0,0.65,linear_descending_alpha,erdos_renyi,8.0,2.0,4.0,0.0,20260726.0,770400.0,"[2.226844302927403, 2.7300075029351913, 1.8397074133679914, 2.174662247612199]","[2.08676114514201, 2.6790089590010293, 1.9074582953149901, 2.5234801771972037]",1.3033846153846136,0.7734800000000001,0.7698200000000001,0.7787599999999999,1.0,0.1082,,,,,,,,,,,,,,,,,,,,,,,finite_shot_qaoa_maxcut_cvar,5000,100,5,"[0.1, 0.2, 0.35, 0.5, 0.65, 0.8, 1.0]",Polyak momentum gradient descent,True,True,True,20260726,10,0.18,0.35,6.0,0.7,2.5,lightning.qubit,,,,,,,,
shots=5000|steps=100|sim=lightning.qubit|seed_pairing=common_v2|alpha_start=1|ascending|erdos_renyi|4|0.65|1,restart,ascending,0.65,0.35,1.0,0.65,linear_descending_alpha,erdos_renyi,8.0,2.0,4.0,1.0,20260727.0,770401.0,"[0.4756712476396966, 3.0965837239683074, 2.646028416497059, 1.5012931115137529]","[0.38882659820821, 3.0073481809133273, 2.0943911095992047, 2.2875002337413055]",0.3609230769230769,0.8794000000000001,0.8817740000000001,0.89726,1.0,0.4154,,,,,,,,,,,,,,,,,,,,,,,finite_shot_qaoa_maxcut_cvar,5000,100,5,"[0.1, 0.2, 0.35, 0.5, 0.65, 0.8, 1.0]",Polyak momentum gradient descent,True,True,True,20260726,10,0.18,0.35,6.0,0.7,2.5,lightning.qubit,,,,,,,,
shots=5000|steps=100|sim=lightning.qubit|seed_pairing=common_v2|alpha_start=1|ascending|erdos_renyi|4|0.65|2,restart,ascending,0.65,0.35,1.0,0.65,linear_descending_alpha,erdos_renyi,8.0,2.0,4.0,2.0,20260728.0,770402.0,"[1.9093349559311228, 0.014936831693126611, 0.4604455897891393, 2.9643566316254946]","[2.3818224812645843, 0.006915892209929838, 0.4448300521219111, 2.9919714176069476]",1.4947692307692308,0.72596,0.723826,0.73998,1.0,0.1454,,,,,,,,,,,,,,,,,,,,,,,finite_shot_qaoa_maxcut_cvar,5000,100,5,"[0.1, 0.2, 0.35, 0.5, 0.65, 0.8, 1.0]",Polyak momentum gradient descent,True,True,True,20260726,10,0.18,0.35,6.0,0.7,2.5,lightning.qubit,,,,,,,,
shots=5000|steps=100|sim=lightning.qubit|seed_pairing=common_v2|alpha_start=1|ascending|erdos_renyi|4|0.65|3,restart,ascending,0.65,0.35,1.0,0.65,linear_descending_alpha,erdos_renyi,8.0,2.0,4.0,3.0,20260729.0,770403.0,"[0.09601236448568767, 0.01368452041539864, 2.124727888032644, 0.7164215210760676]","[0.3967882543443232, 6.142066707000251, 2.0681447195262295, 0.7460334651859145]",0.3479999999999998,0.88218,0.8852260000000001,0.90678,1.0,0.4238,,,,,,,,,,,,,,,,,,,,,,,finite_shot_qaoa_maxcut_cvar,5000,100,5,"[0.1, 0.2, 0.35, 0.5, 0.65, 0.8, 1.0]",Polyak momentum gradient descent,True,True,True,20260726,10,0.18,0.35,6.0,0.7,2.5,lightning.qubit,,,,,,,,
shots=5000|steps=100|sim=lightning.qubit|seed_pairing=common_v2|alpha_start=1|ascending|erdos_renyi|4|0.65|4,restart,ascending,0.65,0.35,1.0,0.65,linear_descending_alpha,erdos_renyi,8.0,2.0,4.0,4.0,20260730.0,770404.0,"[3.0741951881358056, 2.9261393128026922, 2.13612737908406, 0.2423724789360562]","[2.8724935509566865, 2.5964450741710037, 1.9809364858150147, 0.26845757170304996]",0.1996923076923075,0.8941800000000001,0.89802,0.9215599999999998,1.0,0.5202,,,,,,,,,,,,,,,,,,,,,,,finite_shot_qaoa_maxcut_cvar,5000,100,5,"[0.1, 0.2, 0.35, 0.5, 0.65, 0.8, 1.0]",Polyak momentum gradient descent,True,True,True,20260726,10,0.18,0.35,6.0,0.7,2.5,lightning.qubit,,,,,,,,
shots=5000|steps=100|sim=lightning.qubit|seed_pairing=common_v2|alpha_start=1|ascending|erdos_renyi|4|0.8|0,restart,ascending,0.8,0.1999999999999999,1.0,0.8,linear_descending_alpha,erdos_renyi,8.0,2.0,4.0,0.0,20260726.0,770500.0,"[2.226844302927403, 2.7300075029351913, 1.8397074133679914, 2.174662247612199]","[2.0554649515890038, 2.7042306642533775, 1.9152220424458475, 2.4338938742908516]",1.6627499999999988,0.7670000000000001,0.7710480000000001,0.7795,1.0,0.0994,,,,,,,,,,,,,,,,,,,,,,,finite_shot_qaoa_maxcut_cvar,5000,100,5,"[0.1, 0.2, 0.35, 0.5, 0.65, 0.8, 1.0]",Polyak momentum gradient descent,True,True,True,20260726,10,0.18,0.35,6.0,0.7,2.5,lightning.qubit,,,,,,,,
shots=5000|steps=100|sim=lightning.qubit|seed_pairing=common_v2|alpha_start=1|ascending|erdos_renyi|4|0.8|1,restart,ascending,0.8,0.1999999999999999,1.0,0.8,linear_descending_alpha,erdos_renyi,8.0,2.0,4.0,1.0,20260727.0,770501.0,"[0.4756712476396966, 3.0965837239683074, 2.646028416497059, 1.5012931115137529]","[0.384899589122659, 3.0100769712868334, 2.0557777128119787, 2.3366970172188397]",0.4827499999999999,0.88734,0.8911660000000001,0.90088,1.0,0.4137999999999999,,,,,,,,,,,,,,,,,,,,,,,finite_shot_qaoa_maxcut_cvar,5000,100,5,"[0.1, 0.2, 0.35, 0.5, 0.65, 0.8, 1.0]",Polyak momentum gradient descent,True,True,True,20260726,10,0.18,0.35,6.0,0.7,2.5,lightning.qubit,,,,,,,,
shots=5000|steps=100|sim=lightning.qubit|seed_pairing=common_v2|alpha_start=1|ascending|erdos_renyi|4|0.8|2,restart,ascending,0.8,0.1999999999999999,1.0,0.8,linear_descending_alpha,erdos_renyi,8.0,2.0,4.0,2.0,20260728.0,770502.0,"[1.9093349559311228, 0.014936831693126611, 0.4604455897891393, 2.9643566316254946]","[2.1943244154787074, 0.01698222404137895, 0.47947225380229075, 3.0495893757335497]",1.9862499999999976,0.7322,0.7329920000000001,0.7431,1.0,0.1084,,,,,,,,,,,,,,,,,,,,,,,finite_shot_qaoa_maxcut_cvar,5000,100,5,"[0.1, 0.2, 0.35, 0.5, 0.65, 0.8, 1.0]",Polyak momentum gradient descent,True,True,True,20260726,10,0.18,0.35,6.0,0.7,2.5,lightning.qubit,,,,,,,,
shots=5000|steps=100|sim=lightning.qubit|seed_pairing=common_v2|alpha_start=1|ascending|erdos_renyi|4|0.8|3,restart,ascending,0.8,0.1999999999999999,1.0,0.8,linear_descending_alpha,erdos_renyi,8.0,2.0,4.0,3.0,20260729.0,770503.0,"[0.09601236448568767, 0.01368452041539864, 2.124727888032644, 0.7164215210760676]","[0.39088977664620295, 6.15184627839826, 2.038715343717274, 0.7820473422924441]",0.4815,0.89222,0.891032,0.90868,1.0,0.4148,,,,,,,,,,,,,,,,,,,,,,,finite_shot_qaoa_maxcut_cvar,5000,100,5,"[0.1, 0.2, 0.35, 0.5, 0.65, 0.8, 1.0]",Polyak momentum gradient descent,True,True,True,20260726,10,0.18,0.35,6.0,0.7,2.5,lightning.qubit,,,,,,,,
shots=5000|steps=100|sim=lightning.qubit|seed_pairing=common_v2|alpha_start=1|ascending|erdos_renyi|4|0.8|4,restart,ascending,0.8,0.1999999999999999,1.0,0.8,linear_descending_alpha,erdos_renyi,8.0,2.0,4.0,4.0,20260730.0,770504.0,"[3.0741951881358056, 2.9261393128026922, 2.13612737908406, 0.2423724789360562]","[2.8748590171789603, 2.6103098051870526, 1.9808389007636122, 0.2707016750788375]",0.3794999999999998,0.8931800000000001,0.900894,0.9221,1.0,0.503,,,,,,,,,,,,,,,,,,,,,,,finite_shot_qaoa_maxcut_cvar,5000,100,5,"[0.1, 0.2, 0.35, 0.5, 0.65, 0.8, 1.0]",Polyak momentum gradient descent,True,True,True,20260726,10,0.18,0.35,6.0,0.7,2.5,lightning.qubit,,,,,,,,
shots=5000|steps=100|sim=lightning.qubit|seed_pairing=common_v2|alpha_start=1|ascending|erdos_renyi|4|1|0,restart,ascending,1.0,0.0,1.0,1.0,linear_descending_alpha,erdos_renyi,8.0,2.0,4.0,0.0,20260726.0,770600.0,"[2.226844302927403, 2.7300075029351913, 1.8397074133679914, 2.174662247612199]","[1.8918946843460673, 2.897747663642925, 1.9161759259752207, 2.3786177100318238]",2.231999999999998,0.7768,0.77767,0.78144,1.0,0.0684,,,,,,,,,,,,,,,,,,,,,,,finite_shot_qaoa_maxcut_cvar,5000,100,5,"[0.1, 0.2, 0.35, 0.5, 0.65, 0.8, 1.0]",Polyak momentum gradient descent,True,True,True,20260726,10,0.18,0.35,6.0,0.7,2.5,lightning.qubit,,,,,,,,
shots=5000|steps=100|sim=lightning.qubit|seed_pairing=common_v2|alpha_start=1|ascending|erdos_renyi|4|1|1,restart,ascending,1.0,0.0,1.0,1.0,linear_descending_alpha,erdos_renyi,8.0,2.0,4.0,1.0,20260727.0,770601.0,"[0.4756712476396966, 3.0965837239683074, 2.646028416497059, 1.5012931115137529]","[0.31796994927785227, 3.054121171618422, 2.026920527924537, 2.343912239282281]",0.9289999999999994,0.9071,0.906956,0.90922,1.0,0.3688,,,,,,,,,,,,,,,,,,,,,,,finite_shot_qaoa_maxcut_cvar,5000,100,5,"[0.1, 0.2, 0.35, 0.5, 0.65, 0.8, 1.0]",Polyak momentum gradient descent,True,True,True,20260726,10,0.18,0.35,6.0,0.7,2.5,lightning.qubit,,,,,,,,
shots=5000|steps=100|sim=lightning.qubit|seed_pairing=common_v2|alpha_start=1|ascending|erdos_renyi|4|1|2,restart,ascending,1.0,0.0,1.0,1.0,linear_descending_alpha,erdos_renyi,8.0,2.0,4.0,2.0,20260728.0,770602.0,"[1.9093349559311228, 0.014936831693126611, 0.4604455897891393, 2.9643566316254946]","[2.1390186051905116, 0.03171805393254296, 0.5464936595982576, 2.971946728035218]",2.6710000000000003,0.7329,0.73689,0.7414,1.0,0.1004,,,,,,,,,,,,,,,,,,,,,,,finite_shot_qaoa_maxcut_cvar,5000,100,5,"[0.1, 0.2, 0.35, 0.5, 0.65, 0.8, 1.0]",Polyak momentum gradient descent,True,True,True,20260726,10,0.18,0.35,6.0,0.7,2.5,lightning.qubit,,,,,,,,
shots=5000|steps=100|sim=lightning.qubit|seed_pairing=common_v2|alpha_start=1|ascending|erdos_renyi|4|1|3,restart,ascending,1.0,0.0,1.0,1.0,linear_descending_alpha,erdos_renyi,8.0,2.0,4.0,3.0,20260729.0,770603.0,"[0.09601236448568767, 0.01368452041539864, 2.124727888032644, 0.7164215210760676]","[0.3285452669457353, 6.192488698428967, 1.9922290231781539, 0.8096838761373707]",0.9422,0.90578,0.905642,0.90992,1.0,0.3567999999999999,,,,,,,,,,,,,,,,,,,,,,,finite_shot_qaoa_maxcut_cvar,5000,100,5,"[0.1, 0.2, 0.35, 0.5, 0.65, 0.8, 1.0]",Polyak momentum gradient descent,True,True,True,20260726,10,0.18,0.35,6.0,0.7,2.5,lightning.qubit,,,,,,,,
shots=5000|steps=100|sim=lightning.qubit|seed_pairing=common_v2|alpha_start=1|ascending|erdos_renyi|4|1|4,restart,ascending,1.0,0.0,1.0,1.0,linear_descending_alpha,erdos_renyi,8.0,2.0,4.0,4.0,20260730.0,770604.0,"[3.0741951881358056, 2.9261393128026922, 2.13612737908406, 0.2423724789360562]","[2.9483310448805895, 2.6901401290875206, 1.9484159710539957, 0.20821092317413864]",0.8109999999999999,0.9189,0.920162,0.92398,1.0,0.449,,,,,,,,,,,,,,,,,,,,,,,finite_shot_qaoa_maxcut_cvar,5000,100,5,"[0.1, 0.2, 0.35, 0.5, 0.65, 0.8, 1.0]",Polyak momentum gradient descent,True,True,True,20260726,10,0.18,0.35,6.0,0.7,2.5,lightning.qubit,,,,,,,,
shots=5000|steps=100|sim=lightning.qubit|seed_pairing=common_v2|alpha_start=1|fixed|erdos_renyi|0|0.1|0,restart,fixed,0.1,0.9,0.1,0.1,constant,erdos_renyi,8.0,2.0,0.0,0.0,20260726.0,730000.0,"[2.226844302927403, 2.7300075029351913, 1.8397074133679914, 2.174662247612199]","[1.7418060102887338, 2.010751398625925, 2.4178005305122903, 2.821722140149611]",0.0,0.7748571428571429,0.7795371428571428,0.7913142857142856,1.0,0.1664,,,,,,,,,,,,,,,,,,,,,,,finite_shot_qaoa_maxcut_cvar,5000,100,5,"[0.1, 0.2, 0.35, 0.5, 0.65, 0.8, 1.0]",Polyak momentum gradient descent,True,True,True,20260726,10,0.18,0.35,6.0,0.7,2.5,lightning.qubit,,,,,,,,
shots=5000|steps=100|sim=lightning.qubit|seed_pairing=common_v2|alpha_start=1|fixed|erdos_renyi|0|0.1|1,restart,fixed,0.1,0.9,0.1,0.1,constant,erdos_renyi,8.0,2.0,0.0,1.0,20260727.0,730001.0,"[0.4756712476396966, 3.0965837239683074, 2.646028416497059, 1.5012931115137529]","[0.28628437488061514, 2.973146465443975, 2.5209623560717986, 1.8291197872409066]",0.0,0.8247142857142856,0.8204685714285714,0.8262571428571429,1.0,0.2636,,,,,,,,,,,,,,,,,,,,,,,finite_shot_qaoa_maxcut_cvar,5000,100,5,"[0.1, 0.2, 0.35, 0.5, 0.65, 0.8, 1.0]",Polyak momentum gradient descent,True,True,True,20260726,10,0.18,0.35,6.0,0.7,2.5,lightning.qubit,,,,,,,,
shots=5000|steps=100|sim=lightning.qubit|seed_pairing=common_v2|alpha_start=1|fixed|erdos_renyi|0|0.1|2,restart,fixed,0.1,0.9,0.1,0.1,constant,erdos_renyi,8.0,2.0,0.0,2.0,20260728.0,730002.0,"[1.9093349559311228, 0.014936831693126611, 0.4604455897891393, 2.9643566316254946]","[1.7645852556587074, 5.098691758589501, 0.7105533968388033, 2.7748238125436333]",0.0,0.7730857142857143,0.7670800000000001,0.7730857142857143,1.0,0.1444,,,,,,,,,,,,,,,,,,,,,,,finite_shot_qaoa_maxcut_cvar,5000,100,5,"[0.1, 0.2, 0.35, 0.5, 0.65, 0.8, 1.0]",Polyak momentum gradient descent,True,True,True,20260726,10,0.18,0.35,6.0,0.7,2.5,lightning.qubit,,,,,,,,
shots=5000|steps=100|sim=lightning.qubit|seed_pairing=common_v2|alpha_start=1|fixed|erdos_renyi|0|0.1|3,restart,fixed,0.1,0.9,0.1,0.1,constant,erdos_renyi,8.0,2.0,0.0,3.0,20260729.0,730003.0,"[0.09601236448568767, 0.01368452041539864, 2.124727888032644, 0.7164215210760676]","[0.5235221700820495, 6.073963149677711, 1.864894514385754, 0.9272531708171058]",0.0,0.8694857142857143,0.868817142857143,0.8757428571428572,1.0,0.3198,,,,,,,,,,,,,,,,,,,,,,,finite_shot_qaoa_maxcut_cvar,5000,100,5,"[0.1, 0.2, 0.35, 0.5, 0.65, 0.8, 1.0]",Polyak momentum gradient descent,True,True,True,20260726,10,0.18,0.35,6.0,0.7,2.5,lightning.qubit,,,,,,,,
shots=5000|steps=100|sim=lightning.qubit|seed_pairing=common_v2|alpha_start=1|fixed|erdos_renyi|0|0.1|4,restart,fixed,0.1,0.9,0.1,0.1,constant,erdos_renyi,8.0,2.0,0.0,4.0,20260730.0,730004.0,"[3.0741951881358056, 2.9261393128026922, 2.13612737908406, 0.2423724789360562]","[2.9174244233919806, 2.6275749036352996, 1.9965263290331823, 0.16970953850276171]",0.0,0.8651714285714286,0.8735971428571428,0.8789142857142858,1.0,0.3,,,,,,,,,,,,,,,,,,,,,,,finite_shot_qaoa_maxcut_cvar,5000,100,5,"[0.1, 0.2, 0.35, 0.5, 0.65, 0.8, 1.0]",Polyak momentum gradient descent,True,True,True,20260726,10,0.18,0.35,6.0,0.7,2.5,lightning.qubit,,,,,,,,
shots=5000|steps=100|sim=lightning.qubit|seed_pairing=common_v2|alpha_start=1|fixed|erdos_renyi|0|0.2|0,restart,fixed,0.2,0.8,0.2,0.2,constant,erdos_renyi,8.0,2.0,0.0,0.0,20260726.0,730100.0,"[2.226844302927403, 2.7300075029351913, 1.8397074133679914, 2.174662247612199]","[2.209205291673314, 2.9443870278791544, 1.5512206958786698, 2.5015791973043746]",1.088,0.614,0.6146571428571428,0.6197428571428573,1.0,0.0244,,,,,,,,,,,,,,,,,,,,,,,finite_shot_qaoa_maxcut_cvar,5000,100,5,"[0.1, 0.2, 0.35, 0.5, 0.65, 0.8, 1.0]",Polyak momentum gradient descent,True,True,True,20260726,10,0.18,0.35,6.0,0.7,2.5,lightning.qubit,,,,,,,,
shots=5000|steps=100|sim=lightning.qubit|seed_pairing=common_v2|alpha_start=1|fixed|erdos_renyi|0|0.2|1,restart,fixed,0.2,0.8,0.2,0.2,constant,erdos_renyi,8.0,2.0,0.0,1.0,20260727.0,730101.0,"[0.4756712476396966, 3.0965837239683074, 2.646028416497059, 1.5012931115137529]","[0.2945577520873459, 2.9244352037425427, 2.5625268920542443, 1.8054262967724346]",0.0,0.820857142857143,0.8192,0.8316571428571429,1.0,0.2782,,,,,,,,,,,,,,,,,,,,,,,finite_shot_qaoa_maxcut_cvar,5000,100,5,"[0.1, 0.2, 0.35, 0.5, 0.65, 0.8, 1.0]",Polyak momentum gradient descent,True,True,True,20260726,10,0.18,0.35,6.0,0.7,2.5,lightning.qubit,,,,,,,,
shots=5000|steps=100|sim=lightning.qubit|seed_pairing=common_v2|alpha_start=1|fixed|erdos_renyi|0|0.2|2,restart,fixed,0.2,0.8,0.2,0.2,constant,erdos_renyi,8.0,2.0,0.0,2.0,20260728.0,730102.0,"[1.9093349559311228, 0.014936831693126611, 0.4604455897891393, 2.9643566316254946]","[1.6236870776395402, 5.123975626680638, 0.7343963716221138, 2.780099855220925]",0.0,0.8029142857142857,0.8026314285714286,0.8138285714285713,1.0,0.2119999999999999,,,,,,,,,,,,,,,,,,,,,,,finite_shot_qaoa_maxcut_cvar,5000,100,5,"[0.1, 0.2, 0.35, 0.5, 0.65, 0.8, 1.0]",Polyak momentum gradient descent,True,True,True,20260726,10,0.18,0.35,6.0,0.7,2.5,lightning.qubit,,,,,,,,
shots=5000|steps=100|sim=lightning.qubit|seed_pairing=common_v2|alpha_start=1|fixed|erdos_renyi|0|0.2|3,restart,fixed,0.2,0.8,0.2,0.2,constant,erdos_renyi,8.0,2.0,0.0,3.0,20260729.0,730103.0,"[0.09601236448568767, 0.01368452041539864, 2.124727888032644, 0.7164215210760676]","[0.5064039812079938, 6.084778843362318, 1.8533335389124725, 0.944844591193562]",0.0,0.8645714285714287,0.8648142857142856,0.8711142857142857,1.0,0.3117999999999999,,,,,,,,,,,,,,,,,,,,,,,finite_shot_qaoa_maxcut_cvar,5000,100,5,"[0.1, 0.2, 0.35, 0.5, 0.65, 0.8, 1.0]",Polyak momentum gradient descent,True,True,True,20260726,10,0.18,0.35,6.0,0.7,2.5,lightning.qubit,,,,,,,,
shots=5000|steps=100|sim=lightning.qubit|seed_pairing=common_v2|alpha_start=1|fixed|erdos_renyi|0|0.2|4,restart,fixed,0.2,0.8,0.2,0.2,constant,erdos_renyi,8.0,2.0,0.0,4.0,20260730.0,730104.0,"[3.0741951881358056, 2.9261393128026922, 2.13612737908406, 0.2423724789360562]","[2.8955290154883455, 2.6278767658692215, 1.9999258544940492, 0.18059972718334596]",0.0,0.8739714285714287,0.8724314285714285,0.8856857142857143,1.0,0.3272,,,,,,,,,,,,,,,,,,,,,,,finite_shot_qaoa_maxcut_cvar,5000,100,5,"[0.1, 0.2, 0.35, 0.5, 0.65, 0.8, 1.0]",Polyak momentum gradient descent,True,True,True,20260726,10,0.18,0.35,6.0,0.7,2.5,lightning.qubit,,,,,,,,
shots=5000|steps=100|sim=lightning.qubit|seed_pairing=common_v2|alpha_start=1|fixed|erdos_renyi|0|0.35|0,restart,fixed,0.35,0.65,0.35,0.35,constant,erdos_renyi,8.0,2.0,0.0,0.0,20260726.0,730200.0,"[2.226844302927403, 2.7300075029351913, 1.8397074133679914, 2.174662247612199]","[2.1781379345389897, 2.983650878328001, 1.5504392604657515, 2.4829841294400468]",1.494857142857142,0.6092285714285713,0.6147285714285714,0.6225142857142857,1.0,0.0234,,,,,,,,,,,,,,,,,,,,,,,finite_shot_qaoa_maxcut_cvar,5000,100,5,"[0.1, 0.2, 0.35, 0.5, 0.65, 0.8, 1.0]",Polyak momentum gradient descent,True,True,True,20260726,10,0.18,0.35,6.0,0.7,2.5,lightning.qubit,,,,,,,,
shots=5000|steps=100|sim=lightning.qubit|seed_pairing=common_v2|alpha_start=1|fixed|erdos_renyi|0|0.35|1,restart,fixed,0.35,0.65,0.35,0.35,constant,erdos_renyi,8.0,2.0,0.0,1.0,20260727.0,730201.0,"[0.4756712476396966, 3.0965837239683074, 2.646028416497059, 1.5012931115137529]","[0.4659591064032861, 2.973474622977259, 1.998806326061944, 2.3325547586815603]",0.0108571428571429,0.8673428571428571,0.8678742857142858,0.8724571428571429,1.0,0.3461999999999999,,,,,,,,,,,,,,,,,,,,,,,finite_shot_qaoa_maxcut_cvar,5000,100,5,"[0.1, 0.2, 0.35, 0.5, 0.65, 0.8, 1.0]",Polyak momentum gradient descent,True,True,True,20260726,10,0.18,0.35,6.0,0.7,2.5,lightning.qubit,,,,,,,,
shots=5000|steps=100|sim=lightning.qubit|seed_pairing=common_v2|alpha_start=1|fixed|erdos_renyi|0|0.35|2,restart,fixed,0.35,0.65,0.35,0.35,constant,erdos_renyi,8.0,2.0,0.0,2.0,20260728.0,730202.0,"[1.9093349559311228, 0.014936831693126611, 0.4604455897891393, 2.9643566316254946]","[2.083726400954585, 5.6493025311288445, 0.5526153050263811, 2.6042656906547745]",0.9999999999999996,0.6500000000000001,0.6440371428571429,0.6508285714285714,1.0,0.0786,,,,,,,,,,,,,,,,,,,,,,,finite_shot_qaoa_maxcut_cvar,5000,100,5,"[0.1, 0.2, 0.35, 0.5, 0.65, 0.8, 1.0]",Polyak momentum gradient descent,True,True,True,20260726,10,0.18,0.35,6.0,0.7,2.5,lightning.qubit,,,,,,,,
shots=5000|steps=100|sim=lightning.qubit|seed_pairing=common_v2|alpha_start=1|fixed|erdos_renyi|0|0.35|3,restart,fixed,0.35,0.65,0.35,0.35,constant,erdos_renyi,8.0,2.0,0.0,3.0,20260729.0,730203.0,"[0.09601236448568767, 0.01368452041539864, 2.124727888032644, 0.7164215210760676]","[0.5626190569719284, 6.0364849016892475, 1.8756994166057894, 0.9128571856383159]",0.0,0.8773142857142856,0.8754714285714286,0.8796285714285715,1.0,0.3583999999999999,,,,,,,,,,,,,,,,,,,,,,,finite_shot_qaoa_maxcut_cvar,5000,100,5,"[0.1, 0.2, 0.35, 0.5, 0.65, 0.8, 1.0]",Polyak momentum gradient descent,True,True,True,20260726,10,0.18,0.35,6.0,0.7,2.5,lightning.qubit,,,,,,,,
shots=5000|steps=100|sim=lightning.qubit|seed_pairing=common_v2|alpha_start=1|fixed|erdos_renyi|0|0.35|4,restart,fixed,0.35,0.65,0.35,0.35,constant,erdos_renyi,8.0,2.0,0.0,4.0,20260730.0,730204.0,"[3.0741951881358056, 2.9261393128026922, 2.13612737908406, 0.2423724789360562]","[2.884051959030782, 2.588290481546016, 2.0235512010124763, 0.19989632357658518]",0.0,0.8816571428571428,0.8844514285714287,0.8892285714285714,1.0,0.3594,,,,,,,,,,,,,,,,,,,,,,,finite_shot_qaoa_maxcut_cvar,5000,100,5,"[0.1, 0.2, 0.35, 0.5, 0.65, 0.8, 1.0]",Polyak momentum gradient descent,True,True,True,20260726,10,0.18,0.35,6.0,0.7,2.5,lightning.qubit,,,,,,,,
shots=5000|steps=100|sim=lightning.qubit|seed_pairing=common_v2|alpha_start=1|fixed|erdos_renyi|0|0.5|0,restart,fixed,0.5,0.5,0.5,0.5,constant,erdos_renyi,8.0,2.0,0.0,0.0,20260726.0,730300.0,"[2.226844302927403, 2.7300075029351913, 1.8397074133679914, 2.174662247612199]","[2.2394455924644663, 2.926522350763522, 1.631401045157526, 2.4801986722393154]",1.7160000000000002,0.6172285714285713,0.619,0.6246285714285715,1.0,0.0222,,,,,,,,,,,,,,,,,,,,,,,finite_shot_qaoa_maxcut_cvar,5000,100,5,"[0.1, 0.2, 0.35, 0.5, 0.65, 0.8, 1.0]",Polyak momentum gradient descent,True,True,True,20260726,10,0.18,0.35,6.0,0.7,2.5,lightning.qubit,,,,,,,,
shots=5000|steps=100|sim=lightning.qubit|seed_pairing=common_v2|alpha_start=1|fixed|erdos_renyi|0|0.5|1,restart,fixed,0.5,0.5,0.5,0.5,constant,erdos_renyi,8.0,2.0,0.0,1.0,20260727.0,730301.0,"[0.4756712476396966, 3.0965837239683074, 2.646028416497059, 1.5012931115137529]","[0.45521886022394564, 2.9458313091655195, 2.08644351739555, 2.244596663422799]",0.2556000000000001,0.8608000000000001,0.8508714285714285,0.8608000000000001,1.0,0.3722,,,,,,,,,,,,,,,,,,,,,,,finite_shot_qaoa_maxcut_cvar,5000,100,5,"[0.1, 0.2, 0.35, 0.5, 0.65, 0.8, 1.0]",Polyak momentum gradient descent,True,True,True,20260726,10,0.18,0.35,6.0,0.7,2.5,lightning.qubit,,,,,,,,
shots=5000|steps=100|sim=lightning.qubit|seed_pairing=common_v2|alpha_start=1|fixed|erdos_renyi|0|0.5|2,restart,fixed,0.5,0.5,0.5,0.5,constant,erdos_renyi,8.0,2.0,0.0,2.0,20260728.0,730302.0,"[1.9093349559311228, 0.014936831693126611, 0.4604455897891393, 2.9643566316254946]","[1.930288310931065, 0.11579023463600582, 6.210549991666866, 2.570039353764674]",1.711599999999999,0.6197999999999999,0.6168599999999999,0.6242000000000001,1.0,0.0208,,,,,,,,,,,,,,,,,,,,,,,finite_shot_qaoa_maxcut_cvar,5000,100,5,"[0.1, 0.2, 0.35, 0.5, 0.65, 0.8, 1.0]",Polyak momentum gradient descent,True,True,True,20260726,10,0.18,0.35,6.0,0.7,2.5,lightning.qubit,,,,,,,,
shots=5000|steps=100|sim=lightning.qubit|seed_pairing=common_v2|alpha_start=1|fixed|erdos_renyi|0|0.5|3,restart,fixed,0.5,0.5,0.5,0.5,constant,erdos_renyi,8.0,2.0,0.0,3.0,20260729.0,730303.0,"[0.09601236448568767, 0.01368452041539864, 2.124727888032644, 0.7164215210760676]","[0.6156909958600412, 5.978749163819688, 1.9548893129893592, 0.8623139820208069]",0.2068000000000002,0.8670285714285715,0.8701285714285714,0.8753142857142857,1.0,0.3965999999999999,,,,,,,,,,,,,,,,,,,,,,,finite_shot_qaoa_maxcut_cvar,5000,100,5,"[0.1, 0.2, 0.35, 0.5, 0.65, 0.8, 1.0]",Polyak momentum gradient descent,True,True,True,20260726,10,0.18,0.35,6.0,0.7,2.5,lightning.qubit,,,,,,,,
shots=5000|steps=100|sim=lightning.qubit|seed_pairing=common_v2|alpha_start=1|fixed|erdos_renyi|0|0.5|4,restart,fixed,0.5,0.5,0.5,0.5,constant,erdos_renyi,8.0,2.0,0.0,4.0,20260730.0,730304.0,"[3.0741951881358056, 2.9261393128026922, 2.13612737908406, 0.2423724789360562]","[2.8043905857034375, 2.5071127646704285, 2.091023333366362, 0.29694164855824823]",0.1184000000000001,0.8816285714285714,0.88048,0.8841428571428571,1.0,0.4407999999999999,,,,,,,,,,,,,,,,,,,,,,,finite_shot_qaoa_maxcut_cvar,5000,100,5,"[0.1, 0.2, 0.35, 0.5, 0.65, 0.8, 1.0]",Polyak momentum gradient descent,True,True,True,20260726,10,0.18,0.35,6.0,0.7,2.5,lightning.qubit,,,,,,,,
shots=5000|steps=100|sim=lightning.qubit|seed_pairing=common_v2|alpha_start=1|fixed|erdos_renyi|0|0.65|0,restart,fixed,0.65,0.35,0.65,0.65,constant,erdos_renyi,8.0,2.0,0.0,0.0,20260726.0,730400.0,"[2.226844302927403, 2.7300075029351913, 1.8397074133679914, 2.174662247612199]","[2.805785867822816, 2.4996248196523143, 2.0958970736432256, 1.8654949019295823]",0.3363076923076925,0.8811142857142856,0.87866,0.8887142857142857,1.0,0.4313999999999999,,,,,,,,,,,,,,,,,,,,,,,finite_shot_qaoa_maxcut_cvar,5000,100,5,"[0.1, 0.2, 0.35, 0.5, 0.65, 0.8, 1.0]",Polyak momentum gradient descent,True,True,True,20260726,10,0.18,0.35,6.0,0.7,2.5,lightning.qubit,,,,,,,,
shots=5000|steps=100|sim=lightning.qubit|seed_pairing=common_v2|alpha_start=1|fixed|erdos_renyi|0|0.65|1,restart,fixed,0.65,0.35,0.65,0.65,constant,erdos_renyi,8.0,2.0,0.0,1.0,20260727.0,730401.0,"[0.4756712476396966, 3.0965837239683074, 2.646028416497059, 1.5012931115137529]","[0.4275702001384693, 2.9624350079471022, 2.139536662312088, 2.1844448472925024]",0.4738461538461536,0.8455428571428572,0.8440228571428573,0.8499142857142858,1.0,0.342,,,,,,,,,,,,,,,,,,,,,,,finite_shot_qaoa_maxcut_cvar,5000,100,5,"[0.1, 0.2, 0.35, 0.5, 0.65, 0.8, 1.0]",Polyak momentum gradient descent,True,True,True,20260726,10,0.18,0.35,6.0,0.7,2.5,lightning.qubit,,,,,,,,
shots=5000|steps=100|sim=lightning.qubit|seed_pairing=common_v2|alpha_start=1|fixed|erdos_renyi|0|0.65|2,restart,fixed,0.65,0.35,0.65,0.65,constant,erdos_renyi,8.0,2.0,0.0,2.0,20260728.0,730402.0,"[1.9093349559311228, 0.014936831693126611, 0.4604455897891393, 2.9643566316254946]","[1.5277389882857308, 5.09708528172259, 0.8392079543776176, 2.746454476239035]",0.6683076923076918,0.8090285714285714,0.7720657142857144,0.8097714285714286,1.0,0.2285999999999999,,,,,,,,,,,,,,,,,,,,,,,finite_shot_qaoa_maxcut_cvar,5000,100,5,"[0.1, 0.2, 0.35, 0.5, 0.65, 0.8, 1.0]",Polyak momentum gradient descent,True,True,True,20260726,10,0.18,0.35,6.0,0.7,2.5,lightning.qubit,,,,,,,,
shots=5000|steps=100|sim=lightning.qubit|seed_pairing=common_v2|alpha_start=1|fixed|erdos_renyi|0|0.65|3,restart,fixed,0.65,0.35,0.65,0.65,constant,erdos_renyi,8.0,2.0,0.0,3.0,20260729.0,730403.0,"[0.09601236448568767, 0.01368452041539864, 2.124727888032644, 0.7164215210760676]","[0.6207489939573353, 5.9735530354068755, 1.9586569487836463, 0.8663358894300219]",0.4021538461538459,0.8699428571428571,0.8696971428571431,0.8768,1.0,0.3886,,,,,,,,,,,,,,,,,,,,,,,finite_shot_qaoa_maxcut_cvar,5000,100,5,"[0.1, 0.2, 0.35, 0.5, 0.65, 0.8, 1.0]",Polyak momentum gradient descent,True,True,True,20260726,10,0.18,0.35,6.0,0.7,2.5,lightning.qubit,,,,,,,,
shots=5000|steps=100|sim=lightning.qubit|seed_pairing=common_v2|alpha_start=1|fixed|erdos_renyi|0|0.65|4,restart,fixed,0.65,0.35,0.65,0.65,constant,erdos_renyi,8.0,2.0,0.0,4.0,20260730.0,730404.0,"[3.0741951881358056, 2.9261393128026922, 2.13612737908406, 0.2423724789360562]","[2.806118988366901, 2.504857739171334, 2.0936355183495334, 0.29761441344733025]",0.3387692307692306,0.8788285714285714,0.8790971428571428,0.8845714285714286,1.0,0.4298,,,,,,,,,,,,,,,,,,,,,,,finite_shot_qaoa_maxcut_cvar,5000,100,5,"[0.1, 0.2, 0.35, 0.5, 0.65, 0.8, 1.0]",Polyak momentum gradient descent,True,True,True,20260726,10,0.18,0.35,6.0,0.7,2.5,lightning.qubit,,,,,,,,
shots=5000|steps=100|sim=lightning.qubit|seed_pairing=common_v2|alpha_start=1|fixed|erdos_renyi|0|0.8|0,restart,fixed,0.8,0.1999999999999999,0.8,0.8,constant,erdos_renyi,8.0,2.0,0.0,0.0,20260726.0,730500.0,"[2.226844302927403, 2.7300075029351913, 1.8397074133679914, 2.174662247612199]","[2.294196855501604, 2.887867467216161, 1.6775234860251131, 2.4890596411271058]",2.2072499999999984,0.6198857142857143,0.6192628571428571,0.6254857142857144,1.0,0.0205999999999999,,,,,,,,,,,,,,,,,,,,,,,finite_shot_qaoa_maxcut_cvar,5000,100,5,"[0.1, 0.2, 0.35, 0.5, 0.65, 0.8, 1.0]",Polyak momentum gradient descent,True,True,True,20260726,10,0.18,0.35,6.0,0.7,2.5,lightning.qubit,,,,,,,,
shots=5000|steps=100|sim=lightning.qubit|seed_pairing=common_v2|alpha_start=1|fixed|erdos_renyi|0|0.8|1,restart,fixed,0.8,0.1999999999999999,0.8,0.8,constant,erdos_renyi,8.0,2.0,0.0,1.0,20260727.0,730501.0,"[0.4756712476396966, 3.0965837239683074, 2.646028416497059, 1.5012931115137529]","[0.5765347651959597, 2.8638594211630797, 1.9840634691866634, 2.3924150221406366]",0.5150000000000002,0.8676857142857143,0.8698514285714285,0.8737428571428572,1.0,0.3879999999999999,,,,,,,,,,,,,,,,,,,,,,,finite_shot_qaoa_maxcut_cvar,5000,100,5,"[0.1, 0.2, 0.35, 0.5, 0.65, 0.8, 1.0]",Polyak momentum gradient descent,True,True,True,20260726,10,0.18,0.35,6.0,0.7,2.5,lightning.qubit,,,,,,,,
shots=5000|steps=100|sim=lightning.qubit|seed_pairing=common_v2|alpha_start=1|fixed|erdos_renyi|0|0.8|2,restart,fixed,0.8,0.1999999999999999,0.8,0.8,constant,erdos_renyi,8.0,2.0,0.0,2.0,20260728.0,730502.0,"[1.9093349559311228, 0.014936831693126611, 0.4604455897891393, 2.9643566316254946]","[1.7336803183438607, 0.319646557451209, 6.23338213172971, 2.562034971981012]",2.2212499999999977,0.6179428571428571,0.6177885714285715,0.624,1.0,0.0228,,,,,,,,,,,,,,,,,,,,,,,finite_shot_qaoa_maxcut_cvar,5000,100,5,"[0.1, 0.2, 0.35, 0.5, 0.65, 0.8, 1.0]",Polyak momentum gradient descent,True,True,True,20260726,10,0.18,0.35,6.0,0.7,2.5,lightning.qubit,,,,,,,,
shots=5000|steps=100|sim=lightning.qubit|seed_pairing=common_v2|alpha_start=1|fixed|erdos_renyi|0|0.8|3,restart,fixed,0.8,0.1999999999999999,0.8,0.8,constant,erdos_renyi,8.0,2.0,0.0,3.0,20260729.0,730503.0,"[0.09601236448568767, 0.01368452041539864, 2.124727888032644, 0.7164215210760676]","[0.6145264949139781, 5.984529793223297, 1.9452716610419025, 0.868816014881023]",0.4967500000000001,0.8730285714285715,0.8724942857142857,0.8784571428571429,1.0,0.4026,,,,,,,,,,,,,,,,,,,,,,,finite_shot_qaoa_maxcut_cvar,5000,100,5,"[0.1, 0.2, 0.35, 0.5, 0.65, 0.8, 1.0]",Polyak momentum gradient descent,True,True,True,20260726,10,0.18,0.35,6.0,0.7,2.5,lightning.qubit,,,,,,,,
shots=5000|steps=100|sim=lightning.qubit|seed_pairing=common_v2|alpha_start=1|fixed|erdos_renyi|0|0.8|4,restart,fixed,0.8,0.1999999999999999,0.8,0.8,constant,erdos_renyi,8.0,2.0,0.0,4.0,20260730.0,730504.0,"[3.0741951881358056, 2.9261393128026922, 2.13612737908406, 0.2423724789360562]","[2.8065603313741483, 2.501443893847308, 2.0930247744399972, 0.2962246312032653]",0.4837500000000003,0.8739428571428572,0.8788942857142856,0.8856,1.0,0.4129999999999999,,,,,,,,,,,,,,,,,,,,,,,finite_shot_qaoa_maxcut_cvar,5000,100,5,"[0.1, 0.2, 0.35, 0.5, 0.65, 0.8, 1.0]",Polyak momentum gradient descent,True,True,True,20260726,10,0.18,0.35,6.0,0.7,2.5,lightning.qubit,,,,,,,,
shots=5000|steps=100|sim=lightning.qubit|seed_pairing=common_v2|alpha_start=1|fixed|erdos_renyi|0|1|0,restart,fixed,1.0,0.0,1.0,1.0,constant,erdos_renyi,8.0,2.0,0.0,0.0,20260726.0,730600.0,"[2.226844302927403, 2.7300075029351913, 1.8397074133679914, 2.174662247612199]","[2.2922739894773163, 2.8870846891477524, 1.744181387989747, 2.5121770346902337]",2.6758,0.6177428571428571,0.6201514285714286,0.625057142857143,1.0,0.0202,,,,,,,,,,,,,,,,,,,,,,,finite_shot_qaoa_maxcut_cvar,5000,100,5,"[0.1, 0.2, 0.35, 0.5, 0.65, 0.8, 1.0]",Polyak momentum gradient descent,True,True,True,20260726,10,0.18,0.35,6.0,0.7,2.5,lightning.qubit,,,,,,,,
shots=5000|steps=100|sim=lightning.qubit|seed_pairing=common_v2|alpha_start=1|fixed|erdos_renyi|0|1|1,restart,fixed,1.0,0.0,1.0,1.0,constant,erdos_renyi,8.0,2.0,0.0,1.0,20260727.0,730601.0,"[0.4756712476396966, 3.0965837239683074, 2.646028416497059, 1.5012931115137529]","[0.5611823478089114, 2.888248351169364, 1.9283474040161723, 2.449486916763248]",0.8548,0.8778857142857144,0.8773171428571429,0.8796571428571429,1.0,0.3748,,,,,,,,,,,,,,,,,,,,,,,finite_shot_qaoa_maxcut_cvar,5000,100,5,"[0.1, 0.2, 0.35, 0.5, 0.65, 0.8, 1.0]",Polyak momentum gradient descent,True,True,True,20260726,10,0.18,0.35,6.0,0.7,2.5,lightning.qubit,,,,,,,,
shots=5000|steps=100|sim=lightning.qubit|seed_pairing=common_v2|alpha_start=1|fixed|erdos_renyi|0|1|2,restart,fixed,1.0,0.0,1.0,1.0,constant,erdos_renyi,8.0,2.0,0.0,2.0,20260728.0,730602.0,"[1.9093349559311228, 0.014936831693126611, 0.4604455897891393, 2.9643566316254946]","[2.0427888340133022, 6.174599998836267, 0.8100665370073648, 3.323286894838703]",2.6776,0.6174857142857143,0.6179028571428573,0.6243428571428572,1.0,0.0193999999999999,,,,,,,,,,,,,,,,,,,,,,,finite_shot_qaoa_maxcut_cvar,5000,100,5,"[0.1, 0.2, 0.35, 0.5, 0.65, 0.8, 1.0]",Polyak momentum gradient descent,True,True,True,20260726,10,0.18,0.35,6.0,0.7,2.5,lightning.qubit,,,,,,,,
shots=5000|steps=100|sim=lightning.qubit|seed_pairing=common_v2|alpha_start=1|fixed|erdos_renyi|0|1|3,restart,fixed,1.0,0.0,1.0,1.0,constant,erdos_renyi,8.0,2.0,0.0,3.0,20260729.0,730603.0,"[0.09601236448568767, 0.01368452041539864, 2.124727888032644, 0.7164215210760676]","[0.5735789809776218, 6.025935871055255, 1.9202165947017371, 0.8917838512142561]",0.8394,0.8800857142857144,0.8768857142857144,0.8813714285714287,1.0,0.3883999999999999,,,,,,,,,,,,,,,,,,,,,,,finite_shot_qaoa_maxcut_cvar,5000,100,5,"[0.1, 0.2, 0.35, 0.5, 0.65, 0.8, 1.0]",Polyak momentum gradient descent,True,True,True,20260726,10,0.18,0.35,6.0,0.7,2.5,lightning.qubit,,,,,,,,
shots=5000|steps=100|sim=lightning.qubit|seed_pairing=common_v2|alpha_start=1|fixed|erdos_renyi|0|1|4,restart,fixed,1.0,0.0,1.0,1.0,constant,erdos_renyi,8.0,2.0,0.0,4.0,20260730.0,730604.0,"[3.0741951881358056, 2.9261393128026922, 2.13612737908406, 0.2423724789360562]","[2.8465765824348312, 2.5689596206352046, 2.0479164751059518, 0.2522746176822176]",0.7672,0.8904,0.8889571428571429,0.8939714285714285,1.0,0.4216,,,,,,,,,,,,,,,,,,,,,,,finite_shot_qaoa_maxcut_cvar,5000,100,5,"[0.1, 0.2, 0.35, 0.5, 0.65, 0.8, 1.0]",Polyak momentum gradient descent,True,True,True,20260726,10,0.18,0.35,6.0,0.7,2.5,lightning.qubit,,,,,,,,
shots=5000|steps=100|sim=lightning.qubit|seed_pairing=common_v2|alpha_start=1|fixed|erdos_renyi|1|0.1|0,restart,fixed,0.1,0.9,0.1,0.1,constant,erdos_renyi,8.0,2.0,1.0,0.0,20260726.0,740000.0,"[2.226844302927403, 2.7300075029351913, 1.8397074133679914, 2.174662247612199]","[2.140709463290785, 2.54981104326023, 2.0508319082107604, 2.032040028651622]",0.7839999999999997,0.6424200000000001,0.6445840000000002,0.6526799999999999,1.0,0.0216,,,,,,,,,,,,,,,,,,,,,,,finite_shot_qaoa_maxcut_cvar,5000,100,5,"[0.1, 0.2, 0.35, 0.5, 0.65, 0.8, 1.0]",Polyak momentum gradient descent,True,True,True,20260726,10,0.18,0.35,6.0,0.7,2.5,lightning.qubit,,,,,,,,
shots=5000|steps=100|sim=lightning.qubit|seed_pairing=common_v2|alpha_start=1|fixed|erdos_renyi|1|0.1|1,restart,fixed,0.1,0.9,0.1,0.1,constant,erdos_renyi,8.0,2.0,1.0,1.0,20260727.0,740001.0,"[0.4756712476396966, 3.0965837239683074, 2.646028416497059, 1.5012931115137529]","[0.30425053268048824, 3.0286711771837007, 2.027984415003992, 2.3202586848370004]",0.026,0.8583000000000001,0.8592980000000001,0.8624600000000001,1.0,0.0974,,,,,,,,,,,,,,,,,,,,,,,finite_shot_qaoa_maxcut_cvar,5000,100,5,"[0.1, 0.2, 0.35, 0.5, 0.65, 0.8, 1.0]",Polyak momentum gradient descent,True,True,True,20260726,10,0.18,0.35,6.0,0.7,2.5,lightning.qubit,,,,,,,,
shots=5000|steps=100|sim=lightning.qubit|seed_pairing=common_v2|alpha_start=1|fixed|erdos_renyi|1|0.1|2,restart,fixed,0.1,0.9,0.1,0.1,constant,erdos_renyi,8.0,2.0,1.0,2.0,20260728.0,740002.0,"[1.9093349559311228, 0.014936831693126611, 0.4604455897891393, 2.9643566316254946]","[2.0025054623927225, 0.09639549044920492, 0.5092718774620119, 2.8930602711206506]",0.9200000000000004,0.65262,0.654864,0.66056,1.0,0.008,,,,,,,,,,,,,,,,,,,,,,,finite_shot_qaoa_maxcut_cvar,5000,100,5,"[0.1, 0.2, 0.35, 0.5, 0.65, 0.8, 1.0]",Polyak momentum gradient descent,True,True,True,20260726,10,0.18,0.35,6.0,0.7,2.5,lightning.qubit,,,,,,,,
shots=5000|steps=100|sim=lightning.qubit|seed_pairing=common_v2|alpha_start=1|fixed|erdos_renyi|1|0.1|3,restart,fixed,0.1,0.9,0.1,0.1,constant,erdos_renyi,8.0,2.0,1.0,3.0,20260729.0,740003.0,"[0.09601236448568767, 0.01368452041539864, 2.124727888032644, 0.7164215210760676]","[0.3868206711337484, 6.139989514325485, 1.859495623354382, 0.9473347855374453]",0.0,0.8667,0.8632540000000001,0.86676,1.0,0.1084,,,,,,,,,,,,,,,,,,,,,,,finite_shot_qaoa_maxcut_cvar,5000,100,5,"[0.1, 0.2, 0.35, 0.5, 0.65, 0.8, 1.0]",Polyak momentum gradient descent,True,True,True,20260726,10,0.18,0.35,6.0,0.7,2.5,lightning.qubit,,,,,,,,
shots=5000|steps=100|sim=lightning.qubit|seed_pairing=common_v2|alpha_start=1|fixed|erdos_renyi|1|0.1|4,restart,fixed,0.1,0.9,0.1,0.1,constant,erdos_renyi,8.0,2.0,1.0,4.0,20260730.0,740004.0,"[3.0741951881358056, 2.9261393128026922, 2.13612737908406, 0.2423724789360562]","[2.9668907491695413, 2.7414467418611865, 2.0040045258100068, 0.2166130757415703]",0.0,0.8713,0.8701860000000001,0.8755200000000001,1.0,0.105,,,,,,,,,,,,,,,,,,,,,,,finite_shot_qaoa_maxcut_cvar,5000,100,5,"[0.1, 0.2, 0.35, 0.5, 0.65, 0.8, 1.0]",Polyak momentum gradient descent,True,True,True,20260726,10,0.18,0.35,6.0,0.7,2.5,lightning.qubit,,,,,,,,
shots=5000|steps=100|sim=lightning.qubit|seed_pairing=common_v2|alpha_start=1|fixed|erdos_renyi|1|0.2|0,restart,fixed,0.2,0.8,0.2,0.2,constant,erdos_renyi,8.0,2.0,1.0,0.0,20260726.0,740100.0,"[2.226844302927403, 2.7300075029351913, 1.8397074133679914, 2.174662247612199]","[2.9053494092522216, 2.644400467271528, 2.031191505242959, 1.8333421783308346]",0.3590000000000001,0.8661200000000001,0.8597500000000002,0.8718,1.0,0.1281999999999999,,,,,,,,,,,,,,,,,,,,,,,finite_shot_qaoa_maxcut_cvar,5000,100,5,"[0.1, 0.2, 0.35, 0.5, 0.65, 0.8, 1.0]",Polyak momentum gradient descent,True,True,True,20260726,10,0.18,0.35,6.0,0.7,2.5,lightning.qubit,,,,,,,,
shots=5000|steps=100|sim=lightning.qubit|seed_pairing=common_v2|alpha_start=1|fixed|erdos_renyi|1|0.2|1,restart,fixed,0.2,0.8,0.2,0.2,constant,erdos_renyi,8.0,2.0,1.0,1.0,20260727.0,740101.0,"[0.4756712476396966, 3.0965837239683074, 2.646028416497059, 1.5012931115137529]","[0.39269776062786044, 2.999303175801085, 2.1254306666437426, 2.2428255538544217]",0.376,0.8415800000000001,0.838668,0.8516199999999999,1.0,0.1248,,,,,,,,,,,,,,,,,,,,,,,finite_shot_qaoa_maxcut_cvar,5000,100,5,"[0.1, 0.2, 0.35, 0.5, 0.65, 0.8, 1.0]",Polyak momentum gradient descent,True,True,True,20260726,10,0.18,0.35,6.0,0.7,2.5,lightning.qubit,,,,,,,,
shots=5000|steps=100|sim=lightning.qubit|seed_pairing=common_v2|alpha_start=1|fixed|erdos_renyi|1|0.2|2,restart,fixed,0.2,0.8,0.2,0.2,constant,erdos_renyi,8.0,2.0,1.0,2.0,20260728.0,740102.0,"[1.9093349559311228, 0.014936831693126611, 0.4604455897891393, 2.9643566316254946]","[1.8588199252868802, 0.12356689964629025, 0.4206451131979647, 3.0533394974518746]",1.1679999999999993,0.66286,0.661476,0.66784,1.0,0.003,,,,,,,,,,,,,,,,,,,,,,,finite_shot_qaoa_maxcut_cvar,5000,100,5,"[0.1, 0.2, 0.35, 0.5, 0.65, 0.8, 1.0]",Polyak momentum gradient descent,True,True,True,20260726,10,0.18,0.35,6.0,0.7,2.5,lightning.qubit,,,,,,,,
shots=5000|steps=100|sim=lightning.qubit|seed_pairing=common_v2|alpha_start=1|fixed|erdos_renyi|1|0.2|3,restart,fixed,0.2,0.8,0.2,0.2,constant,erdos_renyi,8.0,2.0,1.0,3.0,20260729.0,740103.0,"[0.09601236448568767, 0.01368452041539864, 2.124727888032644, 0.7164215210760676]","[0.5170307677116426, 6.056492778350574, 1.950071000121554, 0.9033527497011126]",0.2949999999999999,0.83116,0.815822,0.85884,1.0,0.141,,,,,,,,,,,,,,,,,,,,,,,finite_shot_qaoa_maxcut_cvar,5000,100,5,"[0.1, 0.2, 0.35, 0.5, 0.65, 0.8, 1.0]",Polyak momentum gradient descent,True,True,True,20260726,10,0.18,0.35,6.0,0.7,2.5,lightning.qubit,,,,,,,,
shots=5000|steps=100|sim=lightning.qubit|seed_pairing=common_v2|alpha_start=1|fixed|erdos_renyi|1|0.2|4,restart,fixed,0.2,0.8,0.2,0.2,constant,erdos_renyi,8.0,2.0,1.0,4.0,20260730.0,740104.0,"[3.0741951881358056, 2.9261393128026922, 2.13612737908406, 0.2423724789360562]","[2.915266212597921, 2.663859281045255, 2.0416687878771707, 0.263518900835962]",0.388,0.86554,0.8642559999999999,0.87256,1.0,0.1224,,,,,,,,,,,,,,,,,,,,,,,finite_shot_qaoa_maxcut_cvar,5000,100,5,"[0.1, 0.2, 0.35, 0.5, 0.65, 0.8, 1.0]",Polyak momentum gradient descent,True,True,True,20260726,10,0.18,0.35,6.0,0.7,2.5,lightning.qubit,,,,,,,,
shots=5000|steps=100|sim=lightning.qubit|seed_pairing=common_v2|alpha_start=1|fixed|erdos_renyi|1|0.35|0,restart,fixed,0.35,0.65,0.35,0.35,constant,erdos_renyi,8.0,2.0,1.0,0.0,20260726.0,740200.0,"[2.226844302927403, 2.7300075029351913, 1.8397074133679914, 2.174662247612199]","[2.9106731937591905, 2.650820730290494, 2.0213371576024923, 1.8304142889707666]",0.6182857142857142,0.86586,0.86532,0.8672000000000001,1.0,0.1336,,,,,,,,,,,,,,,,,,,,,,,finite_shot_qaoa_maxcut_cvar,5000,100,5,"[0.1, 0.2, 0.35, 0.5, 0.65, 0.8, 1.0]",Polyak momentum gradient descent,True,True,True,20260726,10,0.18,0.35,6.0,0.7,2.5,lightning.qubit,,,,,,,,
shots=5000|steps=100|sim=lightning.qubit|seed_pairing=common_v2|alpha_start=1|fixed|erdos_renyi|1|0.35|1,restart,fixed,0.35,0.65,0.35,0.35,constant,erdos_renyi,8.0,2.0,1.0,1.0,20260727.0,740201.0,"[0.4756712476396966, 3.0965837239683074, 2.646028416497059, 1.5012931115137529]","[0.3028444838732305, 2.99845886336496, 2.391611259047397, 1.9646435306377257]",0.7114285714285715,0.81762,0.8157160000000001,0.8387,1.0,0.101,,,,,,,,,,,,,,,,,,,,,,,finite_shot_qaoa_maxcut_cvar,5000,100,5,"[0.1, 0.2, 0.35, 0.5, 0.65, 0.8, 1.0]",Polyak momentum gradient descent,True,True,True,20260726,10,0.18,0.35,6.0,0.7,2.5,lightning.qubit,,,,,,,,
shots=5000|steps=100|sim=lightning.qubit|seed_pairing=common_v2|alpha_start=1|fixed|erdos_renyi|1|0.35|2,restart,fixed,0.35,0.65,0.35,0.35,constant,erdos_renyi,8.0,2.0,1.0,2.0,20260728.0,740202.0,"[1.9093349559311228, 0.014936831693126611, 0.4604455897891393, 2.9643566316254946]","[1.747543135314916, 0.09047570003965798, 0.5802018480150014, 2.7870311866117445]",1.6005714285714303,0.65492,0.6563019999999999,0.6648,1.0,0.0048,,,,,,,,,,,,,,,,,,,,,,,finite_shot_qaoa_maxcut_cvar,5000,100,5,"[0.1, 0.2, 0.35, 0.5, 0.65, 0.8, 1.0]",Polyak momentum gradient descent,True,True,True,20260726,10,0.18,0.35,6.0,0.7,2.5,lightning.qubit,,,,,,,,
shots=5000|steps=100|sim=lightning.qubit|seed_pairing=common_v2|alpha_start=1|fixed|erdos_renyi|1|0.35|3,restart,fixed,0.35,0.65,0.35,0.35,constant,erdos_renyi,8.0,2.0,1.0,3.0,20260729.0,740203.0,"[0.09601236448568767, 0.01368452041539864, 2.124727888032644, 0.7164215210760676]","[0.5124034258453248, 6.061222049714762, 1.9584229219727958, 0.9143550455250686]",0.5851428571428571,0.83306,0.827574,0.8606200000000002,1.0,0.1452,,,,,,,,,,,,,,,,,,,,,,,finite_shot_qaoa_maxcut_cvar,5000,100,5,"[0.1, 0.2, 0.35, 0.5, 0.65, 0.8, 1.0]",Polyak momentum gradient descent,True,True,True,20260726,10,0.18,0.35,6.0,0.7,2.5,lightning.qubit,,,,,,,,
shots=5000|steps=100|sim=lightning.qubit|seed_pairing=common_v2|alpha_start=1|fixed|erdos_renyi|1|0.35|4,restart,fixed,0.35,0.65,0.35,0.35,constant,erdos_renyi,8.0,2.0,1.0,4.0,20260730.0,740204.0,"[3.0741951881358056, 2.9261393128026922, 2.13612737908406, 0.2423724789360562]","[2.9184152284007845, 2.6465839493870047, 2.0326776447987305, 0.2595146443201806]",0.5994285714285715,0.86488,0.86531,0.87156,1.0,0.1402,,,,,,,,,,,,,,,,,,,,,,,finite_shot_qaoa_maxcut_cvar,5000,100,5,"[0.1, 0.2, 0.35, 0.5, 0.65, 0.8, 1.0]",Polyak momentum gradient descent,True,True,True,20260726,10,0.18,0.35,6.0,0.7,2.5,lightning.qubit,,,,,,,,
shots=5000|steps=100|sim=lightning.qubit|seed_pairing=common_v2|alpha_start=1|fixed|erdos_renyi|1|0.5|0,restart,fixed,0.5,0.5,0.5,0.5,constant,erdos_renyi,8.0,2.0,1.0,0.0,20260726.0,740300.0,"[2.226844302927403, 2.7300075029351913, 1.8397074133679914, 2.174662247612199]","[2.923562742834003, 2.6430496827176486, 2.0378781820255383, 1.8412014547958337]",0.7416,0.8612,0.86269,0.8662799999999999,1.0,0.1291999999999999,,,,,,,,,,,,,,,,,,,,,,,finite_shot_qaoa_maxcut_cvar,5000,100,5,"[0.1, 0.2, 0.35, 0.5, 0.65, 0.8, 1.0]",Polyak momentum gradient descent,True,True,True,20260726,10,0.18,0.35,6.0,0.7,2.5,lightning.qubit,,,,,,,,
shots=5000|steps=100|sim=lightning.qubit|seed_pairing=common_v2|alpha_start=1|fixed|erdos_renyi|1|0.5|1,restart,fixed,0.5,0.5,0.5,0.5,constant,erdos_renyi,8.0,2.0,1.0,1.0,20260727.0,740301.0,"[0.4756712476396966, 3.0965837239683074, 2.646028416497059, 1.5012931115137529]","[0.2757745852701403, 2.9698118145946384, 2.4862312781017533, 1.8857959132535338]",0.8004,0.8082,0.808666,0.8297800000000001,1.0,0.0998,,,,,,,,,,,,,,,,,,,,,,,finite_shot_qaoa_maxcut_cvar,5000,100,5,"[0.1, 0.2, 0.35, 0.5, 0.65, 0.8, 1.0]",Polyak momentum gradient descent,True,True,True,20260726,10,0.18,0.35,6.0,0.7,2.5,lightning.qubit,,,,,,,,
shots=5000|steps=100|sim=lightning.qubit|seed_pairing=common_v2|alpha_start=1|fixed|erdos_renyi|1|0.5|2,restart,fixed,0.5,0.5,0.5,0.5,constant,erdos_renyi,8.0,2.0,1.0,2.0,20260728.0,740302.0,"[1.9093349559311228, 0.014936831693126611, 0.4604455897891393, 2.9643566316254946]","[1.7508624681476601, 0.0849381245582951, 0.53097053438061, 2.884419650386436]",2.0,0.66138,0.658344,0.6654,1.0,0.0078,,,,,,,,,,,,,,,,,,,,,,,finite_shot_qaoa_maxcut_cvar,5000,100,5,"[0.1, 0.2, 0.35, 0.5, 0.65, 0.8, 1.0]",Polyak momentum gradient descent,True,True,True,20260726,10,0.18,0.35,6.0,0.7,2.5,lightning.qubit,,,,,,,,
shots=5000|steps=100|sim=lightning.qubit|seed_pairing=common_v2|alpha_start=1|fixed|erdos_renyi|1|0.5|3,restart,fixed,0.5,0.5,0.5,0.5,constant,erdos_renyi,8.0,2.0,1.0,3.0,20260729.0,740303.0,"[0.09601236448568767, 0.01368452041539864, 2.124727888032644, 0.7164215210760676]","[0.5117601306169547, 6.0494311048584155, 1.965300969481429, 0.914328507689036]",0.7100000000000002,0.8251799999999999,0.8235140000000001,0.85692,1.0,0.145,,,,,,,,,,,,,,,,,,,,,,,finite_shot_qaoa_maxcut_cvar,5000,100,5,"[0.1, 0.2, 0.35, 0.5, 0.65, 0.8, 1.0]",Polyak momentum gradient descent,True,True,True,20260726,10,0.18,0.35,6.0,0.7,2.5,lightning.qubit,,,,,,,,
shots=5000|steps=100|sim=lightning.qubit|seed_pairing=common_v2|alpha_start=1|fixed|erdos_renyi|1|0.5|4,restart,fixed,0.5,0.5,0.5,0.5,constant,erdos_renyi,8.0,2.0,1.0,4.0,20260730.0,740304.0,"[3.0741951881358056, 2.9261393128026922, 2.13612737908406, 0.2423724789360562]","[2.923512648170639, 2.640167164674407, 2.0345680630199103, 0.271817514797456]",0.7347999999999999,0.86004,0.863346,0.87012,1.0,0.1326,,,,,,,,,,,,,,,,,,,,,,,finite_shot_qaoa_maxcut_cvar,5000,100,5,"[0.1, 0.2, 0.35, 0.5, 0.65, 0.8, 1.0]",Polyak momentum gradient descent,True,True,True,20260726,10,0.18,0.35,6.0,0.7,2.5,lightning.qubit,,,,,,,,
shots=5000|steps=100|sim=lightning.qubit|seed_pairing=common_v2|alpha_start=1|fixed|erdos_renyi|1|0.65|0,restart,fixed,0.65,0.35,0.65,0.65,constant,erdos_renyi,8.0,2.0,1.0,0.0,20260726.0,740400.0,"[2.226844302927403, 2.7300075029351913, 1.8397074133679914, 2.174662247612199]","[2.265965149081336, 2.6297860123478594, 2.211883008087372, 2.5995181185724707]",2.201538461538465,0.66978,0.6666719999999999,0.67174,1.0,0.013,,,,,,,,,,,,,,,,,,,,,,,finite_shot_qaoa_maxcut_cvar,5000,100,5,"[0.1, 0.2, 0.35, 0.5, 0.65, 0.8, 1.0]",Polyak momentum gradient descent,True,True,True,20260726,10,0.18,0.35,6.0,0.7,2.5,lightning.qubit,,,,,,,,
shots=5000|steps=100|sim=lightning.qubit|seed_pairing=common_v2|alpha_start=1|fixed|erdos_renyi|1|0.65|1,restart,fixed,0.65,0.35,0.65,0.65,constant,erdos_renyi,8.0,2.0,1.0,1.0,20260727.0,740401.0,"[0.4756712476396966, 3.0965837239683074, 2.646028416497059, 1.5012931115137529]","[0.3811241027621337, 3.015946037274487, 2.1553774194914386, 2.217561769719282]",0.8076923076923078,0.8373799999999999,0.8373379999999999,0.84544,1.0,0.125,,,,,,,,,,,,,,,,,,,,,,,finite_shot_qaoa_maxcut_cvar,5000,100,5,"[0.1, 0.2, 0.35, 0.5, 0.65, 0.8, 1.0]",Polyak momentum gradient descent,True,True,True,20260726,10,0.18,0.35,6.0,0.7,2.5,lightning.qubit,,,,,,,,
shots=5000|steps=100|sim=lightning.qubit|seed_pairing=common_v2|alpha_start=1|fixed|erdos_renyi|1|0.65|2,restart,fixed,0.65,0.35,0.65,0.65,constant,erdos_renyi,8.0,2.0,1.0,2.0,20260728.0,740402.0,"[1.9093349559311228, 0.014936831693126611, 0.4604455897891393, 2.9643566316254946]","[1.8320744513651712, 0.4661054287565639, 0.44973058761780216, 2.8654643137072355]",2.3181538461538445,0.67614,0.67226,0.67614,1.0,0.0032,,,,,,,,,,,,,,,,,,,,,,,finite_shot_qaoa_maxcut_cvar,5000,100,5,"[0.1, 0.2, 0.35, 0.5, 0.65, 0.8, 1.0]",Polyak momentum gradient descent,True,True,True,20260726,10,0.18,0.35,6.0,0.7,2.5,lightning.qubit,,,,,,,,
shots=5000|steps=100|sim=lightning.qubit|seed_pairing=common_v2|alpha_start=1|fixed|erdos_renyi|1|0.65|3,restart,fixed,0.65,0.35,0.65,0.65,constant,erdos_renyi,8.0,2.0,1.0,3.0,20260729.0,740403.0,"[0.09601236448568767, 0.01368452041539864, 2.124727888032644, 0.7164215210760676]","[0.5005235703299202, 6.056275023211149, 1.9469315192977008, 0.9108075082007574]",0.7889230769230772,0.8337199999999999,0.839556,0.85276,1.0,0.1372,,,,,,,,,,,,,,,,,,,,,,,finite_shot_qaoa_maxcut_cvar,5000,100,5,"[0.1, 0.2, 0.35, 0.5, 0.65, 0.8, 1.0]",Polyak momentum gradient descent,True,True,True,20260726,10,0.18,0.35,6.0,0.7,2.5,lightning.qubit,,,,,,,,
shots=5000|steps=100|sim=lightning.qubit|seed_pairing=common_v2|alpha_start=1|fixed|erdos_renyi|1|0.65|4,restart,fixed,0.65,0.35,0.65,0.65,constant,erdos_renyi,8.0,2.0,1.0,4.0,20260730.0,740404.0,"[3.0741951881358056, 2.9261393128026922, 2.13612737908406, 0.2423724789360562]","[2.918294663530029, 2.640456743360383, 2.0354947482600925, 0.27031581782777453]",0.7996923076923077,0.86094,0.8626099999999999,0.8687999999999999,1.0,0.1302,,,,,,,,,,,,,,,,,,,,,,,finite_shot_qaoa_maxcut_cvar,5000,100,5,"[0.1, 0.2, 0.35, 0.5, 0.65, 0.8, 1.0]",Polyak momentum gradient descent,True,True,True,20260726,10,0.18,0.35,6.0,0.7,2.5,lightning.qubit,,,,,,,,
shots=5000|steps=100|sim=lightning.qubit|seed_pairing=common_v2|alpha_start=1|fixed|erdos_renyi|1|0.8|0,restart,fixed,0.8,0.1999999999999999,0.8,0.8,constant,erdos_renyi,8.0,2.0,1.0,0.0,20260726.0,740500.0,"[2.226844302927403, 2.7300075029351913, 1.8397074133679914, 2.174662247612199]","[1.9976882317879603, 2.78728256772908, 1.114727811238812, 2.6332739059262793]",2.560749999999999,0.68008,0.6784260000000001,0.68264,1.0,0.0034,,,,,,,,,,,,,,,,,,,,,,,finite_shot_qaoa_maxcut_cvar,5000,100,5,"[0.1, 0.2, 0.35, 0.5, 0.65, 0.8, 1.0]",Polyak momentum gradient descent,True,True,True,20260726,10,0.18,0.35,6.0,0.7,2.5,lightning.qubit,,,,,,,,
shots=5000|steps=100|sim=lightning.qubit|seed_pairing=common_v2|alpha_start=1|fixed|erdos_renyi|1|0.8|1,restart,fixed,0.8,0.1999999999999999,0.8,0.8,constant,erdos_renyi,8.0,2.0,1.0,1.0,20260727.0,740501.0,"[0.4756712476396966, 3.0965837239683074, 2.646028416497059, 1.5012931115137529]","[0.4098878517186769, 3.000132488925582, 2.0588741657754315, 2.323742425555857]",0.9625,0.8523399999999999,0.8506879999999999,0.85578,1.0,0.1238,,,,,,,,,,,,,,,,,,,,,,,finite_shot_qaoa_maxcut_cvar,5000,100,5,"[0.1, 0.2, 0.35, 0.5, 0.65, 0.8, 1.0]",Polyak momentum gradient descent,True,True,True,20260726,10,0.18,0.35,6.0,0.7,2.5,lightning.qubit,,,,,,,,
shots=5000|steps=100|sim=lightning.qubit|seed_pairing=common_v2|alpha_start=1|fixed|erdos_renyi|1|0.8|2,restart,fixed,0.8,0.1999999999999999,0.8,0.8,constant,erdos_renyi,8.0,2.0,1.0,2.0,20260728.0,740502.0,"[1.9093349559311228, 0.014936831693126611, 0.4604455897891393, 2.9643566316254946]","[1.7487857189249087, 6.21147133349829, 0.6050306463710349, 2.9984802889656472]",2.75275,0.6689,0.6669959999999999,0.67018,1.0,0.0021999999999999,,,,,,,,,,,,,,,,,,,,,,,finite_shot_qaoa_maxcut_cvar,5000,100,5,"[0.1, 0.2, 0.35, 0.5, 0.65, 0.8, 1.0]",Polyak momentum gradient descent,True,True,True,20260726,10,0.18,0.35,6.0,0.7,2.5,lightning.qubit,,,,,,,,
shots=5000|steps=100|sim=lightning.qubit|seed_pairing=common_v2|alpha_start=1|fixed|erdos_renyi|1|0.8|3,restart,fixed,0.8,0.1999999999999999,0.8,0.8,constant,erdos_renyi,8.0,2.0,1.0,3.0,20260729.0,740503.0,"[0.09601236448568767, 0.01368452041539864, 2.124727888032644, 0.7164215210760676]","[0.4543671277907043, 6.113163072059423, 1.9662802188161776, 0.8613093889512895]",0.96225,0.8514199999999998,0.853336,0.859,1.0,0.1282,,,,,,,,,,,,,,,,,,,,,,,finite_shot_qaoa_maxcut_cvar,5000,100,5,"[0.1, 0.2, 0.35, 0.5, 0.65, 0.8, 1.0]",Polyak momentum gradient descent,True,True,True,20260726,10,0.18,0.35,6.0,0.7,2.5,lightning.qubit,,,,,,,,
shots=5000|steps=100|sim=lightning.qubit|seed_pairing=common_v2|alpha_start=1|fixed|erdos_renyi|1|0.8|4,restart,fixed,0.8,0.1999999999999999,0.8,0.8,constant,erdos_renyi,8.0,2.0,1.0,4.0,20260730.0,740504.0,"[3.0741951881358056, 2.9261393128026922, 2.13612737908406, 0.2423724789360562]","[2.910695683277661, 2.6514002748094274, 1.999343466766036, 0.23394794342982883]",0.9122500000000002,0.8691600000000002,0.868904,0.87382,1.0,0.1204,,,,,,,,,,,,,,,,,,,,,,,finite_shot_qaoa_maxcut_cvar,5000,100,5,"[0.1, 0.2, 0.35, 0.5, 0.65, 0.8, 1.0]",Polyak momentum gradient descent,True,True,True,20260726,10,0.18,0.35,6.0,0.7,2.5,lightning.qubit,,,,,,,,
shots=5000|steps=100|sim=lightning.qubit|seed_pairing=common_v2|alpha_start=1|fixed|erdos_renyi|1|1|0,restart,fixed,1.0,0.0,1.0,1.0,constant,erdos_renyi,8.0,2.0,1.0,0.0,20260726.0,740600.0,"[2.226844302927403, 2.7300075029351913, 1.8397074133679914, 2.174662247612199]","[2.9362620510585398, 2.683394236671724, 2.002894266879698, 3.3599269314284776]",1.2582,0.87418,0.866324,0.87442,1.0,0.112,,,,,,,,,,,,,,,,,,,,,,,finite_shot_qaoa_maxcut_cvar,5000,100,5,"[0.1, 0.2, 0.35, 0.5, 0.65, 0.8, 1.0]",Polyak momentum gradient descent,True,True,True,20260726,10,0.18,0.35,6.0,0.7,2.5,lightning.qubit,,,,,,,,
shots=5000|steps=100|sim=lightning.qubit|seed_pairing=common_v2|alpha_start=1|fixed|erdos_renyi|1|1|1,restart,fixed,1.0,0.0,1.0,1.0,constant,erdos_renyi,8.0,2.0,1.0,1.0,20260727.0,740601.0,"[0.4756712476396966, 3.0965837239683074, 2.646028416497059, 1.5012931115137529]","[0.35861643548106176, 3.026122833577163, 1.9608328665859467, 2.3990161320114303]",1.3326000000000002,0.8667400000000001,0.86592,0.8692399999999999,1.0,0.1043999999999999,,,,,,,,,,,,,,,,,,,,,,,finite_shot_qaoa_maxcut_cvar,5000,100,5,"[0.1, 0.2, 0.35, 0.5, 0.65, 0.8, 1.0]",Polyak momentum gradient descent,True,True,True,20260726,10,0.18,0.35,6.0,0.7,2.5,lightning.qubit,,,,,,,,
shots=5000|steps=100|sim=lightning.qubit|seed_pairing=common_v2|alpha_start=1|fixed|erdos_renyi|1|1|2,restart,fixed,1.0,0.0,1.0,1.0,constant,erdos_renyi,8.0,2.0,1.0,2.0,20260728.0,740602.0,"[1.9093349559311228, 0.014936831693126611, 0.4604455897891393, 2.9643566316254946]","[1.7823095718058228, 0.043102506835874556, 0.4394034382022481, 3.1707654374611307]",3.3246,0.66754,0.6659939999999999,0.6702799999999999,1.0,0.0014,,,,,,,,,,,,,,,,,,,,,,,finite_shot_qaoa_maxcut_cvar,5000,100,5,"[0.1, 0.2, 0.35, 0.5, 0.65, 0.8, 1.0]",Polyak momentum gradient descent,True,True,True,20260726,10,0.18,0.35,6.0,0.7,2.5,lightning.qubit,,,,,,,,
shots=5000|steps=100|sim=lightning.qubit|seed_pairing=common_v2|alpha_start=1|fixed|erdos_renyi|1|1|3,restart,fixed,1.0,0.0,1.0,1.0,constant,erdos_renyi,8.0,2.0,1.0,3.0,20260729.0,740603.0,"[0.09601236448568767, 0.01368452041539864, 2.124727888032644, 0.7164215210760676]","[0.39034195798247734, 6.15620677242165, 1.904261007038233, 0.897119439756801]",1.343,0.8657,0.86656,0.8701399999999999,1.0,0.098,,,,,,,,,,,,,,,,,,,,,,,finite_shot_qaoa_maxcut_cvar,5000,100,5,"[0.1, 0.2, 0.35, 0.5, 0.65, 0.8, 1.0]",Polyak momentum gradient descent,True,True,True,20260726,10,0.18,0.35,6.0,0.7,2.5,lightning.qubit,,,,,,,,
shots=5000|steps=100|sim=lightning.qubit|seed_pairing=common_v2|alpha_start=1|fixed|erdos_renyi|1|1|4,restart,fixed,1.0,0.0,1.0,1.0,constant,erdos_renyi,8.0,2.0,1.0,4.0,20260730.0,740604.0,"[3.0741951881358056, 2.9261393128026922, 2.13612737908406, 0.2423724789360562]","[2.9341551651806403, 2.703577032572862, 1.9855216472207928, 0.20812838444950782]",1.27,0.873,0.8732279999999999,0.87828,1.0,0.1101999999999999,,,,,,,,,,,,,,,,,,,,,,,finite_shot_qaoa_maxcut_cvar,5000,100,5,"[0.1, 0.2, 0.35, 0.5, 0.65, 0.8, 1.0]",Polyak momentum gradient descent,True,True,True,20260726,10,0.18,0.35,6.0,0.7,2.5,lightning.qubit,,,,,,,,
shots=5000|steps=100|sim=lightning.qubit|seed_pairing=common_v2|alpha_start=1|fixed|erdos_renyi|2|0.1|0,restart,fixed,0.1,0.9,0.1,0.1,constant,erdos_renyi,8.0,2.0,2.0,0.0,20260726.0,750000.0,"[2.226844302927403, 2.7300075029351913, 1.8397074133679914, 2.174662247612199]","[2.9343429786373347, 2.6487818903082427, 2.032634441961193, 1.8209161587021965]",0.0,0.77622,0.7782039999999999,0.7998,1.0,0.2536,,,,,,,,,,,,,,,,,,,,,,,finite_shot_qaoa_maxcut_cvar,5000,100,5,"[0.1, 0.2, 0.35, 0.5, 0.65, 0.8, 1.0]",Polyak momentum gradient descent,True,True,True,20260726,10,0.18,0.35,6.0,0.7,2.5,lightning.qubit,,,,,,,,
shots=5000|steps=100|sim=lightning.qubit|seed_pairing=common_v2|alpha_start=1|fixed|erdos_renyi|2|0.1|1,restart,fixed,0.1,0.9,0.1,0.1,constant,erdos_renyi,8.0,2.0,2.0,1.0,20260727.0,750001.0,"[0.4756712476396966, 3.0965837239683074, 2.646028416497059, 1.5012931115137529]","[0.24641710443465692, 3.0502060971619156, 2.326525354628432, 2.000095922584654]",0.0,0.74354,0.7375579999999999,0.74656,1.0,0.1716,,,,,,,,,,,,,,,,,,,,,,,finite_shot_qaoa_maxcut_cvar,5000,100,5,"[0.1, 0.2, 0.35, 0.5, 0.65, 0.8, 1.0]",Polyak momentum gradient descent,True,True,True,20260726,10,0.18,0.35,6.0,0.7,2.5,lightning.qubit,,,,,,,,
shots=5000|steps=100|sim=lightning.qubit|seed_pairing=common_v2|alpha_start=1|fixed|erdos_renyi|2|0.1|2,restart,fixed,0.1,0.9,0.1,0.1,constant,erdos_renyi,8.0,2.0,2.0,2.0,20260728.0,750002.0,"[1.9093349559311228, 0.014936831693126611, 0.4604455897891393, 2.9643566316254946]","[1.8724908385159222, 0.29980787437837464, 0.362667041515567, 2.6442222291014352]",1.0520000000000005,0.54436,0.544436,0.55076,1.0,0.0298,,,,,,,,,,,,,,,,,,,,,,,finite_shot_qaoa_maxcut_cvar,5000,100,5,"[0.1, 0.2, 0.35, 0.5, 0.65, 0.8, 1.0]",Polyak momentum gradient descent,True,True,True,20260726,10,0.18,0.35,6.0,0.7,2.5,lightning.qubit,,,,,,,,
shots=5000|steps=100|sim=lightning.qubit|seed_pairing=common_v2|alpha_start=1|fixed|erdos_renyi|2|0.1|3,restart,fixed,0.1,0.9,0.1,0.1,constant,erdos_renyi,8.0,2.0,2.0,3.0,20260729.0,750003.0,"[0.09601236448568767, 0.01368452041539864, 2.124727888032644, 0.7164215210760676]","[0.34675402236133923, 6.166290225387336, 1.9418093562153167, 0.8270960968136299]",0.0,0.7555400000000001,0.755882,0.76764,1.0,0.1814,,,,,,,,,,,,,,,,,,,,,,,finite_shot_qaoa_maxcut_cvar,5000,100,5,"[0.1, 0.2, 0.35, 0.5, 0.65, 0.8, 1.0]",Polyak momentum gradient descent,True,True,True,20260726,10,0.18,0.35,6.0,0.7,2.5,lightning.qubit,,,,,,,,
shots=5000|steps=100|sim=lightning.qubit|seed_pairing=common_v2|alpha_start=1|fixed|erdos_renyi|2|0.1|4,restart,fixed,0.1,0.9,0.1,0.1,constant,erdos_renyi,8.0,2.0,2.0,4.0,20260730.0,750004.0,"[3.0741951881358056, 2.9261393128026922, 2.13612737908406, 0.2423724789360562]","[2.937418743845964, 2.7163186766590517, 1.9962062909612228, 0.2132924430027794]",0.0,0.77634,0.771298,0.7886,1.0,0.2496,,,,,,,,,,,,,,,,,,,,,,,finite_shot_qaoa_maxcut_cvar,5000,100,5,"[0.1, 0.2, 0.35, 0.5, 0.65, 0.8, 1.0]",Polyak momentum gradient descent,True,True,True,20260726,10,0.18,0.35,6.0,0.7,2.5,lightning.qubit,,,,,,,,
shots=5000|steps=100|sim=lightning.qubit|seed_pairing=common_v2|alpha_start=1|fixed|erdos_renyi|2|0.2|0,restart,fixed,0.2,0.8,0.2,0.2,constant,erdos_renyi,8.0,2.0,2.0,0.0,20260726.0,750100.0,"[2.226844302927403, 2.7300075029351913, 1.8397074133679914, 2.174662247612199]","[2.9411792789682654, 2.665143179460153, 2.0229125764922244, 1.8065085517948036]",0.0,0.7764599999999999,0.778322,0.7864800000000001,1.0,0.249,,,,,,,,,,,,,,,,,,,,,,,finite_shot_qaoa_maxcut_cvar,5000,100,5,"[0.1, 0.2, 0.35, 0.5, 0.65, 0.8, 1.0]",Polyak momentum gradient descent,True,True,True,20260726,10,0.18,0.35,6.0,0.7,2.5,lightning.qubit,,,,,,,,
shots=5000|steps=100|sim=lightning.qubit|seed_pairing=common_v2|alpha_start=1|fixed|erdos_renyi|2|0.2|1,restart,fixed,0.2,0.8,0.2,0.2,constant,erdos_renyi,8.0,2.0,2.0,1.0,20260727.0,750101.0,"[0.4756712476396966, 3.0965837239683074, 2.646028416497059, 1.5012931115137529]","[0.27674788936602523, 2.773393907243403, 2.7068566238951055, 1.7437486132337354]",0.0,0.73424,0.733152,0.7399199999999999,1.0,0.21,,,,,,,,,,,,,,,,,,,,,,,finite_shot_qaoa_maxcut_cvar,5000,100,5,"[0.1, 0.2, 0.35, 0.5, 0.65, 0.8, 1.0]",Polyak momentum gradient descent,True,True,True,20260726,10,0.18,0.35,6.0,0.7,2.5,lightning.qubit,,,,,,,,
shots=5000|steps=100|sim=lightning.qubit|seed_pairing=common_v2|alpha_start=1|fixed|erdos_renyi|2|0.2|2,restart,fixed,0.2,0.8,0.2,0.2,constant,erdos_renyi,8.0,2.0,2.0,2.0,20260728.0,750102.0,"[1.9093349559311228, 0.014936831693126611, 0.4604455897891393, 2.9643566316254946]","[1.8998861460338063, 0.2983693537816532, 0.4185060364801317, 2.688457752697501]",1.998000000000001,0.54364,0.545094,0.5535599999999998,1.0,0.0262,,,,,,,,,,,,,,,,,,,,,,,finite_shot_qaoa_maxcut_cvar,5000,100,5,"[0.1, 0.2, 0.35, 0.5, 0.65, 0.8, 1.0]",Polyak momentum gradient descent,True,True,True,20260726,10,0.18,0.35,6.0,0.7,2.5,lightning.qubit,,,,,,,,
shots=5000|steps=100|sim=lightning.qubit|seed_pairing=common_v2|alpha_start=1|fixed|erdos_renyi|2|0.2|3,restart,fixed,0.2,0.8,0.2,0.2,constant,erdos_renyi,8.0,2.0,2.0,3.0,20260729.0,750103.0,"[0.09601236448568767, 0.01368452041539864, 2.124727888032644, 0.7164215210760676]","[0.3623227420477729, 6.162613636853204, 1.9351698245573679, 0.8170733505180698]",0.069,0.76064,0.766986,0.77788,1.0,0.1862,,,,,,,,,,,,,,,,,,,,,,,finite_shot_qaoa_maxcut_cvar,5000,100,5,"[0.1, 0.2, 0.35, 0.5, 0.65, 0.8, 1.0]",Polyak momentum gradient descent,True,True,True,20260726,10,0.18,0.35,6.0,0.7,2.5,lightning.qubit,,,,,,,,
shots=5000|steps=100|sim=lightning.qubit|seed_pairing=common_v2|alpha_start=1|fixed|erdos_renyi|2|0.2|4,restart,fixed,0.2,0.8,0.2,0.2,constant,erdos_renyi,8.0,2.0,2.0,4.0,20260730.0,750104.0,"[3.0741951881358056, 2.9261393128026922, 2.13612737908406, 0.2423724789360562]","[2.9442076042685326, 2.697409325603304, 2.0193853225756824, 0.22021803155630784]",0.0,0.7724200000000001,0.777582,0.8069600000000001,1.0,0.243,,,,,,,,,,,,,,,,,,,,,,,finite_shot_qaoa_maxcut_cvar,5000,100,5,"[0.1, 0.2, 0.35, 0.5, 0.65, 0.8, 1.0]",Polyak momentum gradient descent,True,True,True,20260726,10,0.18,0.35,6.0,0.7,2.5,lightning.qubit,,,,,,,,
shots=5000|steps=100|sim=lightning.qubit|seed_pairing=common_v2|alpha_start=1|fixed|erdos_renyi|2|0.35|0,restart,fixed,0.35,0.65,0.35,0.35,constant,erdos_renyi,8.0,2.0,2.0,0.0,20260726.0,750200.0,"[2.226844302927403, 2.7300075029351913, 1.8397074133679914, 2.174662247612199]","[2.9112850149474423, 2.695164350231166, 2.146356074222556, 1.890543803998335]",0.0,0.80916,0.8102159999999999,0.8168799999999999,1.0,0.3636,,,,,,,,,,,,,,,,,,,,,,,finite_shot_qaoa_maxcut_cvar,5000,100,5,"[0.1, 0.2, 0.35, 0.5, 0.65, 0.8, 1.0]",Polyak momentum gradient descent,True,True,True,20260726,10,0.18,0.35,6.0,0.7,2.5,lightning.qubit,,,,,,,,
shots=5000|steps=100|sim=lightning.qubit|seed_pairing=common_v2|alpha_start=1|fixed|erdos_renyi|2|0.35|1,restart,fixed,0.35,0.65,0.35,0.35,constant,erdos_renyi,8.0,2.0,2.0,1.0,20260727.0,750201.0,"[0.4756712476396966, 3.0965837239683074, 2.646028416497059, 1.5012931115137529]","[0.30993820261695215, 2.5204607643074515, 2.8640632535652712, 1.92821240053702]",0.1051428571428572,0.7577,0.75693,0.7635,1.0,0.3132,,,,,,,,,,,,,,,,,,,,,,,finite_shot_qaoa_maxcut_cvar,5000,100,5,"[0.1, 0.2, 0.35, 0.5, 0.65, 0.8, 1.0]",Polyak momentum gradient descent,True,True,True,20260726,10,0.18,0.35,6.0,0.7,2.5,lightning.qubit,,,,,,,,
shots=5000|steps=100|sim=lightning.qubit|seed_pairing=common_v2|alpha_start=1|fixed|erdos_renyi|2|0.35|2,restart,fixed,0.35,0.65,0.35,0.35,constant,erdos_renyi,8.0,2.0,2.0,2.0,20260728.0,750202.0,"[1.9093349559311228, 0.014936831693126611, 0.4604455897891393, 2.9643566316254946]","[1.8921087128332277, 0.285695203250619, 0.4598368425367006, 2.6886516672398506]",2.697714285714285,0.546,0.546558,0.55282,1.0,0.0304,,,,,,,,,,,,,,,,,,,,,,,finite_shot_qaoa_maxcut_cvar,5000,100,5,"[0.1, 0.2, 0.35, 0.5, 0.65, 0.8, 1.0]",Polyak momentum gradient descent,True,True,True,20260726,10,0.18,0.35,6.0,0.7,2.5,lightning.qubit,,,,,,,,
shots=5000|steps=100|sim=lightning.qubit|seed_pairing=common_v2|alpha_start=1|fixed|erdos_renyi|2|0.35|3,restart,fixed,0.35,0.65,0.35,0.35,constant,erdos_renyi,8.0,2.0,2.0,3.0,20260729.0,750203.0,"[0.09601236448568767, 0.01368452041539864, 2.124727888032644, 0.7164215210760676]","[0.4455240022684117, 6.076142416197335, 1.9402544928261325, 0.7558209141378919]",0.3274285714285714,0.7655000000000001,0.769646,0.77658,1.0,0.2354,,,,,,,,,,,,,,,,,,,,,,,finite_shot_qaoa_maxcut_cvar,5000,100,5,"[0.1, 0.2, 0.35, 0.5, 0.65, 0.8, 1.0]",Polyak momentum gradient descent,True,True,True,20260726,10,0.18,0.35,6.0,0.7,2.5,lightning.qubit,,,,,,,,
shots=5000|steps=100|sim=lightning.qubit|seed_pairing=common_v2|alpha_start=1|fixed|erdos_renyi|2|0.35|4,restart,fixed,0.35,0.65,0.35,0.35,constant,erdos_renyi,8.0,2.0,2.0,4.0,20260730.0,750204.0,"[3.0741951881358056, 2.9261393128026922, 2.13612737908406, 0.2423724789360562]","[2.9258189480059436, 2.686637006179272, 2.1199554980849444, 0.2934130601145153]",0.0314285714285714,0.80054,0.807654,0.82088,1.0,0.3389999999999999,,,,,,,,,,,,,,,,,,,,,,,finite_shot_qaoa_maxcut_cvar,5000,100,5,"[0.1, 0.2, 0.35, 0.5, 0.65, 0.8, 1.0]",Polyak momentum gradient descent,True,True,True,20260726,10,0.18,0.35,6.0,0.7,2.5,lightning.qubit,,,,,,,,
shots=5000|steps=100|sim=lightning.qubit|seed_pairing=common_v2|alpha_start=1|fixed|erdos_renyi|2|0.5|0,restart,fixed,0.5,0.5,0.5,0.5,constant,erdos_renyi,8.0,2.0,2.0,0.0,20260726.0,750300.0,"[2.226844302927403, 2.7300075029351913, 1.8397074133679914, 2.174662247612199]","[2.850179461847911, 2.7107663837625053, 2.133035493323689, 1.9520118508312225]",0.1707999999999999,0.81218,0.8113760000000001,0.8176400000000001,1.0,0.4194,,,,,,,,,,,,,,,,,,,,,,,finite_shot_qaoa_maxcut_cvar,5000,100,5,"[0.1, 0.2, 0.35, 0.5, 0.65, 0.8, 1.0]",Polyak momentum gradient descent,True,True,True,20260726,10,0.18,0.35,6.0,0.7,2.5,lightning.qubit,,,,,,,,
shots=5000|steps=100|sim=lightning.qubit|seed_pairing=common_v2|alpha_start=1|fixed|erdos_renyi|2|0.5|1,restart,fixed,0.5,0.5,0.5,0.5,constant,erdos_renyi,8.0,2.0,2.0,1.0,20260727.0,750301.0,"[0.4756712476396966, 3.0965837239683074, 2.646028416497059, 1.5012931115137529]","[0.3175086173924775, 2.5185517083537245, 2.87764772036717, 1.933277270216382]",0.6235999999999999,0.75764,0.7552420000000001,0.76486,1.0,0.3046,,,,,,,,,,,,,,,,,,,,,,,finite_shot_qaoa_maxcut_cvar,5000,100,5,"[0.1, 0.2, 0.35, 0.5, 0.65, 0.8, 1.0]",Polyak momentum gradient descent,True,True,True,20260726,10,0.18,0.35,6.0,0.7,2.5,lightning.qubit,,,,,,,,
shots=5000|steps=100|sim=lightning.qubit|seed_pairing=common_v2|alpha_start=1|fixed|erdos_renyi|2|0.5|2,restart,fixed,0.5,0.5,0.5,0.5,constant,erdos_renyi,8.0,2.0,2.0,2.0,20260728.0,750302.0,"[1.9093349559311228, 0.014936831693126611, 0.4604455897891393, 2.9643566316254946]","[1.8968471168923708, 0.303750460331724, 0.49670485581715584, 2.6581399605260816]",3.203999999999999,0.5451,0.545732,0.55108,1.0,0.0298,,,,,,,,,,,,,,,,,,,,,,,finite_shot_qaoa_maxcut_cvar,5000,100,5,"[0.1, 0.2, 0.35, 0.5, 0.65, 0.8, 1.0]",Polyak momentum gradient descent,True,True,True,20260726,10,0.18,0.35,6.0,0.7,2.5,lightning.qubit,,,,,,,,
shots=5000|steps=100|sim=lightning.qubit|seed_pairing=common_v2|alpha_start=1|fixed|erdos_renyi|2|0.5|3,restart,fixed,0.5,0.5,0.5,0.5,constant,erdos_renyi,8.0,2.0,2.0,3.0,20260729.0,750303.0,"[0.09601236448568767, 0.01368452041539864, 2.124727888032644, 0.7164215210760676]","[0.4484110160967167, 6.06970745374273, 1.9378034657696606, 0.748214435677581]",0.7656000000000001,0.76866,0.7689480000000001,0.7795400000000001,1.0,0.2432,,,,,,,,,,,,,,,,,,,,,,,finite_shot_qaoa_maxcut_cvar,5000,100,5,"[0.1, 0.2, 0.35, 0.5, 0.65, 0.8, 1.0]",Polyak momentum gradient descent,True,True,True,20260726,10,0.18,0.35,6.0,0.7,2.5,lightning.qubit,,,,,,,,
shots=5000|steps=100|sim=lightning.qubit|seed_pairing=common_v2|alpha_start=1|fixed|erdos_renyi|2|0.5|4,restart,fixed,0.5,0.5,0.5,0.5,constant,erdos_renyi,8.0,2.0,2.0,4.0,20260730.0,750304.0,"[3.0741951881358056, 2.9261393128026922, 2.13612737908406, 0.2423724789360562]","[2.8594169062744, 2.7079632085997574, 2.1278427071880937, 0.3768445102386222]",0.1335999999999999,0.8166,0.81242,0.81914,1.0,0.4332,,,,,,,,,,,,,,,,,,,,,,,finite_shot_qaoa_maxcut_cvar,5000,100,5,"[0.1, 0.2, 0.35, 0.5, 0.65, 0.8, 1.0]",Polyak momentum gradient descent,True,True,True,20260726,10,0.18,0.35,6.0,0.7,2.5,lightning.qubit,,,,,,,,
shots=5000|steps=100|sim=lightning.qubit|seed_pairing=common_v2|alpha_start=1|fixed|erdos_renyi|2|0.65|0,restart,fixed,0.65,0.35,0.65,0.65,constant,erdos_renyi,8.0,2.0,2.0,0.0,20260726.0,750400.0,"[2.226844302927403, 2.7300075029351913, 1.8397074133679914, 2.174662247612199]","[2.859994467247856, 2.7182197287401504, 2.122024051871952, 1.9439633509229461]",0.6221538461538466,0.8166399999999999,0.815842,0.8221399999999999,1.0,0.4262,,,,,,,,,,,,,,,,,,,,,,,finite_shot_qaoa_maxcut_cvar,5000,100,5,"[0.1, 0.2, 0.35, 0.5, 0.65, 0.8, 1.0]",Polyak momentum gradient descent,True,True,True,20260726,10,0.18,0.35,6.0,0.7,2.5,lightning.qubit,,,,,,,,
shots=5000|steps=100|sim=lightning.qubit|seed_pairing=common_v2|alpha_start=1|fixed|erdos_renyi|2|0.65|1,restart,fixed,0.65,0.35,0.65,0.65,constant,erdos_renyi,8.0,2.0,2.0,1.0,20260727.0,750401.0,"[0.4756712476396966, 3.0965837239683074, 2.646028416497059, 1.5012931115137529]","[0.32104457781648593, 2.520050427685198, 2.895462012210284, 1.9232304066688797]",1.1683076923076938,0.75654,0.758376,0.76662,1.0,0.2992,,,,,,,,,,,,,,,,,,,,,,,finite_shot_qaoa_maxcut_cvar,5000,100,5,"[0.1, 0.2, 0.35, 0.5, 0.65, 0.8, 1.0]",Polyak momentum gradient descent,True,True,True,20260726,10,0.18,0.35,6.0,0.7,2.5,lightning.qubit,,,,,,,,
shots=5000|steps=100|sim=lightning.qubit|seed_pairing=common_v2|alpha_start=1|fixed|erdos_renyi|2|0.65|2,restart,fixed,0.65,0.35,0.65,0.65,constant,erdos_renyi,8.0,2.0,2.0,2.0,20260728.0,750402.0,"[1.9093349559311228, 0.014936831693126611, 0.4604455897891393, 2.9643566316254946]","[1.8948633175386633, 0.30050425490819516, 0.4933456782098659, 2.6432345701269973]",3.648307692307692,0.5443800000000001,0.545026,0.55246,1.0,0.0286,,,,,,,,,,,,,,,,,,,,,,,finite_shot_qaoa_maxcut_cvar,5000,100,5,"[0.1, 0.2, 0.35, 0.5, 0.65, 0.8, 1.0]",Polyak momentum gradient descent,True,True,True,20260726,10,0.18,0.35,6.0,0.7,2.5,lightning.qubit,,,,,,,,
shots=5000|steps=100|sim=lightning.qubit|seed_pairing=common_v2|alpha_start=1|fixed|erdos_renyi|2|0.65|3,restart,fixed,0.65,0.35,0.65,0.65,constant,erdos_renyi,8.0,2.0,2.0,3.0,20260729.0,750403.0,"[0.09601236448568767, 0.01368452041539864, 2.124727888032644, 0.7164215210760676]","[0.4445670349911347, 6.072480989807494, 1.931385085099376, 0.773987888936718]",1.2055384615384603,0.7731800000000001,0.7722640000000001,0.77886,1.0,0.247,,,,,,,,,,,,,,,,,,,,,,,finite_shot_qaoa_maxcut_cvar,5000,100,5,"[0.1, 0.2, 0.35, 0.5, 0.65, 0.8, 1.0]",Polyak momentum gradient descent,True,True,True,20260726,10,0.18,0.35,6.0,0.7,2.5,lightning.qubit,,,,,,,,
shots=5000|steps=100|sim=lightning.qubit|seed_pairing=common_v2|alpha_start=1|fixed|erdos_renyi|2|0.65|4,restart,fixed,0.65,0.35,0.65,0.65,constant,erdos_renyi,8.0,2.0,2.0,4.0,20260730.0,750404.0,"[3.0741951881358056, 2.9261393128026922, 2.13612737908406, 0.2423724789360562]","[2.860932049920484, 2.71639460202425, 2.124552823141736, 0.3816517442945119]",0.6166153846153837,0.81526,0.815186,0.82376,1.0,0.4216,,,,,,,,,,,,,,,,,,,,,,,finite_shot_qaoa_maxcut_cvar,5000,100,5,"[0.1, 0.2, 0.35, 0.5, 0.65, 0.8, 1.0]",Polyak momentum gradient descent,True,True,True,20260726,10,0.18,0.35,6.0,0.7,2.5,lightning.qubit,,,,,,,,
shots=5000|steps=100|sim=lightning.qubit|seed_pairing=common_v2|alpha_start=1|fixed|erdos_renyi|2|0.8|0,restart,fixed,0.8,0.1999999999999999,0.8,0.8,constant,erdos_renyi,8.0,2.0,2.0,0.0,20260726.0,750500.0,"[2.226844302927403, 2.7300075029351913, 1.8397074133679914, 2.174662247612199]","[2.8716540506805317, 2.725589424469019, 2.1228014604889323, 1.9416445849503006]",1.0639999999999994,0.82244,0.81738,0.82244,1.0,0.4185999999999999,,,,,,,,,,,,,,,,,,,,,,,finite_shot_qaoa_maxcut_cvar,5000,100,5,"[0.1, 0.2, 0.35, 0.5, 0.65, 0.8, 1.0]",Polyak momentum gradient descent,True,True,True,20260726,10,0.18,0.35,6.0,0.7,2.5,lightning.qubit,,,,,,,,
shots=5000|steps=100|sim=lightning.qubit|seed_pairing=common_v2|alpha_start=1|fixed|erdos_renyi|2|0.8|1,restart,fixed,0.8,0.1999999999999999,0.8,0.8,constant,erdos_renyi,8.0,2.0,2.0,1.0,20260727.0,750501.0,"[0.4756712476396966, 3.0965837239683074, 2.646028416497059, 1.5012931115137529]","[0.44568362017291896, 2.9303681699659934, 1.913924766791946, 2.378847060347297]",1.6322500000000006,0.77456,0.77617,0.7818400000000001,1.0,0.235,,,,,,,,,,,,,,,,,,,,,,,finite_shot_qaoa_maxcut_cvar,5000,100,5,"[0.1, 0.2, 0.35, 0.5, 0.65, 0.8, 1.0]",Polyak momentum gradient descent,True,True,True,20260726,10,0.18,0.35,6.0,0.7,2.5,lightning.qubit,,,,,,,,
shots=5000|steps=100|sim=lightning.qubit|seed_pairing=common_v2|alpha_start=1|fixed|erdos_renyi|2|0.8|2,restart,fixed,0.8,0.1999999999999999,0.8,0.8,constant,erdos_renyi,8.0,2.0,2.0,2.0,20260728.0,750502.0,"[1.9093349559311228, 0.014936831693126611, 0.4604455897891393, 2.9643566316254946]","[1.8923024807592879, 0.3094231405857357, 0.48606109762366534, 2.6478075205310287]",4.0037499999999975,0.5463600000000001,0.547166,0.5537599999999999,1.0,0.0336,,,,,,,,,,,,,,,,,,,,,,,finite_shot_qaoa_maxcut_cvar,5000,100,5,"[0.1, 0.2, 0.35, 0.5, 0.65, 0.8, 1.0]",Polyak momentum gradient descent,True,True,True,20260726,10,0.18,0.35,6.0,0.7,2.5,lightning.qubit,,,,,,,,
shots=5000|steps=100|sim=lightning.qubit|seed_pairing=common_v2|alpha_start=1|fixed|erdos_renyi|2|0.8|3,restart,fixed,0.8,0.1999999999999999,0.8,0.8,constant,erdos_renyi,8.0,2.0,2.0,3.0,20260729.0,750503.0,"[0.09601236448568767, 0.01368452041539864, 2.124727888032644, 0.7164215210760676]","[0.4486367500323907, 6.067835127055297, 1.9151940752657575, 0.806483036637051]",1.626749999999999,0.7743,0.775818,0.7815799999999999,1.0,0.244,,,,,,,,,,,,,,,,,,,,,,,finite_shot_qaoa_maxcut_cvar,5000,100,5,"[0.1, 0.2, 0.35, 0.5, 0.65, 0.8, 1.0]",Polyak momentum gradient descent,True,True,True,20260726,10,0.18,0.35,6.0,0.7,2.5,lightning.qubit,,,,,,,,
shots=5000|steps=100|sim=lightning.qubit|seed_pairing=common_v2|alpha_start=1|fixed|erdos_renyi|2|0.8|4,restart,fixed,0.8,0.1999999999999999,0.8,0.8,constant,erdos_renyi,8.0,2.0,2.0,4.0,20260730.0,750504.0,"[3.0741951881358056, 2.9261393128026922, 2.13612737908406, 0.2423724789360562]","[2.873952336195346, 2.7273560940301724, 2.120802572832355, 0.36440485414555224]",1.0947500000000012,0.8181,0.8173499999999999,0.8222799999999999,1.0,0.4184,,,,,,,,,,,,,,,,,,,,,,,finite_shot_qaoa_maxcut_cvar,5000,100,5,"[0.1, 0.2, 0.35, 0.5, 0.65, 0.8, 1.0]",Polyak momentum gradient descent,True,True,True,20260726,10,0.18,0.35,6.0,0.7,2.5,lightning.qubit,,,,,,,,
shots=5000|steps=100|sim=lightning.qubit|seed_pairing=common_v2|alpha_start=1|fixed|erdos_renyi|2|1|0,restart,fixed,1.0,0.0,1.0,1.0,constant,erdos_renyi,8.0,2.0,2.0,0.0,20260726.0,750600.0,"[2.226844302927403, 2.7300075029351913, 1.8397074133679914, 2.174662247612199]","[2.8793589624081104, 2.728197058774789, 2.1186807195890505, 3.497426330121694]",1.825,0.8175000000000001,0.8177920000000001,0.82362,1.0,0.4108,,,,,,,,,,,,,,,,,,,,,,,finite_shot_qaoa_maxcut_cvar,5000,100,5,"[0.1, 0.2, 0.35, 0.5, 0.65, 0.8, 1.0]",Polyak momentum gradient descent,True,True,True,20260726,10,0.18,0.35,6.0,0.7,2.5,lightning.qubit,,,,,,,,
shots=5000|steps=100|sim=lightning.qubit|seed_pairing=common_v2|alpha_start=1|fixed|erdos_renyi|2|1|1,restart,fixed,1.0,0.0,1.0,1.0,constant,erdos_renyi,8.0,2.0,2.0,1.0,20260727.0,750601.0,"[0.4756712476396966, 3.0965837239683074, 2.646028416497059, 1.5012931115137529]","[0.28192206276420473, 2.536695141755873, 2.917733889129513, 1.8835662858263955]",2.321,0.7679,0.76754,0.77286,1.0,0.2784,,,,,,,,,,,,,,,,,,,,,,,finite_shot_qaoa_maxcut_cvar,5000,100,5,"[0.1, 0.2, 0.35, 0.5, 0.65, 0.8, 1.0]",Polyak momentum gradient descent,True,True,True,20260726,10,0.18,0.35,6.0,0.7,2.5,lightning.qubit,,,,,,,,
shots=5000|steps=100|sim=lightning.qubit|seed_pairing=common_v2|alpha_start=1|fixed|erdos_renyi|2|1|2,restart,fixed,1.0,0.0,1.0,1.0,constant,erdos_renyi,8.0,2.0,2.0,2.0,20260728.0,750602.0,"[1.9093349559311228, 0.014936831693126611, 0.4604455897891393, 2.9643566316254946]","[1.8719128624049193, 0.3134251517275823, 0.45004400105888354, 2.68006464398799]",4.5159999999999965,0.5484,0.54744,0.5545,1.0,0.0286,,,,,,,,,,,,,,,,,,,,,,,finite_shot_qaoa_maxcut_cvar,5000,100,5,"[0.1, 0.2, 0.35, 0.5, 0.65, 0.8, 1.0]",Polyak momentum gradient descent,True,True,True,20260726,10,0.18,0.35,6.0,0.7,2.5,lightning.qubit,,,,,,,,
shots=5000|steps=100|sim=lightning.qubit|seed_pairing=common_v2|alpha_start=1|fixed|erdos_renyi|2|1|3,restart,fixed,1.0,0.0,1.0,1.0,constant,erdos_renyi,8.0,2.0,2.0,3.0,20260729.0,750603.0,"[0.09601236448568767, 0.01368452041539864, 2.124727888032644, 0.7164215210760676]","[0.4295590861998736, 6.091690942138866, 1.9094944464265393, 0.8166507571041894]",2.2,0.7799999999999999,0.776794,0.7821999999999999,1.0,0.2366,,,,,,,,,,,,,,,,,,,,,,,finite_shot_qaoa_maxcut_cvar,5000,100,5,"[0.1, 0.2, 0.35, 0.5, 0.65, 0.8, 1.0]",Polyak momentum gradient descent,True,True,True,20260726,10,0.18,0.35,6.0,0.7,2.5,lightning.qubit,,,,,,,,
shots=5000|steps=100|sim=lightning.qubit|seed_pairing=common_v2|alpha_start=1|fixed|erdos_renyi|2|1|4,restart,fixed,1.0,0.0,1.0,1.0,constant,erdos_renyi,8.0,2.0,2.0,4.0,20260730.0,750604.0,"[3.0741951881358056, 2.9261393128026922, 2.13612737908406, 0.2423724789360562]","[2.8845517341184954, 2.7266865373570557, 2.112838177237822, 0.35352941114856606]",1.8046,0.8195399999999999,0.8165140000000001,0.8239000000000001,1.0,0.4042,,,,,,,,,,,,,,,,,,,,,,,finite_shot_qaoa_maxcut_cvar,5000,100,5,"[0.1, 0.2, 0.35, 0.5, 0.65, 0.8, 1.0]",Polyak momentum gradient descent,True,True,True,20260726,10,0.18,0.35,6.0,0.7,2.5,lightning.qubit,,,,,,,,
shots=5000|steps=100|sim=lightning.qubit|seed_pairing=common_v2|alpha_start=1|fixed|erdos_renyi|3|0.1|0,restart,fixed,0.1,0.9,0.1,0.1,constant,erdos_renyi,8.0,2.0,3.0,0.0,20260726.0,760000.0,"[2.226844302927403, 2.7300075029351913, 1.8397074133679914, 2.174662247612199]","[2.943043131172493, 2.702429744616682, 1.936098393247482, 1.7250438084114763]",0.0,0.8054666666666667,0.8069422222222222,0.8311555555555555,1.0,0.1328,,,,,,,,,,,,,,,,,,,,,,,finite_shot_qaoa_maxcut_cvar,5000,100,5,"[0.1, 0.2, 0.35, 0.5, 0.65, 0.8, 1.0]",Polyak momentum gradient descent,True,True,True,20260726,10,0.18,0.35,6.0,0.7,2.5,lightning.qubit,,,,,,,,
shots=5000|steps=100|sim=lightning.qubit|seed_pairing=common_v2|alpha_start=1|fixed|erdos_renyi|3|0.1|1,restart,fixed,0.1,0.9,0.1,0.1,constant,erdos_renyi,8.0,2.0,3.0,1.0,20260727.0,760001.0,"[0.4756712476396966, 3.0965837239683074, 2.646028416497059, 1.5012931115137529]","[0.2596335704900085, 3.006430994307195, 2.4884795234149544, 1.867779831852779]",0.0,0.7871111111111112,0.784591111111111,0.7871111111111112,1.0,0.1404,,,,,,,,,,,,,,,,,,,,,,,finite_shot_qaoa_maxcut_cvar,5000,100,5,"[0.1, 0.2, 0.35, 0.5, 0.65, 0.8, 1.0]",Polyak momentum gradient descent,True,True,True,20260726,10,0.18,0.35,6.0,0.7,2.5,lightning.qubit,,,,,,,,
shots=5000|steps=100|sim=lightning.qubit|seed_pairing=common_v2|alpha_start=1|fixed|erdos_renyi|3|0.1|2,restart,fixed,0.1,0.9,0.1,0.1,constant,erdos_renyi,8.0,2.0,3.0,2.0,20260728.0,760002.0,"[1.9093349559311228, 0.014936831693126611, 0.4604455897891393, 2.9643566316254946]","[1.9484414368893457, 0.378700364522248, 0.507926791989217, 2.7048665934985263]",1.084,0.543711111111111,0.544951111111111,0.559488888888889,1.0,0.0136,,,,,,,,,,,,,,,,,,,,,,,finite_shot_qaoa_maxcut_cvar,5000,100,5,"[0.1, 0.2, 0.35, 0.5, 0.65, 0.8, 1.0]",Polyak momentum gradient descent,True,True,True,20260726,10,0.18,0.35,6.0,0.7,2.5,lightning.qubit,,,,,,,,
shots=5000|steps=100|sim=lightning.qubit|seed_pairing=common_v2|alpha_start=1|fixed|erdos_renyi|3|0.1|3,restart,fixed,0.1,0.9,0.1,0.1,constant,erdos_renyi,8.0,2.0,3.0,3.0,20260729.0,760003.0,"[0.09601236448568767, 0.01368452041539864, 2.124727888032644, 0.7164215210760676]","[0.3710480832948831, 6.179930888928198, 2.0327150696574954, 0.7611355918706884]",0.0,0.8113333333333332,0.8053266666666667,0.8218222222222222,1.0,0.1524,,,,,,,,,,,,,,,,,,,,,,,finite_shot_qaoa_maxcut_cvar,5000,100,5,"[0.1, 0.2, 0.35, 0.5, 0.65, 0.8, 1.0]",Polyak momentum gradient descent,True,True,True,20260726,10,0.18,0.35,6.0,0.7,2.5,lightning.qubit,,,,,,,,
shots=5000|steps=100|sim=lightning.qubit|seed_pairing=common_v2|alpha_start=1|fixed|erdos_renyi|3|0.1|4,restart,fixed,0.1,0.9,0.1,0.1,constant,erdos_renyi,8.0,2.0,3.0,4.0,20260730.0,760004.0,"[3.0741951881358056, 2.9261393128026922, 2.13612737908406, 0.2423724789360562]","[2.954158575087124, 2.6924438562459114, 1.9317438990597935, 0.15225655066594285]",0.0,0.8003777777777779,0.8069644444444444,0.835888888888889,1.0,0.1228,,,,,,,,,,,,,,,,,,,,,,,finite_shot_qaoa_maxcut_cvar,5000,100,5,"[0.1, 0.2, 0.35, 0.5, 0.65, 0.8, 1.0]",Polyak momentum gradient descent,True,True,True,20260726,10,0.18,0.35,6.0,0.7,2.5,lightning.qubit,,,,,,,,
shots=5000|steps=100|sim=lightning.qubit|seed_pairing=common_v2|alpha_start=1|fixed|erdos_renyi|3|0.2|0,restart,fixed,0.2,0.8,0.2,0.2,constant,erdos_renyi,8.0,2.0,3.0,0.0,20260726.0,760100.0,"[2.226844302927403, 2.7300075029351913, 1.8397074133679914, 2.174662247612199]","[2.9244225587004102, 2.6535008490197223, 2.054955101759316, 1.8238812007130367]",0.0,0.8413111111111111,0.8407066666666667,0.8509111111111111,1.0,0.2076,,,,,,,,,,,,,,,,,,,,,,,finite_shot_qaoa_maxcut_cvar,5000,100,5,"[0.1, 0.2, 0.35, 0.5, 0.65, 0.8, 1.0]",Polyak momentum gradient descent,True,True,True,20260726,10,0.18,0.35,6.0,0.7,2.5,lightning.qubit,,,,,,,,
shots=5000|steps=100|sim=lightning.qubit|seed_pairing=common_v2|alpha_start=1|fixed|erdos_renyi|3|0.2|1,restart,fixed,0.2,0.8,0.2,0.2,constant,erdos_renyi,8.0,2.0,3.0,1.0,20260727.0,760101.0,"[0.4756712476396966, 3.0965837239683074, 2.646028416497059, 1.5012931115137529]","[0.3999602284076025, 2.9793730835934955, 2.0090661185677234, 2.298618720695811]",0.0,0.8252666666666667,0.8208333333333332,0.8264888888888888,1.0,0.203,,,,,,,,,,,,,,,,,,,,,,,finite_shot_qaoa_maxcut_cvar,5000,100,5,"[0.1, 0.2, 0.35, 0.5, 0.65, 0.8, 1.0]",Polyak momentum gradient descent,True,True,True,20260726,10,0.18,0.35,6.0,0.7,2.5,lightning.qubit,,,,,,,,
shots=5000|steps=100|sim=lightning.qubit|seed_pairing=common_v2|alpha_start=1|fixed|erdos_renyi|3|0.2|2,restart,fixed,0.2,0.8,0.2,0.2,constant,erdos_renyi,8.0,2.0,3.0,2.0,20260728.0,760102.0,"[1.9093349559311228, 0.014936831693126611, 0.4604455897891393, 2.9643566316254946]","[1.9608573010034644, 0.3763002932527631, 0.5483771778794722, 2.696954841716529]",1.5000000000000002,0.5448222222222223,0.5482244444444445,0.5612222222222223,1.0,0.012,,,,,,,,,,,,,,,,,,,,,,,finite_shot_qaoa_maxcut_cvar,5000,100,5,"[0.1, 0.2, 0.35, 0.5, 0.65, 0.8, 1.0]",Polyak momentum gradient descent,True,True,True,20260726,10,0.18,0.35,6.0,0.7,2.5,lightning.qubit,,,,,,,,
shots=5000|steps=100|sim=lightning.qubit|seed_pairing=common_v2|alpha_start=1|fixed|erdos_renyi|3|0.2|3,restart,fixed,0.2,0.8,0.2,0.2,constant,erdos_renyi,8.0,2.0,3.0,3.0,20260729.0,760103.0,"[0.09601236448568767, 0.01368452041539864, 2.124727888032644, 0.7164215210760676]","[0.5324699012990265, 6.057869070302252, 1.9058086537586802, 0.8679611778160171]",0.0,0.8142444444444444,0.8184822222222221,0.8272222222222223,1.0,0.216,,,,,,,,,,,,,,,,,,,,,,,finite_shot_qaoa_maxcut_cvar,5000,100,5,"[0.1, 0.2, 0.35, 0.5, 0.65, 0.8, 1.0]",Polyak momentum gradient descent,True,True,True,20260726,10,0.18,0.35,6.0,0.7,2.5,lightning.qubit,,,,,,,,
shots=5000|steps=100|sim=lightning.qubit|seed_pairing=common_v2|alpha_start=1|fixed|erdos_renyi|3|0.2|4,restart,fixed,0.2,0.8,0.2,0.2,constant,erdos_renyi,8.0,2.0,3.0,4.0,20260730.0,760104.0,"[3.0741951881358056, 2.9261393128026922, 2.13612737908406, 0.2423724789360562]","[2.911124775561963, 2.6543526298980167, 2.0355550266786233, 0.25817161329324123]",0.0,0.8448666666666667,0.8415244444444445,0.850488888888889,1.0,0.222,,,,,,,,,,,,,,,,,,,,,,,finite_shot_qaoa_maxcut_cvar,5000,100,5,"[0.1, 0.2, 0.35, 0.5, 0.65, 0.8, 1.0]",Polyak momentum gradient descent,True,True,True,20260726,10,0.18,0.35,6.0,0.7,2.5,lightning.qubit,,,,,,,,
shots=5000|steps=100|sim=lightning.qubit|seed_pairing=common_v2|alpha_start=1|fixed|erdos_renyi|3|0.35|0,restart,fixed,0.35,0.65,0.35,0.35,constant,erdos_renyi,8.0,2.0,3.0,0.0,20260726.0,760200.0,"[2.226844302927403, 2.7300075029351913, 1.8397074133679914, 2.174662247612199]","[2.3365351248111472, 2.6674454121922735, 2.1129013142123547, 2.322022107951167]",1.6571428571428577,0.6273777777777778,0.6303577777777777,0.6414222222222222,1.0,0.012,,,,,,,,,,,,,,,,,,,,,,,finite_shot_qaoa_maxcut_cvar,5000,100,5,"[0.1, 0.2, 0.35, 0.5, 0.65, 0.8, 1.0]",Polyak momentum gradient descent,True,True,True,20260726,10,0.18,0.35,6.0,0.7,2.5,lightning.qubit,,,,,,,,
shots=5000|steps=100|sim=lightning.qubit|seed_pairing=common_v2|alpha_start=1|fixed|erdos_renyi|3|0.35|1,restart,fixed,0.35,0.65,0.35,0.35,constant,erdos_renyi,8.0,2.0,3.0,1.0,20260727.0,760201.0,"[0.4756712476396966, 3.0965837239683074, 2.646028416497059, 1.5012931115137529]","[0.5060156070299785, 2.9105126917725945, 1.9753059486800217, 2.345578786887358]",0.3577142857142856,0.8093777777777778,0.8072888888888888,0.8143777777777778,1.0,0.2248,,,,,,,,,,,,,,,,,,,,,,,finite_shot_qaoa_maxcut_cvar,5000,100,5,"[0.1, 0.2, 0.35, 0.5, 0.65, 0.8, 1.0]",Polyak momentum gradient descent,True,True,True,20260726,10,0.18,0.35,6.0,0.7,2.5,lightning.qubit,,,,,,,,
shots=5000|steps=100|sim=lightning.qubit|seed_pairing=common_v2|alpha_start=1|fixed|erdos_renyi|3|0.35|2,restart,fixed,0.35,0.65,0.35,0.35,constant,erdos_renyi,8.0,2.0,3.0,2.0,20260728.0,760202.0,"[1.9093349559311228, 0.014936831693126611, 0.4604455897891393, 2.9643566316254946]","[2.1070383148846927, 0.4803274919818363, 0.7011360608180692, 2.6433258338524013]",2.150285714285713,0.5476666666666667,0.5495133333333333,0.5628444444444445,1.0,0.0072,,,,,,,,,,,,,,,,,,,,,,,finite_shot_qaoa_maxcut_cvar,5000,100,5,"[0.1, 0.2, 0.35, 0.5, 0.65, 0.8, 1.0]",Polyak momentum gradient descent,True,True,True,20260726,10,0.18,0.35,6.0,0.7,2.5,lightning.qubit,,,,,,,,
shots=5000|steps=100|sim=lightning.qubit|seed_pairing=common_v2|alpha_start=1|fixed|erdos_renyi|3|0.35|3,restart,fixed,0.35,0.65,0.35,0.35,constant,erdos_renyi,8.0,2.0,3.0,3.0,20260729.0,760203.0,"[0.09601236448568767, 0.01368452041539864, 2.124727888032644, 0.7164215210760676]","[0.4969748925960956, 6.042609479947632, 1.9775581695818143, 0.7721818964953456]",0.3508571428571428,0.8063111111111111,0.8086222222222222,0.8189111111111109,1.0,0.2272,,,,,,,,,,,,,,,,,,,,,,,finite_shot_qaoa_maxcut_cvar,5000,100,5,"[0.1, 0.2, 0.35, 0.5, 0.65, 0.8, 1.0]",Polyak momentum gradient descent,True,True,True,20260726,10,0.18,0.35,6.0,0.7,2.5,lightning.qubit,,,,,,,,
shots=5000|steps=100|sim=lightning.qubit|seed_pairing=common_v2|alpha_start=1|fixed|erdos_renyi|3|0.35|4,restart,fixed,0.35,0.65,0.35,0.35,constant,erdos_renyi,8.0,2.0,3.0,4.0,20260730.0,760204.0,"[3.0741951881358056, 2.9261393128026922, 2.13612737908406, 0.2423724789360562]","[2.857485146915278, 2.650777010484596, 2.0733874042420517, 0.3308526876209117]",0.24,0.8452888888888891,0.8460822222222223,0.8510888888888889,1.0,0.266,,,,,,,,,,,,,,,,,,,,,,,finite_shot_qaoa_maxcut_cvar,5000,100,5,"[0.1, 0.2, 0.35, 0.5, 0.65, 0.8, 1.0]",Polyak momentum gradient descent,True,True,True,20260726,10,0.18,0.35,6.0,0.7,2.5,lightning.qubit,,,,,,,,
shots=5000|steps=100|sim=lightning.qubit|seed_pairing=common_v2|alpha_start=1|fixed|erdos_renyi|3|0.5|0,restart,fixed,0.5,0.5,0.5,0.5,constant,erdos_renyi,8.0,2.0,3.0,0.0,20260726.0,760300.0,"[2.226844302927403, 2.7300075029351913, 1.8397074133679914, 2.174662247612199]","[2.9040569693059637, 2.6572485612002823, 2.064652940362653, 1.8729779143687506]",0.5167999999999999,0.8456,0.8014866666666667,0.8473555555555555,1.0,0.2416,,,,,,,,,,,,,,,,,,,,,,,finite_shot_qaoa_maxcut_cvar,5000,100,5,"[0.1, 0.2, 0.35, 0.5, 0.65, 0.8, 1.0]",Polyak momentum gradient descent,True,True,True,20260726,10,0.18,0.35,6.0,0.7,2.5,lightning.qubit,,,,,,,,
shots=5000|steps=100|sim=lightning.qubit|seed_pairing=common_v2|alpha_start=1|fixed|erdos_renyi|3|0.5|1,restart,fixed,0.5,0.5,0.5,0.5,constant,erdos_renyi,8.0,2.0,3.0,1.0,20260727.0,760301.0,"[0.4756712476396966, 3.0965837239683074, 2.646028416497059, 1.5012931115137529]","[0.4936304807746916, 2.9049228761286767, 1.9786711809716657, 2.340982400645706]",0.54,0.8088888888888888,0.8086644444444445,0.8139777777777779,1.0,0.2299999999999999,,,,,,,,,,,,,,,,,,,,,,,finite_shot_qaoa_maxcut_cvar,5000,100,5,"[0.1, 0.2, 0.35, 0.5, 0.65, 0.8, 1.0]",Polyak momentum gradient descent,True,True,True,20260726,10,0.18,0.35,6.0,0.7,2.5,lightning.qubit,,,,,,,,
shots=5000|steps=100|sim=lightning.qubit|seed_pairing=common_v2|alpha_start=1|fixed|erdos_renyi|3|0.5|2,restart,fixed,0.5,0.5,0.5,0.5,constant,erdos_renyi,8.0,2.0,3.0,2.0,20260728.0,760302.0,"[1.9093349559311228, 0.014936831693126611, 0.4604455897891393, 2.9643566316254946]","[2.6272101204508007, 0.2638544107904484, 1.187167306283081, 2.338882965500595]",0.5464,0.8038000000000001,0.81286,0.8209777777777778,1.0,0.2268,,,,,,,,,,,,,,,,,,,,,,,finite_shot_qaoa_maxcut_cvar,5000,100,5,"[0.1, 0.2, 0.35, 0.5, 0.65, 0.8, 1.0]",Polyak momentum gradient descent,True,True,True,20260726,10,0.18,0.35,6.0,0.7,2.5,lightning.qubit,,,,,,,,
shots=5000|steps=100|sim=lightning.qubit|seed_pairing=common_v2|alpha_start=1|fixed|erdos_renyi|3|0.5|3,restart,fixed,0.5,0.5,0.5,0.5,constant,erdos_renyi,8.0,2.0,3.0,3.0,20260729.0,760303.0,"[0.09601236448568767, 0.01368452041539864, 2.124727888032644, 0.7164215210760676]","[0.5044216221418044, 6.046112950474466, 1.9777807314021305, 0.7811111292490285]",0.5203999999999998,0.812088888888889,0.8093955555555554,0.8168444444444444,1.0,0.2398,,,,,,,,,,,,,,,,,,,,,,,finite_shot_qaoa_maxcut_cvar,5000,100,5,"[0.1, 0.2, 0.35, 0.5, 0.65, 0.8, 1.0]",Polyak momentum gradient descent,True,True,True,20260726,10,0.18,0.35,6.0,0.7,2.5,lightning.qubit,,,,,,,,
shots=5000|steps=100|sim=lightning.qubit|seed_pairing=common_v2|alpha_start=1|fixed|erdos_renyi|3|0.5|4,restart,fixed,0.5,0.5,0.5,0.5,constant,erdos_renyi,8.0,2.0,3.0,4.0,20260730.0,760304.0,"[3.0741951881358056, 2.9261393128026922, 2.13612737908406, 0.2423724789360562]","[2.8617919173836035, 2.6616663265073766, 2.068097957322945, 0.32016960898754543]",0.4871999999999998,0.8470222222222222,0.8472133333333334,0.8532666666666667,1.0,0.2564,,,,,,,,,,,,,,,,,,,,,,,finite_shot_qaoa_maxcut_cvar,5000,100,5,"[0.1, 0.2, 0.35, 0.5, 0.65, 0.8, 1.0]",Polyak momentum gradient descent,True,True,True,20260726,10,0.18,0.35,6.0,0.7,2.5,lightning.qubit,,,,,,,,
shots=5000|steps=100|sim=lightning.qubit|seed_pairing=common_v2|alpha_start=1|fixed|erdos_renyi|3|0.65|0,restart,fixed,0.65,0.35,0.65,0.65,constant,erdos_renyi,8.0,2.0,3.0,0.0,20260726.0,760400.0,"[2.226844302927403, 2.7300075029351913, 1.8397074133679914, 2.174662247612199]","[2.289843001531136, 2.6569997903490425, 2.0787266453123783, 2.3602417385941643]",2.262769230769231,0.6425555555555557,0.6394400000000001,0.6480000000000001,1.0,0.0175999999999999,,,,,,,,,,,,,,,,,,,,,,,finite_shot_qaoa_maxcut_cvar,5000,100,5,"[0.1, 0.2, 0.35, 0.5, 0.65, 0.8, 1.0]",Polyak momentum gradient descent,True,True,True,20260726,10,0.18,0.35,6.0,0.7,2.5,lightning.qubit,,,,,,,,
shots=5000|steps=100|sim=lightning.qubit|seed_pairing=common_v2|alpha_start=1|fixed|erdos_renyi|3|0.65|1,restart,fixed,0.65,0.35,0.65,0.65,constant,erdos_renyi,8.0,2.0,3.0,1.0,20260727.0,760401.0,"[0.4756712476396966, 3.0965837239683074, 2.646028416497059, 1.5012931115137529]","[0.5077826351454316, 2.909194712751681, 1.9671542105335293, 2.3592219453940637]",0.7347692307692312,0.8109555555555557,0.8101844444444444,0.8177555555555556,1.0,0.2292,,,,,,,,,,,,,,,,,,,,,,,finite_shot_qaoa_maxcut_cvar,5000,100,5,"[0.1, 0.2, 0.35, 0.5, 0.65, 0.8, 1.0]",Polyak momentum gradient descent,True,True,True,20260726,10,0.18,0.35,6.0,0.7,2.5,lightning.qubit,,,,,,,,
shots=5000|steps=100|sim=lightning.qubit|seed_pairing=common_v2|alpha_start=1|fixed|erdos_renyi|3|0.65|2,restart,fixed,0.65,0.35,0.65,0.65,constant,erdos_renyi,8.0,2.0,3.0,2.0,20260728.0,760402.0,"[1.9093349559311228, 0.014936831693126611, 0.4604455897891393, 2.9643566316254946]","[2.3760393473873984, 0.29732471150936124, 1.2295688549887689, 2.263596352723963]",1.4347692307692306,0.6971777777777777,0.5969311111111111,0.6971777777777777,1.0,0.1196,,,,,,,,,,,,,,,,,,,,,,,finite_shot_qaoa_maxcut_cvar,5000,100,5,"[0.1, 0.2, 0.35, 0.5, 0.65, 0.8, 1.0]",Polyak momentum gradient descent,True,True,True,20260726,10,0.18,0.35,6.0,0.7,2.5,lightning.qubit,,,,,,,,
shots=5000|steps=100|sim=lightning.qubit|seed_pairing=common_v2|alpha_start=1|fixed|erdos_renyi|3|0.65|3,restart,fixed,0.65,0.35,0.65,0.65,constant,erdos_renyi,8.0,2.0,3.0,3.0,20260729.0,760403.0,"[0.09601236448568767, 0.01368452041539864, 2.124727888032644, 0.7164215210760676]","[0.5111537300200116, 6.043360130826697, 1.9640629453428764, 0.7949914918543263]",0.7467692307692306,0.8128888888888889,0.8119133333333334,0.8201333333333333,1.0,0.2256,,,,,,,,,,,,,,,,,,,,,,,finite_shot_qaoa_maxcut_cvar,5000,100,5,"[0.1, 0.2, 0.35, 0.5, 0.65, 0.8, 1.0]",Polyak momentum gradient descent,True,True,True,20260726,10,0.18,0.35,6.0,0.7,2.5,lightning.qubit,,,,,,,,
shots=5000|steps=100|sim=lightning.qubit|seed_pairing=common_v2|alpha_start=1|fixed|erdos_renyi|3|0.65|4,restart,fixed,0.65,0.35,0.65,0.65,constant,erdos_renyi,8.0,2.0,3.0,4.0,20260730.0,760404.0,"[3.0741951881358056, 2.9261393128026922, 2.13612737908406, 0.2423724789360562]","[2.8603322291344444, 2.659086567666628, 2.067277799324748, 0.32412068063209265]",0.610769230769231,0.8465555555555555,0.846731111111111,0.8510222222222222,1.0,0.2536,,,,,,,,,,,,,,,,,,,,,,,finite_shot_qaoa_maxcut_cvar,5000,100,5,"[0.1, 0.2, 0.35, 0.5, 0.65, 0.8, 1.0]",Polyak momentum gradient descent,True,True,True,20260726,10,0.18,0.35,6.0,0.7,2.5,lightning.qubit,,,,,,,,
shots=5000|steps=100|sim=lightning.qubit|seed_pairing=common_v2|alpha_start=1|fixed|erdos_renyi|3|0.8|0,restart,fixed,0.8,0.1999999999999999,0.8,0.8,constant,erdos_renyi,8.0,2.0,3.0,0.0,20260726.0,760500.0,"[2.226844302927403, 2.7300075029351913, 1.8397074133679914, 2.174662247612199]","[2.276427756795065, 2.6445485723043167, 2.0628357252010643, 2.3561045915997196]",2.5400000000000014,0.6461777777777777,0.6448666666666666,0.6502666666666665,1.0,0.015,,,,,,,,,,,,,,,,,,,,,,,finite_shot_qaoa_maxcut_cvar,5000,100,5,"[0.1, 0.2, 0.35, 0.5, 0.65, 0.8, 1.0]",Polyak momentum gradient descent,True,True,True,20260726,10,0.18,0.35,6.0,0.7,2.5,lightning.qubit,,,,,,,,
shots=5000|steps=100|sim=lightning.qubit|seed_pairing=common_v2|alpha_start=1|fixed|erdos_renyi|3|0.8|1,restart,fixed,0.8,0.1999999999999999,0.8,0.8,constant,erdos_renyi,8.0,2.0,3.0,1.0,20260727.0,760501.0,"[0.4756712476396966, 3.0965837239683074, 2.646028416497059, 1.5012931115137529]","[0.5012679887333356, 2.9169995836291713, 1.9563212729066757, 2.382159594604534]",1.0017500000000013,0.8178444444444444,0.8148399999999999,0.8231111111111112,1.0,0.2188,,,,,,,,,,,,,,,,,,,,,,,finite_shot_qaoa_maxcut_cvar,5000,100,5,"[0.1, 0.2, 0.35, 0.5, 0.65, 0.8, 1.0]",Polyak momentum gradient descent,True,True,True,20260726,10,0.18,0.35,6.0,0.7,2.5,lightning.qubit,,,,,,,,
shots=5000|steps=100|sim=lightning.qubit|seed_pairing=common_v2|alpha_start=1|fixed|erdos_renyi|3|0.8|2,restart,fixed,0.8,0.1999999999999999,0.8,0.8,constant,erdos_renyi,8.0,2.0,3.0,2.0,20260728.0,760502.0,"[1.9093349559311228, 0.014936831693126611, 0.4604455897891393, 2.9643566316254946]","[1.8417829429603032, 0.11718561607169393, 1.106922512922955, 2.828955086424889]",3.2227500000000022,0.5772444444444444,0.5767822222222222,0.5833333333333334,1.0,0.0072,,,,,,,,,,,,,,,,,,,,,,,finite_shot_qaoa_maxcut_cvar,5000,100,5,"[0.1, 0.2, 0.35, 0.5, 0.65, 0.8, 1.0]",Polyak momentum gradient descent,True,True,True,20260726,10,0.18,0.35,6.0,0.7,2.5,lightning.qubit,,,,,,,,
shots=5000|steps=100|sim=lightning.qubit|seed_pairing=common_v2|alpha_start=1|fixed|erdos_renyi|3|0.8|3,restart,fixed,0.8,0.1999999999999999,0.8,0.8,constant,erdos_renyi,8.0,2.0,3.0,3.0,20260729.0,760503.0,"[0.09601236448568767, 0.01368452041539864, 2.124727888032644, 0.7164215210760676]","[0.49255060762831726, 6.058657544542568, 1.9612266492878188, 0.8033243018718769]",0.9814999999999998,0.8177111111111112,0.8184666666666667,0.8267777777777778,1.0,0.2272,,,,,,,,,,,,,,,,,,,,,,,finite_shot_qaoa_maxcut_cvar,5000,100,5,"[0.1, 0.2, 0.35, 0.5, 0.65, 0.8, 1.0]",Polyak momentum gradient descent,True,True,True,20260726,10,0.18,0.35,6.0,0.7,2.5,lightning.qubit,,,,,,,,
shots=5000|steps=100|sim=lightning.qubit|seed_pairing=common_v2|alpha_start=1|fixed|erdos_renyi|3|0.8|4,restart,fixed,0.8,0.1999999999999999,0.8,0.8,constant,erdos_renyi,8.0,2.0,3.0,4.0,20260730.0,760504.0,"[3.0741951881358056, 2.9261393128026922, 2.13612737908406, 0.2423724789360562]","[2.853994416249537, 2.6562447222221066, 2.0704382828349095, 0.32163350381829003]",0.8507500000000003,0.8510222222222222,0.8473155555555556,0.8521333333333334,1.0,0.258,,,,,,,,,,,,,,,,,,,,,,,finite_shot_qaoa_maxcut_cvar,5000,100,5,"[0.1, 0.2, 0.35, 0.5, 0.65, 0.8, 1.0]",Polyak momentum gradient descent,True,True,True,20260726,10,0.18,0.35,6.0,0.7,2.5,lightning.qubit,,,,,,,,
shots=5000|steps=100|sim=lightning.qubit|seed_pairing=common_v2|alpha_start=1|fixed|erdos_renyi|3|1|0,restart,fixed,1.0,0.0,1.0,1.0,constant,erdos_renyi,8.0,2.0,3.0,0.0,20260726.0,760600.0,"[2.226844302927403, 2.7300075029351913, 1.8397074133679914, 2.174662247612199]","[2.239701674376136, 2.6705281608551306, 2.055024287002051, 2.3853858853398733]",3.221,0.6421111111111111,0.6457599999999999,0.6540888888888889,1.0,0.0133999999999999,,,,,,,,,,,,,,,,,,,,,,,finite_shot_qaoa_maxcut_cvar,5000,100,5,"[0.1, 0.2, 0.35, 0.5, 0.65, 0.8, 1.0]",Polyak momentum gradient descent,True,True,True,20260726,10,0.18,0.35,6.0,0.7,2.5,lightning.qubit,,,,,,,,
shots=5000|steps=100|sim=lightning.qubit|seed_pairing=common_v2|alpha_start=1|fixed|erdos_renyi|3|1|1,restart,fixed,1.0,0.0,1.0,1.0,constant,erdos_renyi,8.0,2.0,3.0,1.0,20260727.0,760601.0,"[0.4756712476396966, 3.0965837239683074, 2.646028416497059, 1.5012931115137529]","[0.4456375415177568, 2.9643407590098936, 1.9447381992389066, 2.384554493453318]",1.55,0.827777777777778,0.8276844444444447,0.8321333333333334,1.0,0.2152,,,,,,,,,,,,,,,,,,,,,,,finite_shot_qaoa_maxcut_cvar,5000,100,5,"[0.1, 0.2, 0.35, 0.5, 0.65, 0.8, 1.0]",Polyak momentum gradient descent,True,True,True,20260726,10,0.18,0.35,6.0,0.7,2.5,lightning.qubit,,,,,,,,
shots=5000|steps=100|sim=lightning.qubit|seed_pairing=common_v2|alpha_start=1|fixed|erdos_renyi|3|1|2,restart,fixed,1.0,0.0,1.0,1.0,constant,erdos_renyi,8.0,2.0,3.0,2.0,20260728.0,760602.0,"[1.9093349559311228, 0.014936831693126611, 0.4604455897891393, 2.9643566316254946]","[1.889126747162389, 0.16050858598554332, 1.043942349942388, 2.7639940373858014]",3.769799999999998,0.5811333333333333,0.5783466666666668,0.5829111111111112,1.0,0.0098,,,,,,,,,,,,,,,,,,,,,,,finite_shot_qaoa_maxcut_cvar,5000,100,5,"[0.1, 0.2, 0.35, 0.5, 0.65, 0.8, 1.0]",Polyak momentum gradient descent,True,True,True,20260726,10,0.18,0.35,6.0,0.7,2.5,lightning.qubit,,,,,,,,
shots=5000|steps=100|sim=lightning.qubit|seed_pairing=common_v2|alpha_start=1|fixed|erdos_renyi|3|1|3,restart,fixed,1.0,0.0,1.0,1.0,constant,erdos_renyi,8.0,2.0,3.0,3.0,20260729.0,760603.0,"[0.09601236448568767, 0.01368452041539864, 2.124727888032644, 0.7164215210760676]","[0.4412002227417348, 6.108092380492652, 1.9442607514722938, 0.8131935854188528]",1.5918,0.8231333333333334,0.8254977777777779,0.8319555555555556,1.0,0.2038,,,,,,,,,,,,,,,,,,,,,,,finite_shot_qaoa_maxcut_cvar,5000,100,5,"[0.1, 0.2, 0.35, 0.5, 0.65, 0.8, 1.0]",Polyak momentum gradient descent,True,True,True,20260726,10,0.18,0.35,6.0,0.7,2.5,lightning.qubit,,,,,,,,
shots=5000|steps=100|sim=lightning.qubit|seed_pairing=common_v2|alpha_start=1|fixed|erdos_renyi|3|1|4,restart,fixed,1.0,0.0,1.0,1.0,constant,erdos_renyi,8.0,2.0,3.0,4.0,20260730.0,760604.0,"[3.0741951881358056, 2.9261393128026922, 2.13612737908406, 0.2423724789360562]","[2.884521010702564, 2.6677761768613517, 2.0561857177833347, 0.30151727859315147]",1.3704,0.8477333333333333,0.8480244444444445,0.8538666666666668,1.0,0.2408,,,,,,,,,,,,,,,,,,,,,,,finite_shot_qaoa_maxcut_cvar,5000,100,5,"[0.1, 0.2, 0.35, 0.5, 0.65, 0.8, 1.0]",Polyak momentum gradient descent,True,True,True,20260726,10,0.18,0.35,6.0,0.7,2.5,lightning.qubit,,,,,,,,
shots=5000|steps=100|sim=lightning.qubit|seed_pairing=common_v2|alpha_start=1|fixed|erdos_renyi|4|0.1|0,restart,fixed,0.1,0.9,0.1,0.1,constant,erdos_renyi,8.0,2.0,4.0,0.0,20260726.0,770000.0,"[2.226844302927403, 2.7300075029351913, 1.8397074133679914, 2.174662247612199]","[2.070341298159103, 2.6795968980526093, 2.0766160406260123, 2.150413990235725]",0.0,0.7588,0.759154,0.7662800000000001,1.0,0.1109999999999999,,,,,,,,,,,,,,,,,,,,,,,finite_shot_qaoa_maxcut_cvar,5000,100,5,"[0.1, 0.2, 0.35, 0.5, 0.65, 0.8, 1.0]",Polyak momentum gradient descent,True,True,True,20260726,10,0.18,0.35,6.0,0.7,2.5,lightning.qubit,,,,,,,,
shots=5000|steps=100|sim=lightning.qubit|seed_pairing=common_v2|alpha_start=1|fixed|erdos_renyi|4|0.1|1,restart,fixed,0.1,0.9,0.1,0.1,constant,erdos_renyi,8.0,2.0,4.0,1.0,20260727.0,770001.0,"[0.4756712476396966, 3.0965837239683074, 2.646028416497059, 1.5012931115137529]","[0.24822772778786992, 3.306671135721707, 2.6892210878514473, 1.5276248771310403]",0.0,0.8290400000000002,0.825064,0.8290400000000002,1.0,0.2262,,,,,,,,,,,,,,,,,,,,,,,finite_shot_qaoa_maxcut_cvar,5000,100,5,"[0.1, 0.2, 0.35, 0.5, 0.65, 0.8, 1.0]",Polyak momentum gradient descent,True,True,True,20260726,10,0.18,0.35,6.0,0.7,2.5,lightning.qubit,,,,,,,,
shots=5000|steps=100|sim=lightning.qubit|seed_pairing=common_v2|alpha_start=1|fixed|erdos_renyi|4|0.1|2,restart,fixed,0.1,0.9,0.1,0.1,constant,erdos_renyi,8.0,2.0,4.0,2.0,20260728.0,770002.0,"[1.9093349559311228, 0.014936831693126611, 0.4604455897891393, 2.9643566316254946]","[2.4504141412807576, 6.253114336071112, 0.4280340582350187, 3.0518734617635768]",0.0,0.72778,0.72891,0.74204,1.0,0.1611999999999999,,,,,,,,,,,,,,,,,,,,,,,finite_shot_qaoa_maxcut_cvar,5000,100,5,"[0.1, 0.2, 0.35, 0.5, 0.65, 0.8, 1.0]",Polyak momentum gradient descent,True,True,True,20260726,10,0.18,0.35,6.0,0.7,2.5,lightning.qubit,,,,,,,,
shots=5000|steps=100|sim=lightning.qubit|seed_pairing=common_v2|alpha_start=1|fixed|erdos_renyi|4|0.1|3,restart,fixed,0.1,0.9,0.1,0.1,constant,erdos_renyi,8.0,2.0,4.0,3.0,20260729.0,770003.0,"[0.09601236448568767, 0.01368452041539864, 2.124727888032644, 0.7164215210760676]","[0.27023854354916976, 6.075525091452408, 2.223274699830535, 0.7416409598712849]",0.0,0.7759,0.767502,0.89756,1.0,0.1924,,,,,,,,,,,,,,,,,,,,,,,finite_shot_qaoa_maxcut_cvar,5000,100,5,"[0.1, 0.2, 0.35, 0.5, 0.65, 0.8, 1.0]",Polyak momentum gradient descent,True,True,True,20260726,10,0.18,0.35,6.0,0.7,2.5,lightning.qubit,,,,,,,,
shots=5000|steps=100|sim=lightning.qubit|seed_pairing=common_v2|alpha_start=1|fixed|erdos_renyi|4|0.1|4,restart,fixed,0.1,0.9,0.1,0.1,constant,erdos_renyi,8.0,2.0,4.0,4.0,20260730.0,770004.0,"[3.0741951881358056, 2.9261393128026922, 2.13612737908406, 0.2423724789360562]","[2.9888616090504208, 2.78763693799513, 1.9135157149718247, 0.125212239232841]",0.0,0.8994800000000002,0.899498,0.90678,1.0,0.3125999999999999,,,,,,,,,,,,,,,,,,,,,,,finite_shot_qaoa_maxcut_cvar,5000,100,5,"[0.1, 0.2, 0.35, 0.5, 0.65, 0.8, 1.0]",Polyak momentum gradient descent,True,True,True,20260726,10,0.18,0.35,6.0,0.7,2.5,lightning.qubit,,,,,,,,
shots=5000|steps=100|sim=lightning.qubit|seed_pairing=common_v2|alpha_start=1|fixed|erdos_renyi|4|0.2|0,restart,fixed,0.2,0.8,0.2,0.2,constant,erdos_renyi,8.0,2.0,4.0,0.0,20260726.0,770100.0,"[2.226844302927403, 2.7300075029351913, 1.8397074133679914, 2.174662247612199]","[2.9976763885734625, 2.7968704876205432, 1.9132065617715457, 1.6945875768311753]",0.0,0.89498,0.8967680000000001,0.91906,1.0,0.2912,,,,,,,,,,,,,,,,,,,,,,,finite_shot_qaoa_maxcut_cvar,5000,100,5,"[0.1, 0.2, 0.35, 0.5, 0.65, 0.8, 1.0]",Polyak momentum gradient descent,True,True,True,20260726,10,0.18,0.35,6.0,0.7,2.5,lightning.qubit,,,,,,,,
shots=5000|steps=100|sim=lightning.qubit|seed_pairing=common_v2|alpha_start=1|fixed|erdos_renyi|4|0.2|1,restart,fixed,0.2,0.8,0.2,0.2,constant,erdos_renyi,8.0,2.0,4.0,1.0,20260727.0,770101.0,"[0.4756712476396966, 3.0965837239683074, 2.646028416497059, 1.5012931115137529]","[0.2509666203571848, 2.9453417090493317, 2.6171470653076128, 1.7998113783279834]",0.0,0.8614,0.8532379999999999,0.8614,1.0,0.3312,,,,,,,,,,,,,,,,,,,,,,,finite_shot_qaoa_maxcut_cvar,5000,100,5,"[0.1, 0.2, 0.35, 0.5, 0.65, 0.8, 1.0]",Polyak momentum gradient descent,True,True,True,20260726,10,0.18,0.35,6.0,0.7,2.5,lightning.qubit,,,,,,,,
shots=5000|steps=100|sim=lightning.qubit|seed_pairing=common_v2|alpha_start=1|fixed|erdos_renyi|4|0.2|2,restart,fixed,0.2,0.8,0.2,0.2,constant,erdos_renyi,8.0,2.0,4.0,2.0,20260728.0,770102.0,"[1.9093349559311228, 0.014936831693126611, 0.4604455897891393, 2.9643566316254946]","[2.86800073954924, 0.2224256991371614, 0.498077232386, 2.914181635811441]",0.0,0.84718,0.8458200000000001,0.8502600000000001,1.0,0.3289999999999999,,,,,,,,,,,,,,,,,,,,,,,finite_shot_qaoa_maxcut_cvar,5000,100,5,"[0.1, 0.2, 0.35, 0.5, 0.65, 0.8, 1.0]",Polyak momentum gradient descent,True,True,True,20260726,10,0.18,0.35,6.0,0.7,2.5,lightning.qubit,,,,,,,,
shots=5000|steps=100|sim=lightning.qubit|seed_pairing=common_v2|alpha_start=1|fixed|erdos_renyi|4|0.2|3,restart,fixed,0.2,0.8,0.2,0.2,constant,erdos_renyi,8.0,2.0,4.0,3.0,20260729.0,770103.0,"[0.09601236448568767, 0.01368452041539864, 2.124727888032644, 0.7164215210760676]","[0.2582374211640239, 6.213624773163173, 1.8813048236602818, 0.9319956789418203]",0.0,0.8818000000000001,0.889964,0.90754,1.0,0.242,,,,,,,,,,,,,,,,,,,,,,,finite_shot_qaoa_maxcut_cvar,5000,100,5,"[0.1, 0.2, 0.35, 0.5, 0.65, 0.8, 1.0]",Polyak momentum gradient descent,True,True,True,20260726,10,0.18,0.35,6.0,0.7,2.5,lightning.qubit,,,,,,,,
shots=5000|steps=100|sim=lightning.qubit|seed_pairing=common_v2|alpha_start=1|fixed|erdos_renyi|4|0.2|4,restart,fixed,0.2,0.8,0.2,0.2,constant,erdos_renyi,8.0,2.0,4.0,4.0,20260730.0,770104.0,"[3.0741951881358056, 2.9261393128026922, 2.13612737908406, 0.2423724789360562]","[3.0063595331185753, 2.810200939760496, 1.931989050779027, 0.12758710053761912]",0.0,0.89476,0.897988,0.90252,1.0,0.2824,,,,,,,,,,,,,,,,,,,,,,,finite_shot_qaoa_maxcut_cvar,5000,100,5,"[0.1, 0.2, 0.35, 0.5, 0.65, 0.8, 1.0]",Polyak momentum gradient descent,True,True,True,20260726,10,0.18,0.35,6.0,0.7,2.5,lightning.qubit,,,,,,,,
shots=5000|steps=100|sim=lightning.qubit|seed_pairing=common_v2|alpha_start=1|fixed|erdos_renyi|4|0.35|0,restart,fixed,0.35,0.65,0.35,0.35,constant,erdos_renyi,8.0,2.0,4.0,0.0,20260726.0,770200.0,"[2.226844302927403, 2.7300075029351913, 1.8397074133679914, 2.174662247612199]","[2.0994279431466367, 2.5879015040912727, 1.968226695318585, 2.59396391144751]",0.6868571428571427,0.7626999999999999,0.7649579999999999,0.7721,1.0,0.13,,,,,,,,,,,,,,,,,,,,,,,finite_shot_qaoa_maxcut_cvar,5000,100,5,"[0.1, 0.2, 0.35, 0.5, 0.65, 0.8, 1.0]",Polyak momentum gradient descent,True,True,True,20260726,10,0.18,0.35,6.0,0.7,2.5,lightning.qubit,,,,,,,,
shots=5000|steps=100|sim=lightning.qubit|seed_pairing=common_v2|alpha_start=1|fixed|erdos_renyi|4|0.35|1,restart,fixed,0.35,0.65,0.35,0.35,constant,erdos_renyi,8.0,2.0,4.0,1.0,20260727.0,770201.0,"[0.4756712476396966, 3.0965837239683074, 2.646028416497059, 1.5012931115137529]","[0.30966629804855444, 3.0446316560523337, 2.3648054218463557, 2.020807767039433]",0.0,0.88124,0.857352,0.8949400000000001,1.0,0.3688,,,,,,,,,,,,,,,,,,,,,,,finite_shot_qaoa_maxcut_cvar,5000,100,5,"[0.1, 0.2, 0.35, 0.5, 0.65, 0.8, 1.0]",Polyak momentum gradient descent,True,True,True,20260726,10,0.18,0.35,6.0,0.7,2.5,lightning.qubit,,,,,,,,
shots=5000|steps=100|sim=lightning.qubit|seed_pairing=common_v2|alpha_start=1|fixed|erdos_renyi|4|0.35|2,restart,fixed,0.35,0.65,0.35,0.35,constant,erdos_renyi,8.0,2.0,4.0,2.0,20260728.0,770202.0,"[1.9093349559311228, 0.014936831693126611, 0.4604455897891393, 2.9643566316254946]","[2.8494711771739407, 0.10005073544004088, 0.7331460954543975, 2.726286398176139]",0.0,0.88354,0.8853059999999999,0.88986,1.0,0.3528,,,,,,,,,,,,,,,,,,,,,,,finite_shot_qaoa_maxcut_cvar,5000,100,5,"[0.1, 0.2, 0.35, 0.5, 0.65, 0.8, 1.0]",Polyak momentum gradient descent,True,True,True,20260726,10,0.18,0.35,6.0,0.7,2.5,lightning.qubit,,,,,,,,
shots=5000|steps=100|sim=lightning.qubit|seed_pairing=common_v2|alpha_start=1|fixed|erdos_renyi|4|0.35|3,restart,fixed,0.35,0.65,0.35,0.35,constant,erdos_renyi,8.0,2.0,4.0,3.0,20260729.0,770203.0,"[0.09601236448568767, 0.01368452041539864, 2.124727888032644, 0.7164215210760676]","[0.34624208157121256, 6.160041402587467, 1.9427595039827672, 0.869942407469209]",0.0,0.90572,0.904788,0.91028,1.0,0.3736,,,,,,,,,,,,,,,,,,,,,,,finite_shot_qaoa_maxcut_cvar,5000,100,5,"[0.1, 0.2, 0.35, 0.5, 0.65, 0.8, 1.0]",Polyak momentum gradient descent,True,True,True,20260726,10,0.18,0.35,6.0,0.7,2.5,lightning.qubit,,,,,,,,
shots=5000|steps=100|sim=lightning.qubit|seed_pairing=common_v2|alpha_start=1|fixed|erdos_renyi|4|0.35|4,restart,fixed,0.35,0.65,0.35,0.35,constant,erdos_renyi,8.0,2.0,4.0,4.0,20260730.0,770204.0,"[3.0741951881358056, 2.9261393128026922, 2.13612737908406, 0.2423724789360562]","[2.968466623452225, 2.7736628071576743, 1.964546401493963, 0.19933907051236935]",0.0,0.91462,0.912104,0.91926,1.0,0.4025999999999999,,,,,,,,,,,,,,,,,,,,,,,finite_shot_qaoa_maxcut_cvar,5000,100,5,"[0.1, 0.2, 0.35, 0.5, 0.65, 0.8, 1.0]",Polyak momentum gradient descent,True,True,True,20260726,10,0.18,0.35,6.0,0.7,2.5,lightning.qubit,,,,,,,,
shots=5000|steps=100|sim=lightning.qubit|seed_pairing=common_v2|alpha_start=1|fixed|erdos_renyi|4|0.5|0,restart,fixed,0.5,0.5,0.5,0.5,constant,erdos_renyi,8.0,2.0,4.0,0.0,20260726.0,770300.0,"[2.226844302927403, 2.7300075029351913, 1.8397074133679914, 2.174662247612199]","[2.099577292788911, 2.576493261941614, 1.970627871349296, 2.595510305087301]",1.0728,0.76496,0.7658540000000001,0.7726200000000001,1.0,0.1284,,,,,,,,,,,,,,,,,,,,,,,finite_shot_qaoa_maxcut_cvar,5000,100,5,"[0.1, 0.2, 0.35, 0.5, 0.65, 0.8, 1.0]",Polyak momentum gradient descent,True,True,True,20260726,10,0.18,0.35,6.0,0.7,2.5,lightning.qubit,,,,,,,,
shots=5000|steps=100|sim=lightning.qubit|seed_pairing=common_v2|alpha_start=1|fixed|erdos_renyi|4|0.5|1,restart,fixed,0.5,0.5,0.5,0.5,constant,erdos_renyi,8.0,2.0,4.0,1.0,20260727.0,770301.0,"[0.4756712476396966, 3.0965837239683074, 2.646028416497059, 1.5012931115137529]","[0.3891476108410967, 3.007502507593563, 2.083231060700194, 2.2944106177752785]",0.1488,0.8840600000000001,0.882714,0.8864799999999999,1.0,0.4256,,,,,,,,,,,,,,,,,,,,,,,finite_shot_qaoa_maxcut_cvar,5000,100,5,"[0.1, 0.2, 0.35, 0.5, 0.65, 0.8, 1.0]",Polyak momentum gradient descent,True,True,True,20260726,10,0.18,0.35,6.0,0.7,2.5,lightning.qubit,,,,,,,,
shots=5000|steps=100|sim=lightning.qubit|seed_pairing=common_v2|alpha_start=1|fixed|erdos_renyi|4|0.5|2,restart,fixed,0.5,0.5,0.5,0.5,constant,erdos_renyi,8.0,2.0,4.0,2.0,20260728.0,770302.0,"[1.9093349559311228, 0.014936831693126611, 0.4604455897891393, 2.9643566316254946]","[2.7628700159330135, 0.12862087717823845, 1.023881501474678, 2.456656616245211]",0.168,0.8805,0.879528,0.8847400000000001,1.0,0.416,,,,,,,,,,,,,,,,,,,,,,,finite_shot_qaoa_maxcut_cvar,5000,100,5,"[0.1, 0.2, 0.35, 0.5, 0.65, 0.8, 1.0]",Polyak momentum gradient descent,True,True,True,20260726,10,0.18,0.35,6.0,0.7,2.5,lightning.qubit,,,,,,,,
shots=5000|steps=100|sim=lightning.qubit|seed_pairing=common_v2|alpha_start=1|fixed|erdos_renyi|4|0.5|3,restart,fixed,0.5,0.5,0.5,0.5,constant,erdos_renyi,8.0,2.0,4.0,3.0,20260729.0,770303.0,"[0.09601236448568767, 0.01368452041539864, 2.124727888032644, 0.7164215210760676]","[0.38899834445909676, 6.146064489491395, 2.0751397583327384, 0.7386857532280959]",0.1564000000000001,0.8851800000000001,0.8808620000000001,0.8987,1.0,0.4218,,,,,,,,,,,,,,,,,,,,,,,finite_shot_qaoa_maxcut_cvar,5000,100,5,"[0.1, 0.2, 0.35, 0.5, 0.65, 0.8, 1.0]",Polyak momentum gradient descent,True,True,True,20260726,10,0.18,0.35,6.0,0.7,2.5,lightning.qubit,,,,,,,,
shots=5000|steps=100|sim=lightning.qubit|seed_pairing=common_v2|alpha_start=1|fixed|erdos_renyi|4|0.5|4,restart,fixed,0.5,0.5,0.5,0.5,constant,erdos_renyi,8.0,2.0,4.0,4.0,20260730.0,770304.0,"[3.0741951881358056, 2.9261393128026922, 2.13612737908406, 0.2423724789360562]","[2.911135165691194, 2.620388239946232, 1.9905875288041714, 0.2494819409105841]",0.0,0.91434,0.9095859999999998,0.91434,1.0,0.5364,,,,,,,,,,,,,,,,,,,,,,,finite_shot_qaoa_maxcut_cvar,5000,100,5,"[0.1, 0.2, 0.35, 0.5, 0.65, 0.8, 1.0]",Polyak momentum gradient descent,True,True,True,20260726,10,0.18,0.35,6.0,0.7,2.5,lightning.qubit,,,,,,,,
shots=5000|steps=100|sim=lightning.qubit|seed_pairing=common_v2|alpha_start=1|fixed|erdos_renyi|4|0.65|0,restart,fixed,0.65,0.35,0.65,0.65,constant,erdos_renyi,8.0,2.0,4.0,0.0,20260726.0,770400.0,"[2.226844302927403, 2.7300075029351913, 1.8397074133679914, 2.174662247612199]","[2.090437483545174, 2.668343035193163, 1.9034393993777363, 2.5475191673050843]",1.322769230769232,0.7714000000000001,0.769072,0.7765599999999999,1.0,0.1137999999999999,,,,,,,,,,,,,,,,,,,,,,,finite_shot_qaoa_maxcut_cvar,5000,100,5,"[0.1, 0.2, 0.35, 0.5, 0.65, 0.8, 1.0]",Polyak momentum gradient descent,True,True,True,20260726,10,0.18,0.35,6.0,0.7,2.5,lightning.qubit,,,,,,,,
shots=5000|steps=100|sim=lightning.qubit|seed_pairing=common_v2|alpha_start=1|fixed|erdos_renyi|4|0.65|1,restart,fixed,0.65,0.35,0.65,0.65,constant,erdos_renyi,8.0,2.0,4.0,1.0,20260727.0,770401.0,"[0.4756712476396966, 3.0965837239683074, 2.646028416497059, 1.5012931115137529]","[0.370945308602459, 3.014882484339885, 2.141546228169013, 2.234350102516869]",0.3729230769230764,0.87966,0.881456,0.8873,1.0,0.4076000000000001,,,,,,,,,,,,,,,,,,,,,,,finite_shot_qaoa_maxcut_cvar,5000,100,5,"[0.1, 0.2, 0.35, 0.5, 0.65, 0.8, 1.0]",Polyak momentum gradient descent,True,True,True,20260726,10,0.18,0.35,6.0,0.7,2.5,lightning.qubit,,,,,,,,
shots=5000|steps=100|sim=lightning.qubit|seed_pairing=common_v2|alpha_start=1|fixed|erdos_renyi|4|0.65|2,restart,fixed,0.65,0.35,0.65,0.65,constant,erdos_renyi,8.0,2.0,4.0,2.0,20260728.0,770402.0,"[1.9093349559311228, 0.014936831693126611, 0.4604455897891393, 2.9643566316254946]","[2.7913503877784254, 0.12042184169526478, 0.9309024121455828, 2.549686780714906]",0.3673846153846152,0.8824400000000001,0.8796200000000001,0.8871800000000001,1.0,0.4112,,,,,,,,,,,,,,,,,,,,,,,finite_shot_qaoa_maxcut_cvar,5000,100,5,"[0.1, 0.2, 0.35, 0.5, 0.65, 0.8, 1.0]",Polyak momentum gradient descent,True,True,True,20260726,10,0.18,0.35,6.0,0.7,2.5,lightning.qubit,,,,,,,,
shots=5000|steps=100|sim=lightning.qubit|seed_pairing=common_v2|alpha_start=1|fixed|erdos_renyi|4|0.65|3,restart,fixed,0.65,0.35,0.65,0.65,constant,erdos_renyi,8.0,2.0,4.0,3.0,20260729.0,770403.0,"[0.09601236448568767, 0.01368452041539864, 2.124727888032644, 0.7164215210760676]","[0.3968366642023263, 6.1414279171387465, 2.074240928341909, 0.739866221964666]",0.3452307692307696,0.88142,0.8846999999999999,0.89916,1.0,0.4256,,,,,,,,,,,,,,,,,,,,,,,finite_shot_qaoa_maxcut_cvar,5000,100,5,"[0.1, 0.2, 0.35, 0.5, 0.65, 0.8, 1.0]",Polyak momentum gradient descent,True,True,True,20260726,10,0.18,0.35,6.0,0.7,2.5,lightning.qubit,,,,,,,,
shots=5000|steps=100|sim=lightning.qubit|seed_pairing=common_v2|alpha_start=1|fixed|erdos_renyi|4|0.65|4,restart,fixed,0.65,0.35,0.65,0.65,constant,erdos_renyi,8.0,2.0,4.0,4.0,20260730.0,770404.0,"[3.0741951881358056, 2.9261393128026922, 2.13612737908406, 0.2423724789360562]","[2.872122030442947, 2.595562961574872, 1.9803806990736172, 0.2689038840012202]",0.2012307692307692,0.8938600000000001,0.897934,0.90342,1.0,0.5192,,,,,,,,,,,,,,,,,,,,,,,finite_shot_qaoa_maxcut_cvar,5000,100,5,"[0.1, 0.2, 0.35, 0.5, 0.65, 0.8, 1.0]",Polyak momentum gradient descent,True,True,True,20260726,10,0.18,0.35,6.0,0.7,2.5,lightning.qubit,,,,,,,,
shots=5000|steps=100|sim=lightning.qubit|seed_pairing=common_v2|alpha_start=1|fixed|erdos_renyi|4|0.8|0,restart,fixed,0.8,0.1999999999999999,0.8,0.8,constant,erdos_renyi,8.0,2.0,4.0,0.0,20260726.0,770500.0,"[2.226844302927403, 2.7300075029351913, 1.8397074133679914, 2.174662247612199]","[2.0676538947305425, 2.686427572293252, 1.9143822810563613, 2.4963493408597226]",1.6652500000000008,0.7657999999999999,0.769728,0.7764,1.0,0.1038,,,,,,,,,,,,,,,,,,,,,,,finite_shot_qaoa_maxcut_cvar,5000,100,5,"[0.1, 0.2, 0.35, 0.5, 0.65, 0.8, 1.0]",Polyak momentum gradient descent,True,True,True,20260726,10,0.18,0.35,6.0,0.7,2.5,lightning.qubit,,,,,,,,
shots=5000|steps=100|sim=lightning.qubit|seed_pairing=common_v2|alpha_start=1|fixed|erdos_renyi|4|0.8|1,restart,fixed,0.8,0.1999999999999999,0.8,0.8,constant,erdos_renyi,8.0,2.0,4.0,1.0,20260727.0,770501.0,"[0.4756712476396966, 3.0965837239683074, 2.646028416497059, 1.5012931115137529]","[0.379827107911415, 3.0097744350877913, 2.061978815775584, 2.3226956841084427]",0.4825,0.8865000000000001,0.8904400000000001,0.8995799999999999,1.0,0.414,,,,,,,,,,,,,,,,,,,,,,,finite_shot_qaoa_maxcut_cvar,5000,100,5,"[0.1, 0.2, 0.35, 0.5, 0.65, 0.8, 1.0]",Polyak momentum gradient descent,True,True,True,20260726,10,0.18,0.35,6.0,0.7,2.5,lightning.qubit,,,,,,,,
shots=5000|steps=100|sim=lightning.qubit|seed_pairing=common_v2|alpha_start=1|fixed|erdos_renyi|4|0.8|2,restart,fixed,0.8,0.1999999999999999,0.8,0.8,constant,erdos_renyi,8.0,2.0,4.0,2.0,20260728.0,770502.0,"[1.9093349559311228, 0.014936831693126611, 0.4604455897891393, 2.9643566316254946]","[2.7610789647947622, 0.1349798594348685, 1.0535515490029828, 2.4188528880621845]",0.4992499999999995,0.8844200000000001,0.888158,0.8977800000000002,1.0,0.4048,,,,,,,,,,,,,,,,,,,,,,,finite_shot_qaoa_maxcut_cvar,5000,100,5,"[0.1, 0.2, 0.35, 0.5, 0.65, 0.8, 1.0]",Polyak momentum gradient descent,True,True,True,20260726,10,0.18,0.35,6.0,0.7,2.5,lightning.qubit,,,,,,,,
shots=5000|steps=100|sim=lightning.qubit|seed_pairing=common_v2|alpha_start=1|fixed|erdos_renyi|4|0.8|3,restart,fixed,0.8,0.1999999999999999,0.8,0.8,constant,erdos_renyi,8.0,2.0,4.0,3.0,20260729.0,770503.0,"[0.09601236448568767, 0.01368452041539864, 2.124727888032644, 0.7164215210760676]","[0.3869054623398055, 6.1512758514723584, 2.051535222612252, 0.7613515594842584]",0.4862499999999999,0.8894,0.889288,0.9018999999999998,1.0,0.411,,,,,,,,,,,,,,,,,,,,,,,finite_shot_qaoa_maxcut_cvar,5000,100,5,"[0.1, 0.2, 0.35, 0.5, 0.65, 0.8, 1.0]",Polyak momentum gradient descent,True,True,True,20260726,10,0.18,0.35,6.0,0.7,2.5,lightning.qubit,,,,,,,,
shots=5000|steps=100|sim=lightning.qubit|seed_pairing=common_v2|alpha_start=1|fixed|erdos_renyi|4|0.8|4,restart,fixed,0.8,0.1999999999999999,0.8,0.8,constant,erdos_renyi,8.0,2.0,4.0,4.0,20260730.0,770504.0,"[3.0741951881358056, 2.9261393128026922, 2.13612737908406, 0.2423724789360562]","[2.8739793337896464, 2.609264043373909, 1.9799708809794574, 0.2730323554673155]",0.3825,0.8927400000000002,0.899716,0.9103,1.0,0.5028,,,,,,,,,,,,,,,,,,,,,,,finite_shot_qaoa_maxcut_cvar,5000,100,5,"[0.1, 0.2, 0.35, 0.5, 0.65, 0.8, 1.0]",Polyak momentum gradient descent,True,True,True,20260726,10,0.18,0.35,6.0,0.7,2.5,lightning.qubit,,,,,,,,
shots=5000|steps=100|sim=lightning.qubit|seed_pairing=common_v2|alpha_start=1|fixed|erdos_renyi|4|1|0,restart,fixed,1.0,0.0,1.0,1.0,constant,erdos_renyi,8.0,2.0,4.0,0.0,20260726.0,770600.0,"[2.226844302927403, 2.7300075029351913, 1.8397074133679914, 2.174662247612199]","[1.8918946843460673, 2.897747663642925, 1.9161759259752207, 2.3786177100318238]",2.231999999999998,0.7768,0.77767,0.78144,1.0,0.0684,,,,,,,,,,,,,,,,,,,,,,,finite_shot_qaoa_maxcut_cvar,5000,100,5,"[0.1, 0.2, 0.35, 0.5, 0.65, 0.8, 1.0]",Polyak momentum gradient descent,True,True,True,20260726,10,0.18,0.35,6.0,0.7,2.5,lightning.qubit,,,,,,,,
shots=5000|steps=100|sim=lightning.qubit|seed_pairing=common_v2|alpha_start=1|fixed|erdos_renyi|4|1|1,restart,fixed,1.0,0.0,1.0,1.0,constant,erdos_renyi,8.0,2.0,4.0,1.0,20260727.0,770601.0,"[0.4756712476396966, 3.0965837239683074, 2.646028416497059, 1.5012931115137529]","[0.31796994927785227, 3.054121171618422, 2.026920527924537, 2.343912239282281]",0.9289999999999994,0.9071,0.906956,0.90922,1.0,0.3688,,,,,,,,,,,,,,,,,,,,,,,finite_shot_qaoa_maxcut_cvar,5000,100,5,"[0.1, 0.2, 0.35, 0.5, 0.65, 0.8, 1.0]",Polyak momentum gradient descent,True,True,True,20260726,10,0.18,0.35,6.0,0.7,2.5,lightning.qubit,,,,,,,,
shots=5000|steps=100|sim=lightning.qubit|seed_pairing=common_v2|alpha_start=1|fixed|erdos_renyi|4|1|2,restart,fixed,1.0,0.0,1.0,1.0,constant,erdos_renyi,8.0,2.0,4.0,2.0,20260728.0,770602.0,"[1.9093349559311228, 0.014936831693126611, 0.4604455897891393, 2.9643566316254946]","[2.1390186051905116, 0.03171805393254296, 0.5464936595982576, 2.971946728035218]",2.6710000000000003,0.7329,0.73689,0.7414,1.0,0.1004,,,,,,,,,,,,,,,,,,,,,,,finite_shot_qaoa_maxcut_cvar,5000,100,5,"[0.1, 0.2, 0.35, 0.5, 0.65, 0.8, 1.0]",Polyak momentum gradient descent,True,True,True,20260726,10,0.18,0.35,6.0,0.7,2.5,lightning.qubit,,,,,,,,
shots=5000|steps=100|sim=lightning.qubit|seed_pairing=common_v2|alpha_start=1|fixed|erdos_renyi|4|1|3,restart,fixed,1.0,0.0,1.0,1.0,constant,erdos_renyi,8.0,2.0,4.0,3.0,20260729.0,770603.0,"[0.09601236448568767, 0.01368452041539864, 2.124727888032644, 0.7164215210760676]","[0.3285452669457353, 6.192488698428967, 1.9922290231781539, 0.8096838761373707]",0.9422,0.90578,0.905642,0.90992,1.0,0.3567999999999999,,,,,,,,,,,,,,,,,,,,,,,finite_shot_qaoa_maxcut_cvar,5000,100,5,"[0.1, 0.2, 0.35, 0.5, 0.65, 0.8, 1.0]",Polyak momentum gradient descent,True,True,True,20260726,10,0.18,0.35,6.0,0.7,2.5,lightning.qubit,,,,,,,,
shots=5000|steps=100|sim=lightning.qubit|seed_pairing=common_v2|alpha_start=1|fixed|erdos_renyi|4|1|4,restart,fixed,1.0,0.0,1.0,1.0,constant,erdos_renyi,8.0,2.0,4.0,4.0,20260730.0,770604.0,"[3.0741951881358056, 2.9261393128026922, 2.13612737908406, 0.2423724789360562]","[2.9483310448805895, 2.6901401290875206, 1.9484159710539957, 0.20821092317413864]",0.8109999999999999,0.9189,0.920162,0.92398,1.0,0.449,,,,,,,,,,,,,,,,,,,,,,,finite_shot_qaoa_maxcut_cvar,5000,100,5,"[0.1, 0.2, 0.35, 0.5, 0.65, 0.8, 1.0]",Polyak momentum gradient descent,True,True,True,20260726,10,0.18,0.35,6.0,0.7,2.5,lightning.qubit,,,,,,,,
,graph_average,ascending,0.1,0.9,1.0,0.1,linear_descending_alpha,erdos_renyi,8.0,2.0,0.0,,,,,,0.2983999999999999,0.7656685714285715,0.7667874285714286,0.7735771428571429,,0.2042799999999999,5.0,,,,,,,,,,,,,,,,,,,,,,finite_shot_qaoa_maxcut_cvar,5000,100,5,"[0.1, 0.2, 0.35, 0.5, 0.65, 0.8, 1.0]",Polyak momentum gradient descent,True,True,True,20260726,10,0.18,0.35,6.0,0.7,2.5,lightning.qubit,,,,,,,,
,graph_average,ascending,0.2,0.8,1.0,0.2,linear_descending_alpha,erdos_renyi,8.0,2.0,0.0,,,,,,0.4301999999999999,0.7687428571428572,0.7685994285714286,0.7749542857142858,,0.21976,5.0,,,,,,,,,,,,,,,,,,,,,,finite_shot_qaoa_maxcut_cvar,5000,100,5,"[0.1, 0.2, 0.35, 0.5, 0.65, 0.8, 1.0]",Polyak momentum gradient descent,True,True,True,20260726,10,0.18,0.35,6.0,0.7,2.5,lightning.qubit,,,,,,,,
,graph_average,ascending,0.35,0.65,1.0,0.35,linear_descending_alpha,erdos_renyi,8.0,2.0,0.0,,,,,,0.5900571428571428,0.7707714285714287,0.7707811428571428,0.7795485714285715,,0.2412,5.0,,,,,,,,,,,,,,,,,,,,,,finite_shot_qaoa_maxcut_cvar,5000,100,5,"[0.1, 0.2, 0.35, 0.5, 0.65, 0.8, 1.0]",Polyak momentum gradient descent,True,True,True,20260726,10,0.18,0.35,6.0,0.7,2.5,lightning.qubit,,,,,,,,
,graph_average,ascending,0.5,0.5,1.0,0.5,linear_descending_alpha,erdos_renyi,8.0,2.0,0.0,,,,,,0.7904800000000002,0.7706685714285714,0.7687354285714286,0.7773714285714286,,0.25328,5.0,,,,,,,,,,,,,,,,,,,,,,finite_shot_qaoa_maxcut_cvar,5000,100,5,"[0.1, 0.2, 0.35, 0.5, 0.65, 0.8, 1.0]",Polyak momentum gradient descent,True,True,True,20260726,10,0.18,0.35,6.0,0.7,2.5,lightning.qubit,,,,,,,,
,graph_average,ascending,0.65,0.35,1.0,0.65,linear_descending_alpha,erdos_renyi,8.0,2.0,0.0,,,,,,1.029846153846154,0.7709714285714286,0.7705754285714286,0.7775542857142856,,0.25224,5.0,,,,,,,,,,,,,,,,,,,,,,finite_shot_qaoa_maxcut_cvar,5000,100,5,"[0.1, 0.2, 0.35, 0.5, 0.65, 0.8, 1.0]",Polyak momentum gradient descent,True,True,True,20260726,10,0.18,0.35,6.0,0.7,2.5,lightning.qubit,,,,,,,,
,graph_average,ascending,0.8,0.1999999999999999,1.0,0.8,linear_descending_alpha,erdos_renyi,8.0,2.0,0.0,,,,,,1.1889000000000003,0.77,0.77144,0.7790514285714286,,0.24648,5.0,,,,,,,,,,,,,,,,,,,,,,finite_shot_qaoa_maxcut_cvar,5000,100,5,"[0.1, 0.2, 0.35, 0.5, 0.65, 0.8, 1.0]",Polyak momentum gradient descent,True,True,True,20260726,10,0.18,0.35,6.0,0.7,2.5,lightning.qubit,,,,,,,,
,graph_average,ascending,1.0,0.0,1.0,1.0,linear_descending_alpha,erdos_renyi,8.0,2.0,0.0,,,,,,1.56296,0.7767200000000001,0.7762428571428572,0.78088,,0.24488,5.0,,,,,,,,,,,,,,,,,,,,,,finite_shot_qaoa_maxcut_cvar,5000,100,5,"[0.1, 0.2, 0.35, 0.5, 0.65, 0.8, 1.0]",Polyak momentum gradient descent,True,True,True,20260726,10,0.18,0.35,6.0,0.7,2.5,lightning.qubit,,,,,,,,
,graph_average,ascending,0.1,0.9,1.0,0.1,linear_descending_alpha,erdos_renyi,8.0,2.0,1.0,,,,,,0.3399999999999999,0.7781640000000001,0.7716803999999999,0.785408,,0.07576,5.0,,,,,,,,,,,,,,,,,,,,,,finite_shot_qaoa_maxcut_cvar,5000,100,5,"[0.1, 0.2, 0.35, 0.5, 0.65, 0.8, 1.0]",Polyak momentum gradient descent,True,True,True,20260726,10,0.18,0.35,6.0,0.7,2.5,lightning.qubit,,,,,,,,
,graph_average,ascending,0.2,0.8,1.0,0.2,linear_descending_alpha,erdos_renyi,8.0,2.0,1.0,,,,,,0.6527999999999998,0.77176,0.7687192,0.784692,,0.08196,5.0,,,,,,,,,,,,,,,,,,,,,,finite_shot_qaoa_maxcut_cvar,5000,100,5,"[0.1, 0.2, 0.35, 0.5, 0.65, 0.8, 1.0]",Polyak momentum gradient descent,True,True,True,20260726,10,0.18,0.35,6.0,0.7,2.5,lightning.qubit,,,,,,,,
,graph_average,ascending,0.35,0.65,1.0,0.35,linear_descending_alpha,erdos_renyi,8.0,2.0,1.0,,,,,,0.9894857142857144,0.7704880000000001,0.7680168,0.78498,,0.0833599999999999,5.0,,,,,,,,,,,,,,,,,,,,,,finite_shot_qaoa_maxcut_cvar,5000,100,5,"[0.1, 0.2, 0.35, 0.5, 0.65, 0.8, 1.0]",Polyak momentum gradient descent,True,True,True,20260726,10,0.18,0.35,6.0,0.7,2.5,lightning.qubit,,,,,,,,
,graph_average,ascending,0.5,0.5,1.0,0.5,linear_descending_alpha,erdos_renyi,8.0,2.0,1.0,,,,,,1.2065599999999992,0.770032,0.7713992000000001,0.785816,,0.08104,5.0,,,,,,,,,,,,,,,,,,,,,,finite_shot_qaoa_maxcut_cvar,5000,100,5,"[0.1, 0.2, 0.35, 0.5, 0.65, 0.8, 1.0]",Polyak momentum gradient descent,True,True,True,20260726,10,0.18,0.35,6.0,0.7,2.5,lightning.qubit,,,,,,,,
,graph_average,ascending,0.65,0.35,1.0,0.65,linear_descending_alpha,erdos_renyi,8.0,2.0,1.0,,,,,,1.3979076923076923,0.772592,0.7753972,0.7889280000000001,,0.0837199999999999,5.0,,,,,,,,,,,,,,,,,,,,,,finite_shot_qaoa_maxcut_cvar,5000,100,5,"[0.1, 0.2, 0.35, 0.5, 0.65, 0.8, 1.0]",Polyak momentum gradient descent,True,True,True,20260726,10,0.18,0.35,6.0,0.7,2.5,lightning.qubit,,,,,,,,
,graph_average,ascending,0.8,0.1999999999999999,1.0,0.8,linear_descending_alpha,erdos_renyi,8.0,2.0,1.0,,,,,,1.6382,0.7839919999999999,0.7823716000000001,0.789056,,0.07808,5.0,,,,,,,,,,,,,,,,,,,,,,finite_shot_qaoa_maxcut_cvar,5000,100,5,"[0.1, 0.2, 0.35, 0.5, 0.65, 0.8, 1.0]",Polyak momentum gradient descent,True,True,True,20260726,10,0.18,0.35,6.0,0.7,2.5,lightning.qubit,,,,,,,,
,graph_average,ascending,1.0,0.0,1.0,1.0,linear_descending_alpha,erdos_renyi,8.0,2.0,1.0,,,,,,1.7056800000000003,0.8294320000000001,0.8276052,0.8324719999999999,,0.0852,5.0,,,,,,,,,,,,,,,,,,,,,,finite_shot_qaoa_maxcut_cvar,5000,100,5,"[0.1, 0.2, 0.35, 0.5, 0.65, 0.8, 1.0]",Polyak momentum gradient descent,True,True,True,20260726,10,0.18,0.35,6.0,0.7,2.5,lightning.qubit,,,,,,,,
,graph_average,ascending,0.1,0.9,1.0,0.1,linear_descending_alpha,erdos_renyi,8.0,2.0,2.0,,,,,,0.1971999999999999,0.716088,0.7176764,0.747772,,0.17148,5.0,,,,,,,,,,,,,,,,,,,,,,finite_shot_qaoa_maxcut_cvar,5000,100,5,"[0.1, 0.2, 0.35, 0.5, 0.65, 0.8, 1.0]",Polyak momentum gradient descent,True,True,True,20260726,10,0.18,0.35,6.0,0.7,2.5,lightning.qubit,,,,,,,,
,graph_average,ascending,0.2,0.8,1.0,0.2,linear_descending_alpha,erdos_renyi,8.0,2.0,2.0,,,,,,0.4086,0.7244240000000001,0.7304516,0.7487440000000001,,0.19948,5.0,,,,,,,,,,,,,,,,,,,,,,finite_shot_qaoa_maxcut_cvar,5000,100,5,"[0.1, 0.2, 0.35, 0.5, 0.65, 0.8, 1.0]",Polyak momentum gradient descent,True,True,True,20260726,10,0.18,0.35,6.0,0.7,2.5,lightning.qubit,,,,,,,,
,graph_average,ascending,0.35,0.65,1.0,0.35,linear_descending_alpha,erdos_renyi,8.0,2.0,2.0,,,,,,0.6269714285714285,0.735684,0.7363836000000001,0.748884,,0.27292,5.0,,,,,,,,,,,,,,,,,,,,,,finite_shot_qaoa_maxcut_cvar,5000,100,5,"[0.1, 0.2, 0.35, 0.5, 0.65, 0.8, 1.0]",Polyak momentum gradient descent,True,True,True,20260726,10,0.18,0.35,6.0,0.7,2.5,lightning.qubit,,,,,,,,
,graph_average,ascending,0.5,0.5,1.0,0.5,linear_descending_alpha,erdos_renyi,8.0,2.0,2.0,,,,,,0.9816799999999996,0.7394840000000001,0.7398180000000001,0.748696,,0.28584,5.0,,,,,,,,,,,,,,,,,,,,,,finite_shot_qaoa_maxcut_cvar,5000,100,5,"[0.1, 0.2, 0.35, 0.5, 0.65, 0.8, 1.0]",Polyak momentum gradient descent,True,True,True,20260726,10,0.18,0.35,6.0,0.7,2.5,lightning.qubit,,,,,,,,
,graph_average,ascending,0.65,0.35,1.0,0.65,linear_descending_alpha,erdos_renyi,8.0,2.0,2.0,,,,,,1.4534153846153854,0.741344,0.7412799999999999,0.750244,,0.28324,5.0,,,,,,,,,,,,,,,,,,,,,,finite_shot_qaoa_maxcut_cvar,5000,100,5,"[0.1, 0.2, 0.35, 0.5, 0.65, 0.8, 1.0]",Polyak momentum gradient descent,True,True,True,20260726,10,0.18,0.35,6.0,0.7,2.5,lightning.qubit,,,,,,,,
,graph_average,ascending,0.8,0.1999999999999999,1.0,0.8,linear_descending_alpha,erdos_renyi,8.0,2.0,2.0,,,,,,1.88385,0.74722,0.7467732,0.752768,,0.2698,5.0,,,,,,,,,,,,,,,,,,,,,,finite_shot_qaoa_maxcut_cvar,5000,100,5,"[0.1, 0.2, 0.35, 0.5, 0.65, 0.8, 1.0]",Polyak momentum gradient descent,True,True,True,20260726,10,0.18,0.35,6.0,0.7,2.5,lightning.qubit,,,,,,,,
,graph_average,ascending,1.0,0.0,1.0,1.0,linear_descending_alpha,erdos_renyi,8.0,2.0,2.0,,,,,,2.53332,0.746668,0.745216,0.7514160000000001,,0.27172,5.0,,,,,,,,,,,,,,,,,,,,,,finite_shot_qaoa_maxcut_cvar,5000,100,5,"[0.1, 0.2, 0.35, 0.5, 0.65, 0.8, 1.0]",Polyak momentum gradient descent,True,True,True,20260726,10,0.18,0.35,6.0,0.7,2.5,lightning.qubit,,,,,,,,
,graph_average,ascending,0.1,0.9,1.0,0.1,linear_descending_alpha,erdos_renyi,8.0,2.0,3.0,,,,,,0.2915999999999999,0.7717333333333333,0.7745786666666666,0.7869955555555556,,0.15244,5.0,,,,,,,,,,,,,,,,,,,,,,finite_shot_qaoa_maxcut_cvar,5000,100,5,"[0.1, 0.2, 0.35, 0.5, 0.65, 0.8, 1.0]",Polyak momentum gradient descent,True,True,True,20260726,10,0.18,0.35,6.0,0.7,2.5,lightning.qubit,,,,,,,,
,graph_average,ascending,0.2,0.8,1.0,0.2,linear_descending_alpha,erdos_renyi,8.0,2.0,3.0,,,,,,0.3344,0.7750577777777778,0.7443626666666667,0.7819111111111111,,0.18784,5.0,,,,,,,,,,,,,,,,,,,,,,finite_shot_qaoa_maxcut_cvar,5000,100,5,"[0.1, 0.2, 0.35, 0.5, 0.65, 0.8, 1.0]",Polyak momentum gradient descent,True,True,True,20260726,10,0.18,0.35,6.0,0.7,2.5,lightning.qubit,,,,,,,,
,graph_average,ascending,0.35,0.65,1.0,0.35,linear_descending_alpha,erdos_renyi,8.0,2.0,3.0,,,,,,0.9750857142857144,0.7349155555555555,0.7351164444444445,0.7454666666666666,,0.14672,5.0,,,,,,,,,,,,,,,,,,,,,,finite_shot_qaoa_maxcut_cvar,5000,100,5,"[0.1, 0.2, 0.35, 0.5, 0.65, 0.8, 1.0]",Polyak momentum gradient descent,True,True,True,20260726,10,0.18,0.35,6.0,0.7,2.5,lightning.qubit,,,,,,,,
,graph_average,ascending,0.5,0.5,1.0,0.5,linear_descending_alpha,erdos_renyi,8.0,2.0,3.0,,,,,,1.2348000000000003,0.7352088888888889,0.7349755555555555,0.7470488888888889,,0.1482,5.0,,,,,,,,,,,,,,,,,,,,,,finite_shot_qaoa_maxcut_cvar,5000,100,5,"[0.1, 0.2, 0.35, 0.5, 0.65, 0.8, 1.0]",Polyak momentum gradient descent,True,True,True,20260726,10,0.18,0.35,6.0,0.7,2.5,lightning.qubit,,,,,,,,
,graph_average,ascending,0.65,0.35,1.0,0.65,linear_descending_alpha,erdos_renyi,8.0,2.0,3.0,,,,,,1.4551999999999998,0.7375866666666667,0.7375204444444444,0.7476222222222223,,0.1456799999999999,5.0,,,,,,,,,,,,,,,,,,,,,,finite_shot_qaoa_maxcut_cvar,5000,100,5,"[0.1, 0.2, 0.35, 0.5, 0.65, 0.8, 1.0]",Polyak momentum gradient descent,True,True,True,20260726,10,0.18,0.35,6.0,0.7,2.5,lightning.qubit,,,,,,,,
,graph_average,ascending,0.8,0.1999999999999999,1.0,0.8,linear_descending_alpha,erdos_renyi,8.0,2.0,3.0,,,,,,1.7183500000000014,0.7413822222222223,0.7406097777777778,0.7481822222222222,,0.14552,5.0,,,,,,,,,,,,,,,,,,,,,,finite_shot_qaoa_maxcut_cvar,5000,100,5,"[0.1, 0.2, 0.35, 0.5, 0.65, 0.8, 1.0]",Polyak momentum gradient descent,True,True,True,20260726,10,0.18,0.35,6.0,0.7,2.5,lightning.qubit,,,,,,,,
,graph_average,ascending,1.0,0.0,1.0,1.0,linear_descending_alpha,erdos_renyi,8.0,2.0,3.0,,,,,,2.3006,0.7443777777777778,0.7450626666666668,0.7509911111111112,,0.1366,5.0,,,,,,,,,,,,,,,,,,,,,,finite_shot_qaoa_maxcut_cvar,5000,100,5,"[0.1, 0.2, 0.35, 0.5, 0.65, 0.8, 1.0]",Polyak momentum gradient descent,True,True,True,20260726,10,0.18,0.35,6.0,0.7,2.5,lightning.qubit,,,,,,,,
,graph_average,ascending,0.1,0.9,1.0,0.1,linear_descending_alpha,erdos_renyi,8.0,2.0,4.0,,,,,,0.0,0.8633599999999999,0.8702036,0.8819440000000001,,0.24988,5.0,,,,,,,,,,,,,,,,,,,,,,finite_shot_qaoa_maxcut_cvar,5000,100,5,"[0.1, 0.2, 0.35, 0.5, 0.65, 0.8, 1.0]",Polyak momentum gradient descent,True,True,True,20260726,10,0.18,0.35,6.0,0.7,2.5,lightning.qubit,,,,,,,,
,graph_average,ascending,0.2,0.8,1.0,0.2,linear_descending_alpha,erdos_renyi,8.0,2.0,4.0,,,,,,0.0579999999999999,0.87382,0.8716428,0.8807120000000002,,0.29904,5.0,,,,,,,,,,,,,,,,,,,,,,finite_shot_qaoa_maxcut_cvar,5000,100,5,"[0.1, 0.2, 0.35, 0.5, 0.65, 0.8, 1.0]",Polyak momentum gradient descent,True,True,True,20260726,10,0.18,0.35,6.0,0.7,2.5,lightning.qubit,,,,,,,,
,graph_average,ascending,0.35,0.65,1.0,0.35,linear_descending_alpha,erdos_renyi,8.0,2.0,4.0,,,,,,0.1410285714285714,0.86984,0.8655415999999999,0.8782679999999999,,0.35552,5.0,,,,,,,,,,,,,,,,,,,,,,finite_shot_qaoa_maxcut_cvar,5000,100,5,"[0.1, 0.2, 0.35, 0.5, 0.65, 0.8, 1.0]",Polyak momentum gradient descent,True,True,True,20260726,10,0.18,0.35,6.0,0.7,2.5,lightning.qubit,,,,,,,,
,graph_average,ascending,0.5,0.5,1.0,0.5,linear_descending_alpha,erdos_renyi,8.0,2.0,4.0,,,,,,0.31848,0.8622920000000001,0.8605268,0.8760920000000001,,0.37892,5.0,,,,,,,,,,,,,,,,,,,,,,finite_shot_qaoa_maxcut_cvar,5000,100,5,"[0.1, 0.2, 0.35, 0.5, 0.65, 0.8, 1.0]",Polyak momentum gradient descent,True,True,True,20260726,10,0.18,0.35,6.0,0.7,2.5,lightning.qubit,,,,,,,,
,graph_average,ascending,0.65,0.35,1.0,0.65,linear_descending_alpha,erdos_renyi,8.0,2.0,4.0,,,,,,0.7413538461538457,0.8310400000000001,0.8317332000000001,0.8488679999999998,,0.3226,5.0,,,,,,,,,,,,,,,,,,,,,,finite_shot_qaoa_maxcut_cvar,5000,100,5,"[0.1, 0.2, 0.35, 0.5, 0.65, 0.8, 1.0]",Polyak momentum gradient descent,True,True,True,20260726,10,0.18,0.35,6.0,0.7,2.5,lightning.qubit,,,,,,,,
,graph_average,ascending,0.8,0.1999999999999999,1.0,0.8,linear_descending_alpha,erdos_renyi,8.0,2.0,4.0,,,,,,0.9985499999999992,0.834388,0.8374264,0.850852,,0.30788,5.0,,,,,,,,,,,,,,,,,,,,,,finite_shot_qaoa_maxcut_cvar,5000,100,5,"[0.1, 0.2, 0.35, 0.5, 0.65, 0.8, 1.0]",Polyak momentum gradient descent,True,True,True,20260726,10,0.18,0.35,6.0,0.7,2.5,lightning.qubit,,,,,,,,
,graph_average,ascending,1.0,0.0,1.0,1.0,linear_descending_alpha,erdos_renyi,8.0,2.0,4.0,,,,,,1.5170399999999995,0.848296,0.849464,0.853192,,0.26868,5.0,,,,,,,,,,,,,,,,,,,,,,finite_shot_qaoa_maxcut_cvar,5000,100,5,"[0.1, 0.2, 0.35, 0.5, 0.65, 0.8, 1.0]",Polyak momentum gradient descent,True,True,True,20260726,10,0.18,0.35,6.0,0.7,2.5,lightning.qubit,,,,,,,,
,graph_average,fixed,0.1,0.9,0.1,0.1,constant,erdos_renyi,8.0,2.0,0.0,,,,,,0.0,0.8214628571428572,0.8219000000000001,0.8290628571428572,,0.23884,5.0,,,,,,,,,,,,,,,,,,,,,,finite_shot_qaoa_maxcut_cvar,5000,100,5,"[0.1, 0.2, 0.35, 0.5, 0.65, 0.8, 1.0]",Polyak momentum gradient descent,True,True,True,20260726,10,0.18,0.35,6.0,0.7,2.5,lightning.qubit,,,,,,,,
,graph_average,fixed,0.2,0.8,0.2,0.2,constant,erdos_renyi,8.0,2.0,0.0,,,,,,0.2176,0.7952628571428572,0.7947468571428571,0.8044057142857144,,0.2307199999999999,5.0,,,,,,,,,,,,,,,,,,,,,,finite_shot_qaoa_maxcut_cvar,5000,100,5,"[0.1, 0.2, 0.35, 0.5, 0.65, 0.8, 1.0]",Polyak momentum gradient descent,True,True,True,20260726,10,0.18,0.35,6.0,0.7,2.5,lightning.qubit,,,,,,,,
,graph_average,fixed,0.35,0.65,0.35,0.35,constant,erdos_renyi,8.0,2.0,0.0,,,,,,0.5011428571428569,0.7771085714285715,0.7773125714285715,0.7829314285714286,,0.2332,5.0,,,,,,,,,,,,,,,,,,,,,,finite_shot_qaoa_maxcut_cvar,5000,100,5,"[0.1, 0.2, 0.35, 0.5, 0.65, 0.8, 1.0]",Polyak momentum gradient descent,True,True,True,20260726,10,0.18,0.35,6.0,0.7,2.5,lightning.qubit,,,,,,,,
,graph_average,fixed,0.5,0.5,0.5,0.5,constant,erdos_renyi,8.0,2.0,0.0,,,,,,0.80168,0.7692971428571429,0.7674679999999999,0.773817142857143,,0.2505199999999999,5.0,,,,,,,,,,,,,,,,,,,,,,finite_shot_qaoa_maxcut_cvar,5000,100,5,"[0.1, 0.2, 0.35, 0.5, 0.65, 0.8, 1.0]",Polyak momentum gradient descent,True,True,True,20260726,10,0.18,0.35,6.0,0.7,2.5,lightning.qubit,,,,,,,,
,graph_average,fixed,0.65,0.35,0.65,0.65,constant,erdos_renyi,8.0,2.0,0.0,,,,,,0.4438769230769228,0.8568914285714285,0.8487085714285716,0.8619542857142857,,0.36408,5.0,,,,,,,,,,,,,,,,,,,,,,finite_shot_qaoa_maxcut_cvar,5000,100,5,"[0.1, 0.2, 0.35, 0.5, 0.65, 0.8, 1.0]",Polyak momentum gradient descent,True,True,True,20260726,10,0.18,0.35,6.0,0.7,2.5,lightning.qubit,,,,,,,,
,graph_average,fixed,0.8,0.1999999999999999,0.8,0.8,constant,erdos_renyi,8.0,2.0,0.0,,,,,,1.1847999999999994,0.7704971428571429,0.7716582857142857,0.7774571428571428,,0.2493999999999999,5.0,,,,,,,,,,,,,,,,,,,,,,finite_shot_qaoa_maxcut_cvar,5000,100,5,"[0.1, 0.2, 0.35, 0.5, 0.65, 0.8, 1.0]",Polyak momentum gradient descent,True,True,True,20260726,10,0.18,0.35,6.0,0.7,2.5,lightning.qubit,,,,,,,,
,graph_average,fixed,1.0,0.0,1.0,1.0,constant,erdos_renyi,8.0,2.0,0.0,,,,,,1.56296,0.7767200000000001,0.7762428571428572,0.78088,,0.24488,5.0,,,,,,,,,,,,,,,,,,,,,,finite_shot_qaoa_maxcut_cvar,5000,100,5,"[0.1, 0.2, 0.35, 0.5, 0.65, 0.8, 1.0]",Polyak momentum gradient descent,True,True,True,20260726,10,0.18,0.35,6.0,0.7,2.5,lightning.qubit,,,,,,,,
,graph_average,fixed,0.1,0.9,0.1,0.1,constant,erdos_renyi,8.0,2.0,1.0,,,,,,0.346,0.778268,0.7784372000000002,0.783596,,0.06808,5.0,,,,,,,,,,,,,,,,,,,,,,finite_shot_qaoa_maxcut_cvar,5000,100,5,"[0.1, 0.2, 0.35, 0.5, 0.65, 0.8, 1.0]",Polyak momentum gradient descent,True,True,True,20260726,10,0.18,0.35,6.0,0.7,2.5,lightning.qubit,,,,,,,,
,graph_average,fixed,0.2,0.8,0.2,0.2,constant,erdos_renyi,8.0,2.0,1.0,,,,,,0.5171999999999999,0.8134520000000001,0.8079944000000001,0.8245319999999999,,0.10388,5.0,,,,,,,,,,,,,,,,,,,,,,finite_shot_qaoa_maxcut_cvar,5000,100,5,"[0.1, 0.2, 0.35, 0.5, 0.65, 0.8, 1.0]",Polyak momentum gradient descent,True,True,True,20260726,10,0.18,0.35,6.0,0.7,2.5,lightning.qubit,,,,,,,,
,graph_average,fixed,0.35,0.65,0.35,0.35,constant,erdos_renyi,8.0,2.0,1.0,,,,,,0.8229714285714289,0.807268,0.8060444,0.820576,,0.1049599999999999,5.0,,,,,,,,,,,,,,,,,,,,,,finite_shot_qaoa_maxcut_cvar,5000,100,5,"[0.1, 0.2, 0.35, 0.5, 0.65, 0.8, 1.0]",Polyak momentum gradient descent,True,True,True,20260726,10,0.18,0.35,6.0,0.7,2.5,lightning.qubit,,,,,,,,
,graph_average,fixed,0.5,0.5,0.5,0.5,constant,erdos_renyi,8.0,2.0,1.0,,,,,,0.99736,0.8032,0.803312,0.8177,,0.10288,5.0,,,,,,,,,,,,,,,,,,,,,,finite_shot_qaoa_maxcut_cvar,5000,100,5,"[0.1, 0.2, 0.35, 0.5, 0.65, 0.8, 1.0]",Polyak momentum gradient descent,True,True,True,20260726,10,0.18,0.35,6.0,0.7,2.5,lightning.qubit,,,,,,,,
,graph_average,fixed,0.65,0.35,0.65,0.65,constant,erdos_renyi,8.0,2.0,1.0,,,,,,1.3832000000000009,0.775592,0.7756871999999999,0.7829759999999999,,0.08172,5.0,,,,,,,,,,,,,,,,,,,,,,finite_shot_qaoa_maxcut_cvar,5000,100,5,"[0.1, 0.2, 0.35, 0.5, 0.65, 0.8, 1.0]",Polyak momentum gradient descent,True,True,True,20260726,10,0.18,0.35,6.0,0.7,2.5,lightning.qubit,,,,,,,,
,graph_average,fixed,0.8,0.1999999999999999,0.8,0.8,constant,erdos_renyi,8.0,2.0,1.0,,,,,,1.6301,0.78438,0.78367,0.788284,,0.0756,5.0,,,,,,,,,,,,,,,,,,,,,,finite_shot_qaoa_maxcut_cvar,5000,100,5,"[0.1, 0.2, 0.35, 0.5, 0.65, 0.8, 1.0]",Polyak momentum gradient descent,True,True,True,20260726,10,0.18,0.35,6.0,0.7,2.5,lightning.qubit,,,,,,,,
,graph_average,fixed,1.0,0.0,1.0,1.0,constant,erdos_renyi,8.0,2.0,1.0,,,,,,1.7056800000000003,0.8294320000000001,0.8276052,0.8324719999999999,,0.0852,5.0,,,,,,,,,,,,,,,,,,,,,,finite_shot_qaoa_maxcut_cvar,5000,100,5,"[0.1, 0.2, 0.35, 0.5, 0.65, 0.8, 1.0]",Polyak momentum gradient descent,True,True,True,20260726,10,0.18,0.35,6.0,0.7,2.5,lightning.qubit,,,,,,,,
,graph_average,fixed,0.1,0.9,0.1,0.1,constant,erdos_renyi,8.0,2.0,2.0,,,,,,0.2104,0.7192000000000001,0.7174756,0.730672,,0.1772,5.0,,,,,,,,,,,,,,,,,,,,,,finite_shot_qaoa_maxcut_cvar,5000,100,5,"[0.1, 0.2, 0.35, 0.5, 0.65, 0.8, 1.0]",Polyak momentum gradient descent,True,True,True,20260726,10,0.18,0.35,6.0,0.7,2.5,lightning.qubit,,,,,,,,
,graph_average,fixed,0.2,0.8,0.2,0.2,constant,erdos_renyi,8.0,2.0,2.0,,,,,,0.4134000000000002,0.71748,0.7202272,0.7329600000000001,,0.18288,5.0,,,,,,,,,,,,,,,,,,,,,,finite_shot_qaoa_maxcut_cvar,5000,100,5,"[0.1, 0.2, 0.35, 0.5, 0.65, 0.8, 1.0]",Polyak momentum gradient descent,True,True,True,20260726,10,0.18,0.35,6.0,0.7,2.5,lightning.qubit,,,,,,,,
,graph_average,fixed,0.35,0.65,0.35,0.35,constant,erdos_renyi,8.0,2.0,2.0,,,,,,0.6323428571428572,0.73578,0.7382008,0.746132,,0.25632,5.0,,,,,,,,,,,,,,,,,,,,,,finite_shot_qaoa_maxcut_cvar,5000,100,5,"[0.1, 0.2, 0.35, 0.5, 0.65, 0.8, 1.0]",Polyak momentum gradient descent,True,True,True,20260726,10,0.18,0.35,6.0,0.7,2.5,lightning.qubit,,,,,,,,
,graph_average,fixed,0.5,0.5,0.5,0.5,constant,erdos_renyi,8.0,2.0,2.0,,,,,,0.9795199999999996,0.740036,0.7387436000000001,0.746452,,0.28604,5.0,,,,,,,,,,,,,,,,,,,,,,finite_shot_qaoa_maxcut_cvar,5000,100,5,"[0.1, 0.2, 0.35, 0.5, 0.65, 0.8, 1.0]",Polyak momentum gradient descent,True,True,True,20260726,10,0.18,0.35,6.0,0.7,2.5,lightning.qubit,,,,,,,,
,graph_average,fixed,0.65,0.35,0.65,0.65,constant,erdos_renyi,8.0,2.0,2.0,,,,,,1.4521846153846152,0.7412,0.7413388000000001,0.7487679999999999,,0.28452,5.0,,,,,,,,,,,,,,,,,,,,,,finite_shot_qaoa_maxcut_cvar,5000,100,5,"[0.1, 0.2, 0.35, 0.5, 0.65, 0.8, 1.0]",Polyak momentum gradient descent,True,True,True,20260726,10,0.18,0.35,6.0,0.7,2.5,lightning.qubit,,,,,,,,
,graph_average,fixed,0.8,0.1999999999999999,0.8,0.8,constant,erdos_renyi,8.0,2.0,2.0,,,,,,1.8843,0.747152,0.7467767999999999,0.7523799999999999,,0.26992,5.0,,,,,,,,,,,,,,,,,,,,,,finite_shot_qaoa_maxcut_cvar,5000,100,5,"[0.1, 0.2, 0.35, 0.5, 0.65, 0.8, 1.0]",Polyak momentum gradient descent,True,True,True,20260726,10,0.18,0.35,6.0,0.7,2.5,lightning.qubit,,,,,,,,
,graph_average,fixed,1.0,0.0,1.0,1.0,constant,erdos_renyi,8.0,2.0,2.0,,,,,,2.53332,0.746668,0.745216,0.7514160000000001,,0.27172,5.0,,,,,,,,,,,,,,,,,,,,,,finite_shot_qaoa_maxcut_cvar,5000,100,5,"[0.1, 0.2, 0.35, 0.5, 0.65, 0.8, 1.0]",Polyak momentum gradient descent,True,True,True,20260726,10,0.18,0.35,6.0,0.7,2.5,lightning.qubit,,,,,,,,
,graph_average,fixed,0.1,0.9,0.1,0.1,constant,erdos_renyi,8.0,2.0,3.0,,,,,,0.2167999999999999,0.7496,0.7497551111111111,0.7670933333333334,,0.1124,5.0,,,,,,,,,,,,,,,,,,,,,,finite_shot_qaoa_maxcut_cvar,5000,100,5,"[0.1, 0.2, 0.35, 0.5, 0.65, 0.8, 1.0]",Polyak momentum gradient descent,True,True,True,20260726,10,0.18,0.35,6.0,0.7,2.5,lightning.qubit,,,,,,,,
,graph_average,fixed,0.2,0.8,0.2,0.2,constant,erdos_renyi,8.0,2.0,3.0,,,,,,0.3,0.7741022222222222,0.7739542222222222,0.7832666666666667,,0.17212,5.0,,,,,,,,,,,,,,,,,,,,,,finite_shot_qaoa_maxcut_cvar,5000,100,5,"[0.1, 0.2, 0.35, 0.5, 0.65, 0.8, 1.0]",Polyak momentum gradient descent,True,True,True,20260726,10,0.18,0.35,6.0,0.7,2.5,lightning.qubit,,,,,,,,
,graph_average,fixed,0.35,0.65,0.35,0.35,constant,erdos_renyi,8.0,2.0,3.0,,,,,,0.9511999999999998,0.7272044444444445,0.7283728888888888,0.7377288888888889,,0.14744,5.0,,,,,,,,,,,,,,,,,,,,,,finite_shot_qaoa_maxcut_cvar,5000,100,5,"[0.1, 0.2, 0.35, 0.5, 0.65, 0.8, 1.0]",Polyak momentum gradient descent,True,True,True,20260726,10,0.18,0.35,6.0,0.7,2.5,lightning.qubit,,,,,,,,
,graph_average,fixed,0.5,0.5,0.5,0.5,constant,erdos_renyi,8.0,2.0,3.0,,,,,,0.5221599999999998,0.82348,0.8159240000000001,0.8304844444444445,,0.2389199999999999,5.0,,,,,,,,,,,,,,,,,,,,,,finite_shot_qaoa_maxcut_cvar,5000,100,5,"[0.1, 0.2, 0.35, 0.5, 0.65, 0.8, 1.0]",Polyak momentum gradient descent,True,True,True,20260726,10,0.18,0.35,6.0,0.7,2.5,lightning.qubit,,,,,,,,
,graph_average,fixed,0.65,0.35,0.65,0.65,constant,erdos_renyi,8.0,2.0,3.0,,,,,,1.1579692307692309,0.7620266666666666,0.74104,0.7668177777777778,,0.16912,5.0,,,,,,,,,,,,,,,,,,,,,,finite_shot_qaoa_maxcut_cvar,5000,100,5,"[0.1, 0.2, 0.35, 0.5, 0.65, 0.8, 1.0]",Polyak momentum gradient descent,True,True,True,20260726,10,0.18,0.35,6.0,0.7,2.5,lightning.qubit,,,,,,,,
,graph_average,fixed,0.8,0.1999999999999999,0.8,0.8,constant,erdos_renyi,8.0,2.0,3.0,,,,,,1.719350000000001,0.742,0.7404542222222222,0.7471244444444445,,0.14524,5.0,,,,,,,,,,,,,,,,,,,,,,finite_shot_qaoa_maxcut_cvar,5000,100,5,"[0.1, 0.2, 0.35, 0.5, 0.65, 0.8, 1.0]",Polyak momentum gradient descent,True,True,True,20260726,10,0.18,0.35,6.0,0.7,2.5,lightning.qubit,,,,,,,,
,graph_average,fixed,1.0,0.0,1.0,1.0,constant,erdos_renyi,8.0,2.0,3.0,,,,,,2.3006,0.7443777777777778,0.7450626666666668,0.7509911111111112,,0.1366,5.0,,,,,,,,,,,,,,,,,,,,,,finite_shot_qaoa_maxcut_cvar,5000,100,5,"[0.1, 0.2, 0.35, 0.5, 0.65, 0.8, 1.0]",Polyak momentum gradient descent,True,True,True,20260726,10,0.18,0.35,6.0,0.7,2.5,lightning.qubit,,,,,,,,
,graph_average,fixed,0.1,0.9,0.1,0.1,constant,erdos_renyi,8.0,2.0,4.0,,,,,,0.0,0.7982000000000001,0.7960256,0.8283400000000001,,0.2006799999999999,5.0,,,,,,,,,,,,,,,,,,,,,,finite_shot_qaoa_maxcut_cvar,5000,100,5,"[0.1, 0.2, 0.35, 0.5, 0.65, 0.8, 1.0]",Polyak momentum gradient descent,True,True,True,20260726,10,0.18,0.35,6.0,0.7,2.5,lightning.qubit,,,,,,,,
,graph_average,fixed,0.2,0.8,0.2,0.2,constant,erdos_renyi,8.0,2.0,4.0,,,,,,0.0,0.8760239999999999,0.8767556000000001,0.8881560000000001,,0.29516,5.0,,,,,,,,,,,,,,,,,,,,,,finite_shot_qaoa_maxcut_cvar,5000,100,5,"[0.1, 0.2, 0.35, 0.5, 0.65, 0.8, 1.0]",Polyak momentum gradient descent,True,True,True,20260726,10,0.18,0.35,6.0,0.7,2.5,lightning.qubit,,,,,,,,
,graph_average,fixed,0.35,0.65,0.35,0.35,constant,erdos_renyi,8.0,2.0,4.0,,,,,,0.1373714285714285,0.8695639999999999,0.8649015999999999,0.8772880000000001,,0.3255599999999999,5.0,,,,,,,,,,,,,,,,,,,,,,finite_shot_qaoa_maxcut_cvar,5000,100,5,"[0.1, 0.2, 0.35, 0.5, 0.65, 0.8, 1.0]",Polyak momentum gradient descent,True,True,True,20260726,10,0.18,0.35,6.0,0.7,2.5,lightning.qubit,,,,,,,,
,graph_average,fixed,0.5,0.5,0.5,0.5,constant,erdos_renyi,8.0,2.0,4.0,,,,,,0.3092,0.865808,0.8637088,0.871376,,0.38564,5.0,,,,,,,,,,,,,,,,,,,,,,finite_shot_qaoa_maxcut_cvar,5000,100,5,"[0.1, 0.2, 0.35, 0.5, 0.65, 0.8, 1.0]",Polyak momentum gradient descent,True,True,True,20260726,10,0.18,0.35,6.0,0.7,2.5,lightning.qubit,,,,,,,,
,graph_average,fixed,0.65,0.35,0.65,0.65,constant,erdos_renyi,8.0,2.0,4.0,,,,,,0.5219076923076925,0.8617560000000001,0.8625564000000001,0.8707239999999998,,0.37548,5.0,,,,,,,,,,,,,,,,,,,,,,finite_shot_qaoa_maxcut_cvar,5000,100,5,"[0.1, 0.2, 0.35, 0.5, 0.65, 0.8, 1.0]",Polyak momentum gradient descent,True,True,True,20260726,10,0.18,0.35,6.0,0.7,2.5,lightning.qubit,,,,,,,,
,graph_average,fixed,0.8,0.1999999999999999,0.8,0.8,constant,erdos_renyi,8.0,2.0,4.0,,,,,,0.70315,0.863772,0.867466,0.877192,,0.36728,5.0,,,,,,,,,,,,,,,,,,,,,,finite_shot_qaoa_maxcut_cvar,5000,100,5,"[0.1, 0.2, 0.35, 0.5, 0.65, 0.8, 1.0]",Polyak momentum gradient descent,True,True,True,20260726,10,0.18,0.35,6.0,0.7,2.5,lightning.qubit,,,,,,,,
,graph_average,fixed,1.0,0.0,1.0,1.0,constant,erdos_renyi,8.0,2.0,4.0,,,,,,1.5170399999999995,0.848296,0.849464,0.853192,,0.26868,5.0,,,,,,,,,,,,,,,,,,,,,,finite_shot_qaoa_maxcut_cvar,5000,100,5,"[0.1, 0.2, 0.35, 0.5, 0.65, 0.8, 1.0]",Polyak momentum gradient descent,True,True,True,20260726,10,0.18,0.35,6.0,0.7,2.5,lightning.qubit,,,,,,,,
,summary,ascending,0.1,0.9,1.0,0.1,linear_descending_alpha,,,,,,,,,,,,,,,,,5.0,0.7951393396825397,0.0228086194730104,0.780185299047619,0.0247930711432256,0.779002780952381,0.0237757856163903,0.2254399999999999,0.0610102417631662,0.1707679999999999,,,,,,,,,,,,finite_shot_qaoa_maxcut_cvar,5000,100,5,"[0.1, 0.2, 0.35, 0.5, 0.65, 0.8, 1.0]",Polyak momentum gradient descent,True,True,True,20260726,10,0.18,0.35,6.0,0.7,2.5,lightning.qubit,,,,,,,,
,summary,ascending,0.2,0.8,1.0,0.2,linear_descending_alpha,,,,,,,,,,,,,,,,,5.0,0.7942026793650794,0.0225415066228899,0.7767551390476191,0.0248274546883562,0.782760926984127,0.0245680860190019,0.3767999999999999,0.0957783900470246,0.197616,,,,,,,,,,,,finite_shot_qaoa_maxcut_cvar,5000,100,5,"[0.1, 0.2, 0.35, 0.5, 0.65, 0.8, 1.0]",Polyak momentum gradient descent,True,True,True,20260726,10,0.18,0.35,6.0,0.7,2.5,lightning.qubit,,,,,,,,
,summary,ascending,0.35,0.65,1.0,0.35,linear_descending_alpha,,,,,,,,,,,,,,,,,5.0,0.7874294476190477,0.0240482609758432,0.7751679174603174,0.0238181952923993,0.7763397968253969,0.024674277927712,0.6645257142857143,0.1554110141344097,0.219944,,,,,,,,,,,,finite_shot_qaoa_maxcut_cvar,5000,100,5,"[0.1, 0.2, 0.35, 0.5, 0.65, 0.8, 1.0]",Polyak momentum gradient descent,True,True,True,20260726,10,0.18,0.35,6.0,0.7,2.5,lightning.qubit,,,,,,,,
,summary,ascending,0.5,0.5,1.0,0.5,linear_descending_alpha,,,,,,,,,,,,,,,,,5.0,0.7870048634920634,0.0235529013971736,0.7750909968253968,0.0225906308112887,0.7755370920634921,0.0229200916244927,0.9064,0.1677344682526521,0.229456,,,,,,,,,,,,finite_shot_qaoa_maxcut_cvar,5000,100,5,"[0.1, 0.2, 0.35, 0.5, 0.65, 0.8, 1.0]",Polyak momentum gradient descent,True,True,True,20260726,10,0.18,0.35,6.0,0.7,2.5,lightning.qubit,,,,,,,,
,summary,ascending,0.65,0.35,1.0,0.65,linear_descending_alpha,,,,,,,,,,,,,,,,,5.0,0.7826433015873016,0.0183402520972141,0.7713012546031746,0.0168993231809676,0.7707068190476191,0.016737437506107,1.2155446153846154,0.1425858166676929,0.217496,,,,,,,,,,,,finite_shot_qaoa_maxcut_cvar,5000,100,5,"[0.1, 0.2, 0.35, 0.5, 0.65, 0.8, 1.0]",Polyak momentum gradient descent,True,True,True,20260726,10,0.18,0.35,6.0,0.7,2.5,lightning.qubit,,,,,,,,
,summary,ascending,0.8,0.1999999999999999,1.0,0.8,linear_descending_alpha,,,,,,,,,,,,,,,,,5.0,0.7839819301587301,0.0184086810982293,0.7757241955555556,0.0172349743693461,0.7753964444444444,0.0166341338063158,1.4855700000000005,0.1675277548646792,0.209552,,,,,,,,,,,,finite_shot_qaoa_maxcut_cvar,5000,100,5,"[0.1, 0.2, 0.35, 0.5, 0.65, 0.8, 1.0]",Polyak momentum gradient descent,True,True,True,20260726,10,0.18,0.35,6.0,0.7,2.5,lightning.qubit,,,,,,,,
,summary,ascending,1.0,0.0,1.0,1.0,linear_descending_alpha,,,,,,,,,,,,,,,,,5.0,0.7937902222222222,0.0209986470919872,0.7887181447619047,0.0213964157763464,0.7890987555555556,0.0213127342412354,1.92392,0.2069696035653544,0.2014159999999999,,,,,,,,,,,,finite_shot_qaoa_maxcut_cvar,5000,100,5,"[0.1, 0.2, 0.35, 0.5, 0.65, 0.8, 1.0]",Polyak momentum gradient descent,True,True,True,20260726,10,0.18,0.35,6.0,0.7,2.5,lightning.qubit,,,,,,,,
,summary,fixed,0.1,0.9,0.1,0.1,constant,,,,,,,,,,,,,,,,,5.0,0.7877528380952381,0.0187831731914631,0.7727187022222223,0.0181298643290812,0.7733461714285715,0.017962239800703,0.15464,0.0676087094981112,0.15944,,,,,,,,,,,,finite_shot_qaoa_maxcut_cvar,5000,100,5,"[0.1, 0.2, 0.35, 0.5, 0.65, 0.8, 1.0]",Polyak momentum gradient descent,True,True,True,20260726,10,0.18,0.35,6.0,0.7,2.5,lightning.qubit,,,,,,,,
,summary,fixed,0.2,0.8,0.2,0.2,constant,,,,,,,,,,,,,,,,,5.0,0.8066640761904763,0.0254411341781861,0.7947356558730159,0.0253835021589322,0.7952642158730159,0.02583713648974,0.28964,0.0883992398157359,0.196952,,,,,,,,,,,,finite_shot_qaoa_maxcut_cvar,5000,100,5,"[0.1, 0.2, 0.35, 0.5, 0.65, 0.8, 1.0]",Polyak momentum gradient descent,True,True,True,20260726,10,0.18,0.35,6.0,0.7,2.5,lightning.qubit,,,,,,,,
,summary,fixed,0.35,0.65,0.35,0.35,constant,,,,,,,,,,,,,,,,,5.0,0.7929312634920634,0.0257077423887546,0.782966452063492,0.0247612068156426,0.7833850031746031,0.0259413782721186,0.6090057142857143,0.1409780432752359,0.213496,,,,,,,,,,,,finite_shot_qaoa_maxcut_cvar,5000,100,5,"[0.1, 0.2, 0.35, 0.5, 0.65, 0.8, 1.0]",Polyak momentum gradient descent,True,True,True,20260726,10,0.18,0.35,6.0,0.7,2.5,lightning.qubit,,,,,,,,
,summary,fixed,0.5,0.5,0.5,0.5,constant,,,,,,,,,,,,,,,,,5.0,0.8079659174603175,0.0218778150603833,0.79783128,0.0213430493957728,0.8003642285714285,0.0217139663402077,0.7219839999999998,0.133945594686798,0.2528,,,,,,,,,,,,finite_shot_qaoa_maxcut_cvar,5000,100,5,"[0.1, 0.2, 0.35, 0.5, 0.65, 0.8, 1.0]",Polyak momentum gradient descent,True,True,True,20260726,10,0.18,0.35,6.0,0.7,2.5,lightning.qubit,,,,,,,,
,summary,fixed,0.65,0.35,0.65,0.65,constant,,,,,,,,,,,,,,,,,5.0,0.8062480126984127,0.0251601109422977,0.7938661942857144,0.0260827917199724,0.7994932190476189,0.0250442793414723,0.9918276923076924,0.2137496950355968,0.254984,,,,,,,,,,,,finite_shot_qaoa_maxcut_cvar,5000,100,5,"[0.1, 0.2, 0.35, 0.5, 0.65, 0.8, 1.0]",Polyak momentum gradient descent,True,True,True,20260726,10,0.18,0.35,6.0,0.7,2.5,lightning.qubit,,,,,,,,
,summary,fixed,0.8,0.1999999999999999,0.8,0.8,constant,,,,,,,,,,,,,,,,,5.0,0.7884875174603174,0.0234572509390374,0.7820050615873015,0.0227825618090564,0.7815602285714286,0.0219522848650226,1.42434,0.2142925228513585,0.221488,,,,,,,,,,,,finite_shot_qaoa_maxcut_cvar,5000,100,5,"[0.1, 0.2, 0.35, 0.5, 0.65, 0.8, 1.0]",Polyak momentum gradient descent,True,True,True,20260726,10,0.18,0.35,6.0,0.7,2.5,lightning.qubit,,,,,,,,
,summary,fixed,1.0,0.0,1.0,1.0,constant,,,,,,,,,,,,,,,,,5.0,0.7937902222222222,0.0209986470919872,0.7887181447619047,0.0213964157763464,0.7890987555555556,0.0213127342412354,1.92392,0.2069696035653544,0.2014159999999999,,,,,,,,,,,,finite_shot_qaoa_maxcut_cvar,5000,100,5,"[0.1, 0.2, 0.35, 0.5, 0.65, 0.8, 1.0]",Polyak momentum gradient descent,True,True,True,20260726,10,0.18,0.35,6.0,0.7,2.5,lightning.qubit,,,,,,,,
,matching_function,fixed,,,,,,,,,,,,,,,,,,,,,,,,,,,,,,,,CVaR,one_minus_alpha,robust_sem_weighted_cubic,$a_0+a_1(1-\alpha)+a_2(1-\alpha)^2+a_3(1-\alpha)^3$,0.7878998875643468,-0.038291837539032376,0.2206615501310636,-0.2165962521355298,0.5390080603515202,0.7976619622894945,0.774274421578578,finite_shot_qaoa_maxcut_cvar,5000,100,5,"[0.1, 0.2, 0.35, 0.5, 0.65, 0.8, 1.0]",Polyak momentum gradient descent,True,True,True,20260726,10,0.18,0.35,6.0,0.7,2.5,lightning.qubit,,,,,,,,
,matching_function,ascending,,,,,,,,,,,,,,,,,,,,,,,,,,,,,,,,CVaR,one_minus_alpha,robust_sem_weighted_cubic,$a_0+a_1(1-\alpha)+a_2(1-\alpha)^2+a_3(1-\alpha)^3$,0.7894988239759345,-0.12013871580732369,0.250650340294033,-0.14317543493677873,0.028646680943903536,0.7894988239759345,0.7800258633185982,finite_shot_qaoa_maxcut_cvar,5000,100,5,"[0.1, 0.2, 0.35, 0.5, 0.65, 0.8, 1.0]",Polyak momentum gradient descent,True,True,True,20260726,10,0.18,0.35,6.0,0.7,2.5,lightning.qubit,,,,,,,,
,matching_function,fixed,,,,,,,,,,,,,,,,,,,,,,,,,,,,,,,,QTL,absolute_gamma,robust_sem_weighted_cubic,$a_0+a_1|\gamma|+a_2|\gamma|^2+a_3|\gamma|^3$,0.7931811901066294,-0.007770598524716546,-0.0010028981609642793,0.00019626582217121557,0.07884929690147298,0.7931811901066294,0.7586134380512926,finite_shot_qaoa_maxcut_cvar,5000,100,5,"[0.1, 0.2, 0.35, 0.5, 0.65, 0.8, 1.0]",Polyak momentum gradient descent,True,True,True,20260726,10,0.18,0.35,6.0,0.7,2.5,lightning.qubit,,,,,,,,
,comparison_matching_function,fixed,,,,,,,,,,,,,,,,,,,,,,,,,,,,,,,,CVaR,landscape_control_coordinate,baseline_peak_tail_anchored_asymmetric_quadratic,$R^\star-c_-(r-r^\star)^2$ for $r\leq r^\star$; $R^\star-c_+(r-r^\star)^2$ for $r>r^\star$,,,,,0.770161655375863,0.8003642285714285,0.7733461714285715,finite_shot_qaoa_maxcut_cvar,5000,100,5,"[0.1, 0.2, 0.35, 0.5, 0.65, 0.8, 1.0]",Polyak momentum gradient descent,True,True,True,20260726,10,0.18,0.35,6.0,0.7,2.5,lightning.qubit,$r=-\ln(\alpha)/2.30259$; $\alpha_{\min}=0.1$,,,$\alpha=\exp[-\ln(1/0.1)|\gamma|/4]$,0.30102999566398114,0.12431681843226149,0.05530151617263183,0.7890987555555556
,comparison_matching_function,fixed,,,,,,,,,,,,,,,,,,,,,,,,,,,,,,,,QTL,landscape_control_coordinate,baseline_peak_tail_anchored_asymmetric_quadratic,$R^\star-c_-(r-r^\star)^2$ for $r\leq r^\star$; $R^\star-c_+(r-r^\star)^2$ for $r>r^\star$,,,,,0.9099195777578192,0.7946296507936508,0.7589563682539683,finite_shot_qaoa_maxcut_cvar,5000,100,5,"[0.1, 0.2, 0.35, 0.5, 0.65, 0.8, 1.0]",Polyak momentum gradient descent,True,True,True,20260726,10,0.18,0.35,6.0,0.7,2.5,lightning.qubit,$r=|\gamma|/4$,,,$\alpha=\exp[-\ln(1/0.1)|\gamma|/4]$,0.1,0.07210793650793688,0.044041089555163566,0.7939085714285714
