record_type,method,graph_family,n_vertices,n_edges,edges,maximum_cut,qaoa_depth,n_parameters,objective,optimizer,initial_parameters,reference_optimum_method,optimal_parameters,optimal_loss,optimal_mean_ratio,optimal_mass_at_reference,reference_iterations,reference_function_evaluations,reference_gradient_norm,reference_converged,reference_message,graph_seed,gamma,iterations,learning_rate,adam_beta1,adam_beta2,adam_epsilon,finite_difference_step,initialization_seed,simulator,shots,device_seed,reference_max_iterations,reference_gradient_tolerance,iteration,loss,mean_final_ratio,mean_cut,best_ratio,optimal_mass,parameter_error_l2,gradient_norm,parameters,parameter_error_definition,parameter_error_cost_period,parameter_error_mixer_period
problem_specification,shared,regular3,6,9,"[[0, 1], [0, 3], [0, 4], [1, 4], [1, 5], [2, 3], [2, 4], [2, 5], [3, 5]]",7.0,2,4,quantum_tilted_loss,Adam,"[4.525314226563329, 2.508640072545789, 6.277539181284928, 1.3863605664946994]",analytic_L-BFGS-B_parameter-shift_from_shared_initialization,"[4.400668108153182, 2.583331728252988, 4.277386505731298, 1.2627143830537833]",0.1083327878271136,0.9240050850114536,0.7967487849135514,13,18,8.791197452708817e-11,True,CONVERGENCE: NORM OF PROJECTED GRADIENT <= PGTOL,17,2.0,60,0.08,0.9,0.999,1e-08,0.05,20260725,default.qubit,2000,314159,300,1e-10,,,,,,,,,,L2 distance to closest symmetry-equivalent optimal vector,3.141592653589793,1.5707963267948966
iteration,finite_difference,regular3,6,9,"[[0, 1], [0, 3], [0, 4], [1, 4], [1, 5], [2, 3], [2, 4], [2, 5], [3, 5]]",7.0,2,4,quantum_tilted_loss,Adam,"[4.525314226563329, 2.508640072545789, 6.277539181284928, 1.3863605664946994]",analytic_L-BFGS-B_parameter-shift_from_shared_initialization,"[4.400668108153182, 2.583331728252988, 4.277386505731298, 1.2627143830537833]",0.1083327878271136,0.9240050850114536,0.7967487849135514,13,18,8.791197452708817e-11,True,CONVERGENCE: NORM OF PROJECTED GRADIENT <= PGTOL,17,2.0,60,0.08,0.9,0.999,1e-08,0.05,20260725,default.qubit,2000,314159,300,1e-10,0.0,0.8951078103686664,0.6477857142857142,4.5345,1.0,0.146,0.4698411978168108,,"[4.525314226563329, 2.508640072545789, 6.277539181284928, 1.3863605664946994]",L2 distance to closest symmetry-equivalent optimal vector,3.141592653589793,1.5707963267948966
iteration,finite_difference,regular3,6,9,"[[0, 1], [0, 3], [0, 4], [1, 4], [1, 5], [2, 3], [2, 4], [2, 5], [3, 5]]",7.0,2,4,quantum_tilted_loss,Adam,"[4.525314226563329, 2.508640072545789, 6.277539181284928, 1.3863605664946994]",analytic_L-BFGS-B_parameter-shift_from_shared_initialization,"[4.400668108153182, 2.583331728252988, 4.277386505731298, 1.2627143830537833]",0.1083327878271136,0.9240050850114536,0.7967487849135514,13,18,8.791197452708817e-11,True,CONVERGENCE: NORM OF PROJECTED GRADIENT <= PGTOL,17,2.0,60,0.08,0.9,0.999,1e-08,0.05,20260725,default.qubit,2000,314159,300,1e-10,1.0,0.4938055040094904,0.7815,5.4705,1.0,0.351,0.3871403264012285,3.2375658140184056,"[4.445314234365524, 2.4286400748061876, 6.197539181535649, 1.3063605684651183]",L2 distance to closest symmetry-equivalent optimal vector,3.141592653589793,1.5707963267948966
iteration,finite_difference,regular3,6,9,"[[0, 1], [0, 3], [0, 4], [1, 4], [1, 5], [2, 3], [2, 4], [2, 5], [3, 5]]",7.0,2,4,quantum_tilted_loss,Adam,"[4.525314226563329, 2.508640072545789, 6.277539181284928, 1.3863605664946994]",analytic_L-BFGS-B_parameter-shift_from_shared_initialization,"[4.400668108153182, 2.583331728252988, 4.277386505731298, 1.2627143830537833]",0.1083327878271136,0.9240050850114536,0.7967487849135514,13,18,8.791197452708817e-11,True,CONVERGENCE: NORM OF PROJECTED GRADIENT <= PGTOL,17,2.0,60,0.08,0.9,0.999,1e-08,0.05,20260725,default.qubit,2000,314159,300,1e-10,2.0,0.219861736923213,0.8999285714285714,6.2995,1.0,0.617,0.3562366314320507,2.886311082003168,"[4.380707645986349, 2.3554582418644383, 6.1188358864873, 1.2262902686953636]",L2 distance to closest symmetry-equivalent optimal vector,3.141592653589793,1.5707963267948966
iteration,finite_difference,regular3,6,9,"[[0, 1], [0, 3], [0, 4], [1, 4], [1, 5], [2, 3], [2, 4], [2, 5], [3, 5]]",7.0,2,4,quantum_tilted_loss,Adam,"[4.525314226563329, 2.508640072545789, 6.277539181284928, 1.3863605664946994]",analytic_L-BFGS-B_parameter-shift_from_shared_initialization,"[4.400668108153182, 2.583331728252988, 4.277386505731298, 1.2627143830537833]",0.1083327878271136,0.9240050850114536,0.7967487849135514,13,18,8.791197452708817e-11,True,CONVERGENCE: NORM OF PROJECTED GRADIENT <= PGTOL,17,2.0,60,0.08,0.9,0.999,1e-08,0.05,20260725,default.qubit,2000,314159,300,1e-10,3.0,0.2645689264248124,0.8778571428571429,6.1450000000000005,1.0,0.5495000000000001,0.3675057578735767,0.8749097664156942,"[4.315022154073284, 2.2977901027629253, 6.049910147864475, 1.1885704488522684]",L2 distance to closest symmetry-equivalent optimal vector,3.141592653589793,1.5707963267948966
iteration,finite_difference,regular3,6,9,"[[0, 1], [0, 3], [0, 4], [1, 4], [1, 5], [2, 3], [2, 4], [2, 5], [3, 5]]",7.0,2,4,quantum_tilted_loss,Adam,"[4.525314226563329, 2.508640072545789, 6.277539181284928, 1.3863605664946994]",analytic_L-BFGS-B_parameter-shift_from_shared_initialization,"[4.400668108153182, 2.583331728252988, 4.277386505731298, 1.2627143830537833]",0.1083327878271136,0.9240050850114536,0.7967487849135514,13,18,8.791197452708817e-11,True,CONVERGENCE: NORM OF PROJECTED GRADIENT <= PGTOL,17,2.0,60,0.08,0.9,0.999,1e-08,0.05,20260725,default.qubit,2000,314159,300,1e-10,4.0,0.322694877349962,0.8410714285714286,5.8875,1.0,0.489,0.33981112242709627,1.7955360525604354,"[4.308688595687016, 2.2991338923677187, 5.997715295797051, 1.2004006548879222]",L2 distance to closest symmetry-equivalent optimal vector,3.141592653589793,1.5707963267948966
iteration,finite_difference,regular3,6,9,"[[0, 1], [0, 3], [0, 4], [1, 4], [1, 5], [2, 3], [2, 4], [2, 5], [3, 5]]",7.0,2,4,quantum_tilted_loss,Adam,"[4.525314226563329, 2.508640072545789, 6.277539181284928, 1.3863605664946994]",analytic_L-BFGS-B_parameter-shift_from_shared_initialization,"[4.400668108153182, 2.583331728252988, 4.277386505731298, 1.2627143830537833]",0.1083327878271136,0.9240050850114536,0.7967487849135514,13,18,8.791197452708817e-11,True,CONVERGENCE: NORM OF PROJECTED GRADIENT <= PGTOL,17,2.0,60,0.08,0.9,0.999,1e-08,0.05,20260725,default.qubit,2000,314159,300,1e-10,5.0,0.2310182994512232,0.8707142857142857,6.095,1.0,0.6084999999999999,0.28883736936262866,2.547342647448736,"[4.338355833056708, 2.326922279340305, 5.963026347380842, 1.2380290044512694]",L2 distance to closest symmetry-equivalent optimal vector,3.141592653589793,1.5707963267948966
iteration,finite_difference,regular3,6,9,"[[0, 1], [0, 3], [0, 4], [1, 4], [1, 5], [2, 3], [2, 4], [2, 5], [3, 5]]",7.0,2,4,quantum_tilted_loss,Adam,"[4.525314226563329, 2.508640072545789, 6.277539181284928, 1.3863605664946994]",analytic_L-BFGS-B_parameter-shift_from_shared_initialization,"[4.400668108153182, 2.583331728252988, 4.277386505731298, 1.2627143830537833]",0.1083327878271136,0.9240050850114536,0.7967487849135514,13,18,8.791197452708817e-11,True,CONVERGENCE: NORM OF PROJECTED GRADIENT <= PGTOL,17,2.0,60,0.08,0.9,0.999,1e-08,0.05,20260725,default.qubit,2000,314159,300,1e-10,6.0,0.1834632688168402,0.881142857142857,6.167999999999999,1.0,0.6829999999999999,0.23841172103744204,1.3879530343862785,"[4.374381600518945, 2.365697260501241, 5.9401151155338185, 1.2809588899490152]",L2 distance to closest symmetry-equivalent optimal vector,3.141592653589793,1.5707963267948966
iteration,finite_difference,regular3,6,9,"[[0, 1], [0, 3], [0, 4], [1, 4], [1, 5], [2, 3], [2, 4], [2, 5], [3, 5]]",7.0,2,4,quantum_tilted_loss,Adam,"[4.525314226563329, 2.508640072545789, 6.277539181284928, 1.3863605664946994]",analytic_L-BFGS-B_parameter-shift_from_shared_initialization,"[4.400668108153182, 2.583331728252988, 4.277386505731298, 1.2627143830537833]",0.1083327878271136,0.9240050850114536,0.7967487849135514,13,18,8.791197452708817e-11,True,CONVERGENCE: NORM OF PROJECTED GRADIENT <= PGTOL,17,2.0,60,0.08,0.9,0.999,1e-08,0.05,20260725,default.qubit,2000,314159,300,1e-10,7.0,0.1554271887360516,0.904714285714286,6.333000000000001,1.0,0.7244999999999999,0.20047280945734494,0.7403857173132097,"[4.410844281009014, 2.4082099481253443, 5.922442410396291, 1.3251937401024065]",L2 distance to closest symmetry-equivalent optimal vector,3.141592653589793,1.5707963267948966
iteration,finite_difference,regular3,6,9,"[[0, 1], [0, 3], [0, 4], [1, 4], [1, 5], [2, 3], [2, 4], [2, 5], [3, 5]]",7.0,2,4,quantum_tilted_loss,Adam,"[4.525314226563329, 2.508640072545789, 6.277539181284928, 1.3863605664946994]",analytic_L-BFGS-B_parameter-shift_from_shared_initialization,"[4.400668108153182, 2.583331728252988, 4.277386505731298, 1.2627143830537833]",0.1083327878271136,0.9240050850114536,0.7967487849135514,13,18,8.791197452708817e-11,True,CONVERGENCE: NORM OF PROJECTED GRADIENT <= PGTOL,17,2.0,60,0.08,0.9,0.999,1e-08,0.05,20260725,default.qubit,2000,314159,300,1e-10,8.0,0.1662202713470086,0.9066428571428572,6.3465,1.0,0.704,0.17710077316254974,0.5271700839710153,"[4.44056573747129, 2.4512731389709987, 5.908807654494239, 1.3557628810951894]",L2 distance to closest symmetry-equivalent optimal vector,3.141592653589793,1.5707963267948966
iteration,finite_difference,regular3,6,9,"[[0, 1], [0, 3], [0, 4], [1, 4], [1, 5], [2, 3], [2, 4], [2, 5], [3, 5]]",7.0,2,4,quantum_tilted_loss,Adam,"[4.525314226563329, 2.508640072545789, 6.277539181284928, 1.3863605664946994]",analytic_L-BFGS-B_parameter-shift_from_shared_initialization,"[4.400668108153182, 2.583331728252988, 4.277386505731298, 1.2627143830537833]",0.1083327878271136,0.9240050850114536,0.7967487849135514,13,18,8.791197452708817e-11,True,CONVERGENCE: NORM OF PROJECTED GRADIENT <= PGTOL,17,2.0,60,0.08,0.9,0.999,1e-08,0.05,20260725,default.qubit,2000,314159,300,1e-10,9.0,0.1794564494236509,0.904,6.328,1.0,0.683,0.15772043667947114,0.7992052282988039,"[4.457643986356955, 2.493580676012959, 5.896001589503558, 1.3689575030767724]",L2 distance to closest symmetry-equivalent optimal vector,3.141592653589793,1.5707963267948966
iteration,finite_difference,regular3,6,9,"[[0, 1], [0, 3], [0, 4], [1, 4], [1, 5], [2, 3], [2, 4], [2, 5], [3, 5]]",7.0,2,4,quantum_tilted_loss,Adam,"[4.525314226563329, 2.508640072545789, 6.277539181284928, 1.3863605664946994]",analytic_L-BFGS-B_parameter-shift_from_shared_initialization,"[4.400668108153182, 2.583331728252988, 4.277386505731298, 1.2627143830537833]",0.1083327878271136,0.9240050850114536,0.7967487849135514,13,18,8.791197452708817e-11,True,CONVERGENCE: NORM OF PROJECTED GRADIENT <= PGTOL,17,2.0,60,0.08,0.9,0.999,1e-08,0.05,20260725,default.qubit,2000,314159,300,1e-10,10.0,0.1655325357947232,0.9161428571428571,6.413,1.0,0.7009999999999998,0.13212912295136253,1.0746585761126783,"[4.461420529389165, 2.5331601114922067, 5.8822650173535465, 1.3631557191404038]",L2 distance to closest symmetry-equivalent optimal vector,3.141592653589793,1.5707963267948966
iteration,finite_difference,regular3,6,9,"[[0, 1], [0, 3], [0, 4], [1, 4], [1, 5], [2, 3], [2, 4], [2, 5], [3, 5]]",7.0,2,4,quantum_tilted_loss,Adam,"[4.525314226563329, 2.508640072545789, 6.277539181284928, 1.3863605664946994]",analytic_L-BFGS-B_parameter-shift_from_shared_initialization,"[4.400668108153182, 2.583331728252988, 4.277386505731298, 1.2627143830537833]",0.1083327878271136,0.9240050850114536,0.7967487849135514,13,18,8.791197452708817e-11,True,CONVERGENCE: NORM OF PROJECTED GRADIENT <= PGTOL,17,2.0,60,0.08,0.9,0.999,1e-08,0.05,20260725,default.qubit,2000,314159,300,1e-10,11.0,0.1491052352665799,0.9236428571428572,6.4655000000000005,1.0,0.7245,0.10174609598944566,0.9024558888054788,"[4.456465378510929, 2.570080581355085, 5.8687263020434095, 1.3442085892024624]",L2 distance to closest symmetry-equivalent optimal vector,3.141592653589793,1.5707963267948966
iteration,finite_difference,regular3,6,9,"[[0, 1], [0, 3], [0, 4], [1, 4], [1, 5], [2, 3], [2, 4], [2, 5], [3, 5]]",7.0,2,4,quantum_tilted_loss,Adam,"[4.525314226563329, 2.508640072545789, 6.277539181284928, 1.3863605664946994]",analytic_L-BFGS-B_parameter-shift_from_shared_initialization,"[4.400668108153182, 2.583331728252988, 4.277386505731298, 1.2627143830537833]",0.1083327878271136,0.9240050850114536,0.7967487849135514,13,18,8.791197452708817e-11,True,CONVERGENCE: NORM OF PROJECTED GRADIENT <= PGTOL,17,2.0,60,0.08,0.9,0.999,1e-08,0.05,20260725,default.qubit,2000,314159,300,1e-10,12.0,0.1194452452259862,0.9382857142857144,6.568,1.0,0.7709999999999999,0.07224265770129812,0.8681378792563044,"[4.442986426982795, 2.6031272958428753, 5.854456698543672, 1.3174586575687595]",L2 distance to closest symmetry-equivalent optimal vector,3.141592653589793,1.5707963267948966
iteration,finite_difference,regular3,6,9,"[[0, 1], [0, 3], [0, 4], [1, 4], [1, 5], [2, 3], [2, 4], [2, 5], [3, 5]]",7.0,2,4,quantum_tilted_loss,Adam,"[4.525314226563329, 2.508640072545789, 6.277539181284928, 1.3863605664946994]",analytic_L-BFGS-B_parameter-shift_from_shared_initialization,"[4.400668108153182, 2.583331728252988, 4.277386505731298, 1.2627143830537833]",0.1083327878271136,0.9240050850114536,0.7967487849135514,13,18,8.791197452708817e-11,True,CONVERGENCE: NORM OF PROJECTED GRADIENT <= PGTOL,17,2.0,60,0.08,0.9,0.999,1e-08,0.05,20260725,default.qubit,2000,314159,300,1e-10,13.0,0.1189365491683513,0.9380714285714286,6.5665,1.0,0.7695,0.06183950109076237,0.6104413130776553,"[4.423943595691066, 2.634254784871312, 5.840640549804082, 1.2878605925298638]",L2 distance to closest symmetry-equivalent optimal vector,3.141592653589793,1.5707963267948966
iteration,finite_difference,regular3,6,9,"[[0, 1], [0, 3], [0, 4], [1, 4], [1, 5], [2, 3], [2, 4], [2, 5], [3, 5]]",7.0,2,4,quantum_tilted_loss,Adam,"[4.525314226563329, 2.508640072545789, 6.277539181284928, 1.3863605664946994]",analytic_L-BFGS-B_parameter-shift_from_shared_initialization,"[4.400668108153182, 2.583331728252988, 4.277386505731298, 1.2627143830537833]",0.1083327878271136,0.9240050850114536,0.7967487849135514,13,18,8.791197452708817e-11,True,CONVERGENCE: NORM OF PROJECTED GRADIENT <= PGTOL,17,2.0,60,0.08,0.9,0.999,1e-08,0.05,20260725,default.qubit,2000,314159,300,1e-10,14.0,0.1161988518380954,0.9353571428571428,6.5475,1.0,0.775,0.08083659249084534,0.2791670292619911,"[4.403841040829914, 2.6612600478142268, 5.8273639277668785, 1.2584438563012725]",L2 distance to closest symmetry-equivalent optimal vector,3.141592653589793,1.5707963267948966
iteration,finite_difference,regular3,6,9,"[[0, 1], [0, 3], [0, 4], [1, 4], [1, 5], [2, 3], [2, 4], [2, 5], [3, 5]]",7.0,2,4,quantum_tilted_loss,Adam,"[4.525314226563329, 2.508640072545789, 6.277539181284928, 1.3863605664946994]",analytic_L-BFGS-B_parameter-shift_from_shared_initialization,"[4.400668108153182, 2.583331728252988, 4.277386505731298, 1.2627143830537833]",0.1083327878271136,0.9240050850114536,0.7967487849135514,13,18,8.791197452708817e-11,True,CONVERGENCE: NORM OF PROJECTED GRADIENT <= PGTOL,17,2.0,60,0.08,0.9,0.999,1e-08,0.05,20260725,default.qubit,2000,314159,300,1e-10,15.0,0.1341395684803278,0.9254285714285714,6.478,1.0,0.7455,0.10635234180881382,0.4187163712202847,"[4.386873694235472, 2.678940281781878, 5.815117970336212, 1.2329443623390357]",L2 distance to closest symmetry-equivalent optimal vector,3.141592653589793,1.5707963267948966
iteration,finite_difference,regular3,6,9,"[[0, 1], [0, 3], [0, 4], [1, 4], [1, 5], [2, 3], [2, 4], [2, 5], [3, 5]]",7.0,2,4,quantum_tilted_loss,Adam,"[4.525314226563329, 2.508640072545789, 6.277539181284928, 1.3863605664946994]",analytic_L-BFGS-B_parameter-shift_from_shared_initialization,"[4.400668108153182, 2.583331728252988, 4.277386505731298, 1.2627143830537833]",0.1083327878271136,0.9240050850114536,0.7967487849135514,13,18,8.791197452708817e-11,True,CONVERGENCE: NORM OF PROJECTED GRADIENT <= PGTOL,17,2.0,60,0.08,0.9,0.999,1e-08,0.05,20260725,default.qubit,2000,314159,300,1e-10,16.0,0.1487840424611863,0.9135714285714284,6.395,1.0,0.7229999999999999,0.12208238114271086,0.7716876000662177,"[4.375648283411856, 2.684952010241057, 5.804879023426039, 1.2171488855642345]",L2 distance to closest symmetry-equivalent optimal vector,3.141592653589793,1.5707963267948966
iteration,finite_difference,regular3,6,9,"[[0, 1], [0, 3], [0, 4], [1, 4], [1, 5], [2, 3], [2, 4], [2, 5], [3, 5]]",7.0,2,4,quantum_tilted_loss,Adam,"[4.525314226563329, 2.508640072545789, 6.277539181284928, 1.3863605664946994]",analytic_L-BFGS-B_parameter-shift_from_shared_initialization,"[4.400668108153182, 2.583331728252988, 4.277386505731298, 1.2627143830537833]",0.1083327878271136,0.9240050850114536,0.7967487849135514,13,18,8.791197452708817e-11,True,CONVERGENCE: NORM OF PROJECTED GRADIENT <= PGTOL,17,2.0,60,0.08,0.9,0.999,1e-08,0.05,20260725,default.qubit,2000,314159,300,1e-10,17.0,0.1605051488953904,0.9042142857142856,6.3295,1.0,0.7065,0.12297850337961966,1.0061800823311666,"[4.369457495204386, 2.6772339805854624, 5.796782525419778, 1.2108493141816996]",L2 distance to closest symmetry-equivalent optimal vector,3.141592653589793,1.5707963267948966
iteration,finite_difference,regular3,6,9,"[[0, 1], [0, 3], [0, 4], [1, 4], [1, 5], [2, 3], [2, 4], [2, 5], [3, 5]]",7.0,2,4,quantum_tilted_loss,Adam,"[4.525314226563329, 2.508640072545789, 6.277539181284928, 1.3863605664946994]",analytic_L-BFGS-B_parameter-shift_from_shared_initialization,"[4.400668108153182, 2.583331728252988, 4.277386505731298, 1.2627143830537833]",0.1083327878271136,0.9240050850114536,0.7967487849135514,13,18,8.791197452708817e-11,True,CONVERGENCE: NORM OF PROJECTED GRADIENT <= PGTOL,17,2.0,60,0.08,0.9,0.999,1e-08,0.05,20260725,default.qubit,2000,314159,300,1e-10,18.0,0.1479324855422618,0.9053571428571427,6.3375,1.0,0.7274999999999999,0.11419544279269307,0.8322013577702325,"[4.36905610677039, 2.6605153314990315, 5.790532105851599, 1.2101752012268638]",L2 distance to closest symmetry-equivalent optimal vector,3.141592653589793,1.5707963267948966
iteration,finite_difference,regular3,6,9,"[[0, 1], [0, 3], [0, 4], [1, 4], [1, 5], [2, 3], [2, 4], [2, 5], [3, 5]]",7.0,2,4,quantum_tilted_loss,Adam,"[4.525314226563329, 2.508640072545789, 6.277539181284928, 1.3863605664946994]",analytic_L-BFGS-B_parameter-shift_from_shared_initialization,"[4.400668108153182, 2.583331728252988, 4.277386505731298, 1.2627143830537833]",0.1083327878271136,0.9240050850114536,0.7967487849135514,13,18,8.791197452708817e-11,True,CONVERGENCE: NORM OF PROJECTED GRADIENT <= PGTOL,17,2.0,60,0.08,0.9,0.999,1e-08,0.05,20260725,default.qubit,2000,314159,300,1e-10,19.0,0.1362942357377497,0.9101428571428568,6.370999999999999,1.0,0.7470000000000001,0.09809677311633955,0.8048182328495632,"[4.375871028309716, 2.638881067982582, 5.7869074804339125, 1.216155991665673]",L2 distance to closest symmetry-equivalent optimal vector,3.141592653589793,1.5707963267948966
iteration,finite_difference,regular3,6,9,"[[0, 1], [0, 3], [0, 4], [1, 4], [1, 5], [2, 3], [2, 4], [2, 5], [3, 5]]",7.0,2,4,quantum_tilted_loss,Adam,"[4.525314226563329, 2.508640072545789, 6.277539181284928, 1.3863605664946994]",analytic_L-BFGS-B_parameter-shift_from_shared_initialization,"[4.400668108153182, 2.583331728252988, 4.277386505731298, 1.2627143830537833]",0.1083327878271136,0.9240050850114536,0.7967487849135514,13,18,8.791197452708817e-11,True,CONVERGENCE: NORM OF PROJECTED GRADIENT <= PGTOL,17,2.0,60,0.08,0.9,0.999,1e-08,0.05,20260725,default.qubit,2000,314159,300,1e-10,20.0,0.1314137889339109,0.9101428571428573,6.371,1.0,0.7555000000000001,0.07989139498305485,0.6400154530913645,"[4.388437615534317, 2.6155331140197724, 5.786033885512937, 1.2261954950301794]",L2 distance to closest symmetry-equivalent optimal vector,3.141592653589793,1.5707963267948966
iteration,finite_difference,regular3,6,9,"[[0, 1], [0, 3], [0, 4], [1, 4], [1, 5], [2, 3], [2, 4], [2, 5], [3, 5]]",7.0,2,4,quantum_tilted_loss,Adam,"[4.525314226563329, 2.508640072545789, 6.277539181284928, 1.3863605664946994]",analytic_L-BFGS-B_parameter-shift_from_shared_initialization,"[4.400668108153182, 2.583331728252988, 4.277386505731298, 1.2627143830537833]",0.1083327878271136,0.9240050850114536,0.7967487849135514,13,18,8.791197452708817e-11,True,CONVERGENCE: NORM OF PROJECTED GRADIENT <= PGTOL,17,2.0,60,0.08,0.9,0.999,1e-08,0.05,20260725,default.qubit,2000,314159,300,1e-10,21.0,0.1098360500794768,0.9193571428571428,6.4355,1.0,0.7919999999999999,0.06319344049320397,0.6020904857798912,"[4.402877284897855, 2.5934006348626695, 5.789138442837556, 1.242691705274308]",L2 distance to closest symmetry-equivalent optimal vector,3.141592653589793,1.5707963267948966
iteration,finite_difference,regular3,6,9,"[[0, 1], [0, 3], [0, 4], [1, 4], [1, 5], [2, 3], [2, 4], [2, 5], [3, 5]]",7.0,2,4,quantum_tilted_loss,Adam,"[4.525314226563329, 2.508640072545789, 6.277539181284928, 1.3863605664946994]",analytic_L-BFGS-B_parameter-shift_from_shared_initialization,"[4.400668108153182, 2.583331728252988, 4.277386505731298, 1.2627143830537833]",0.1083327878271136,0.9240050850114536,0.7967487849135514,13,18,8.791197452708817e-11,True,CONVERGENCE: NORM OF PROJECTED GRADIENT <= PGTOL,17,2.0,60,0.08,0.9,0.999,1e-08,0.05,20260725,default.qubit,2000,314159,300,1e-10,22.0,0.1256968493778696,0.9107142857142856,6.375,1.0,0.7665,0.056808915039183255,0.3468237278263387,"[4.416632232027964, 2.573522799555141, 5.794559111320613, 1.2618891444783475]",L2 distance to closest symmetry-equivalent optimal vector,3.141592653589793,1.5707963267948966
iteration,finite_difference,regular3,6,9,"[[0, 1], [0, 3], [0, 4], [1, 4], [1, 5], [2, 3], [2, 4], [2, 5], [3, 5]]",7.0,2,4,quantum_tilted_loss,Adam,"[4.525314226563329, 2.508640072545789, 6.277539181284928, 1.3863605664946994]",analytic_L-BFGS-B_parameter-shift_from_shared_initialization,"[4.400668108153182, 2.583331728252988, 4.277386505731298, 1.2627143830537833]",0.1083327878271136,0.9240050850114536,0.7967487849135514,13,18,8.791197452708817e-11,True,CONVERGENCE: NORM OF PROJECTED GRADIENT <= PGTOL,17,2.0,60,0.08,0.9,0.999,1e-08,0.05,20260725,default.qubit,2000,314159,300,1e-10,23.0,0.1290168455650354,0.9071428571428573,6.35,1.0,0.7625,0.05989303936146011,0.4804615173582504,"[4.427261549252732, 2.5583353717443287, 5.8035767735086985, 1.279006918604086]",L2 distance to closest symmetry-equivalent optimal vector,3.141592653589793,1.5707963267948966
iteration,finite_difference,regular3,6,9,"[[0, 1], [0, 3], [0, 4], [1, 4], [1, 5], [2, 3], [2, 4], [2, 5], [3, 5]]",7.0,2,4,quantum_tilted_loss,Adam,"[4.525314226563329, 2.508640072545789, 6.277539181284928, 1.3863605664946994]",analytic_L-BFGS-B_parameter-shift_from_shared_initialization,"[4.400668108153182, 2.583331728252988, 4.277386505731298, 1.2627143830537833]",0.1083327878271136,0.9240050850114536,0.7967487849135514,13,18,8.791197452708817e-11,True,CONVERGENCE: NORM OF PROJECTED GRADIENT <= PGTOL,17,2.0,60,0.08,0.9,0.999,1e-08,0.05,20260725,default.qubit,2000,314159,300,1e-10,24.0,0.1161356927148013,0.9225714285714286,6.458,1.0,0.7819999999999999,0.06642339585543083,0.4329520213902162,"[4.436798000662101, 2.5478836202531263, 5.814482428675573, 1.2894428847663075]",L2 distance to closest symmetry-equivalent optimal vector,3.141592653589793,1.5707963267948966
iteration,finite_difference,regular3,6,9,"[[0, 1], [0, 3], [0, 4], [1, 4], [1, 5], [2, 3], [2, 4], [2, 5], [3, 5]]",7.0,2,4,quantum_tilted_loss,Adam,"[4.525314226563329, 2.508640072545789, 6.277539181284928, 1.3863605664946994]",analytic_L-BFGS-B_parameter-shift_from_shared_initialization,"[4.400668108153182, 2.583331728252988, 4.277386505731298, 1.2627143830537833]",0.1083327878271136,0.9240050850114536,0.7967487849135514,13,18,8.791197452708817e-11,True,CONVERGENCE: NORM OF PROJECTED GRADIENT <= PGTOL,17,2.0,60,0.08,0.9,0.999,1e-08,0.05,20260725,default.qubit,2000,314159,300,1e-10,25.0,0.1290003664168044,0.9137142857142858,6.396000000000001,1.0,0.761,0.06891883230714344,0.518109665191803,"[4.440757695729317, 2.5431748728811465, 5.825958890455411, 1.2949037257006129]",L2 distance to closest symmetry-equivalent optimal vector,3.141592653589793,1.5707963267948966
iteration,finite_difference,regular3,6,9,"[[0, 1], [0, 3], [0, 4], [1, 4], [1, 5], [2, 3], [2, 4], [2, 5], [3, 5]]",7.0,2,4,quantum_tilted_loss,Adam,"[4.525314226563329, 2.508640072545789, 6.277539181284928, 1.3863605664946994]",analytic_L-BFGS-B_parameter-shift_from_shared_initialization,"[4.400668108153182, 2.583331728252988, 4.277386505731298, 1.2627143830537833]",0.1083327878271136,0.9240050850114536,0.7967487849135514,13,18,8.791197452708817e-11,True,CONVERGENCE: NORM OF PROJECTED GRADIENT <= PGTOL,17,2.0,60,0.08,0.9,0.999,1e-08,0.05,20260725,default.qubit,2000,314159,300,1e-10,26.0,0.1252274056532938,0.9139285714285714,6.3975,1.0,0.7690000000000001,0.06382626008840174,0.6735359016792662,"[4.436255193129559, 2.543239023412754, 5.836117241115339, 1.2951850988182478]",L2 distance to closest symmetry-equivalent optimal vector,3.141592653589793,1.5707963267948966
iteration,finite_difference,regular3,6,9,"[[0, 1], [0, 3], [0, 4], [1, 4], [1, 5], [2, 3], [2, 4], [2, 5], [3, 5]]",7.0,2,4,quantum_tilted_loss,Adam,"[4.525314226563329, 2.508640072545789, 6.277539181284928, 1.3863605664946994]",analytic_L-BFGS-B_parameter-shift_from_shared_initialization,"[4.400668108153182, 2.583331728252988, 4.277386505731298, 1.2627143830537833]",0.1083327878271136,0.9240050850114536,0.7967487849135514,13,18,8.791197452708817e-11,True,CONVERGENCE: NORM OF PROJECTED GRADIENT <= PGTOL,17,2.0,60,0.08,0.9,0.999,1e-08,0.05,20260725,default.qubit,2000,314159,300,1e-10,27.0,0.1120449718426075,0.9277857142857144,6.4945,1.0,0.7905000000000001,0.055427066825284164,0.5015751918104092,"[4.425924212762014, 2.545004555822251, 5.8473977356100475, 1.2937740094703878]",L2 distance to closest symmetry-equivalent optimal vector,3.141592653589793,1.5707963267948966
iteration,finite_difference,regular3,6,9,"[[0, 1], [0, 3], [0, 4], [1, 4], [1, 5], [2, 3], [2, 4], [2, 5], [3, 5]]",7.0,2,4,quantum_tilted_loss,Adam,"[4.525314226563329, 2.508640072545789, 6.277539181284928, 1.3863605664946994]",analytic_L-BFGS-B_parameter-shift_from_shared_initialization,"[4.400668108153182, 2.583331728252988, 4.277386505731298, 1.2627143830537833]",0.1083327878271136,0.9240050850114536,0.7967487849135514,13,18,8.791197452708817e-11,True,CONVERGENCE: NORM OF PROJECTED GRADIENT <= PGTOL,17,2.0,60,0.08,0.9,0.999,1e-08,0.05,20260725,default.qubit,2000,314159,300,1e-10,28.0,0.1091182127234516,0.9235,6.464500000000001,1.0,0.7965,0.04650071439471566,0.2999391886100327,"[4.413470392367323, 2.5487887102541777, 5.858099316684904, 1.289301244613268]",L2 distance to closest symmetry-equivalent optimal vector,3.141592653589793,1.5707963267948966
iteration,finite_difference,regular3,6,9,"[[0, 1], [0, 3], [0, 4], [1, 4], [1, 5], [2, 3], [2, 4], [2, 5], [3, 5]]",7.0,2,4,quantum_tilted_loss,Adam,"[4.525314226563329, 2.508640072545789, 6.277539181284928, 1.3863605664946994]",analytic_L-BFGS-B_parameter-shift_from_shared_initialization,"[4.400668108153182, 2.583331728252988, 4.277386505731298, 1.2627143830537833]",0.1083327878271136,0.9240050850114536,0.7967487849135514,13,18,8.791197452708817e-11,True,CONVERGENCE: NORM OF PROJECTED GRADIENT <= PGTOL,17,2.0,60,0.08,0.9,0.999,1e-08,0.05,20260725,default.qubit,2000,314159,300,1e-10,29.0,0.1190650716008687,0.9163571428571428,6.4145,1.0,0.782,0.038632339157885824,0.4051308694417694,"[4.398562524908293, 2.5567566229581464, 5.868089948681291, 1.2823484008026884]",L2 distance to closest symmetry-equivalent optimal vector,3.141592653589793,1.5707963267948966
iteration,finite_difference,regular3,6,9,"[[0, 1], [0, 3], [0, 4], [1, 4], [1, 5], [2, 3], [2, 4], [2, 5], [3, 5]]",7.0,2,4,quantum_tilted_loss,Adam,"[4.525314226563329, 2.508640072545789, 6.277539181284928, 1.3863605664946994]",analytic_L-BFGS-B_parameter-shift_from_shared_initialization,"[4.400668108153182, 2.583331728252988, 4.277386505731298, 1.2627143830537833]",0.1083327878271136,0.9240050850114536,0.7967487849135514,13,18,8.791197452708817e-11,True,CONVERGENCE: NORM OF PROJECTED GRADIENT <= PGTOL,17,2.0,60,0.08,0.9,0.999,1e-08,0.05,20260725,default.qubit,2000,314159,300,1e-10,30.0,0.1060514486126206,0.9253571428571428,6.4775,1.0,0.8029999999999999,0.03911091285957415,0.2658748764488033,"[4.3834047026456835, 2.5664228472874866, 5.8774793471032805, 1.2720654425189963]",L2 distance to closest symmetry-equivalent optimal vector,3.141592653589793,1.5707963267948966
iteration,finite_difference,regular3,6,9,"[[0, 1], [0, 3], [0, 4], [1, 4], [1, 5], [2, 3], [2, 4], [2, 5], [3, 5]]",7.0,2,4,quantum_tilted_loss,Adam,"[4.525314226563329, 2.508640072545789, 6.277539181284928, 1.3863605664946994]",analytic_L-BFGS-B_parameter-shift_from_shared_initialization,"[4.400668108153182, 2.583331728252988, 4.277386505731298, 1.2627143830537833]",0.1083327878271136,0.9240050850114536,0.7967487849135514,13,18,8.791197452708817e-11,True,CONVERGENCE: NORM OF PROJECTED GRADIENT <= PGTOL,17,2.0,60,0.08,0.9,0.999,1e-08,0.05,20260725,default.qubit,2000,314159,300,1e-10,31.0,0.1207894191658626,0.913,6.391,1.0,0.781,0.04896796297353189,0.1058785631847248,"[4.370633228812287, 2.574905547674586, 5.885894136130323, 1.2643344083907537]",L2 distance to closest symmetry-equivalent optimal vector,3.141592653589793,1.5707963267948966
iteration,finite_difference,regular3,6,9,"[[0, 1], [0, 3], [0, 4], [1, 4], [1, 5], [2, 3], [2, 4], [2, 5], [3, 5]]",7.0,2,4,quantum_tilted_loss,Adam,"[4.525314226563329, 2.508640072545789, 6.277539181284928, 1.3863605664946994]",analytic_L-BFGS-B_parameter-shift_from_shared_initialization,"[4.400668108153182, 2.583331728252988, 4.277386505731298, 1.2627143830537833]",0.1083327878271136,0.9240050850114536,0.7967487849135514,13,18,8.791197452708817e-11,True,CONVERGENCE: NORM OF PROJECTED GRADIENT <= PGTOL,17,2.0,60,0.08,0.9,0.999,1e-08,0.05,20260725,default.qubit,2000,314159,300,1e-10,32.0,0.1172936928943831,0.9118571428571428,6.382999999999999,1.0,0.7869999999999999,0.059950610089401425,0.1757609715845364,"[4.361600434228219, 2.583129033986666, 5.893328509992464, 1.257272028294108]",L2 distance to closest symmetry-equivalent optimal vector,3.141592653589793,1.5707963267948966
iteration,finite_difference,regular3,6,9,"[[0, 1], [0, 3], [0, 4], [1, 4], [1, 5], [2, 3], [2, 4], [2, 5], [3, 5]]",7.0,2,4,quantum_tilted_loss,Adam,"[4.525314226563329, 2.508640072545789, 6.277539181284928, 1.3863605664946994]",analytic_L-BFGS-B_parameter-shift_from_shared_initialization,"[4.400668108153182, 2.583331728252988, 4.277386505731298, 1.2627143830537833]",0.1083327878271136,0.9240050850114536,0.7967487849135514,13,18,8.791197452708817e-11,True,CONVERGENCE: NORM OF PROJECTED GRADIENT <= PGTOL,17,2.0,60,0.08,0.9,0.999,1e-08,0.05,20260725,default.qubit,2000,314159,300,1e-10,33.0,0.1146349268861778,0.9130714285714286,6.391500000000001,1.0,0.7915000000000001,0.06887615472979794,0.2122370986015478,"[4.355276691845101, 2.5893741361795732, 5.898487738072088, 1.2519231921845146]",L2 distance to closest symmetry-equivalent optimal vector,3.141592653589793,1.5707963267948966
iteration,finite_difference,regular3,6,9,"[[0, 1], [0, 3], [0, 4], [1, 4], [1, 5], [2, 3], [2, 4], [2, 5], [3, 5]]",7.0,2,4,quantum_tilted_loss,Adam,"[4.525314226563329, 2.508640072545789, 6.277539181284928, 1.3863605664946994]",analytic_L-BFGS-B_parameter-shift_from_shared_initialization,"[4.400668108153182, 2.583331728252988, 4.277386505731298, 1.2627143830537833]",0.1083327878271136,0.9240050850114536,0.7967487849135514,13,18,8.791197452708817e-11,True,CONVERGENCE: NORM OF PROJECTED GRADIENT <= PGTOL,17,2.0,60,0.08,0.9,0.999,1e-08,0.05,20260725,default.qubit,2000,314159,300,1e-10,34.0,0.1255261527977382,0.9065714285714284,6.345999999999999,1.0,0.7735000000000001,0.07336881343238463,0.3821227383603957,"[4.352129719992247, 2.592260103530614, 5.8998859951347935, 1.2461591799325566]",L2 distance to closest symmetry-equivalent optimal vector,3.141592653589793,1.5707963267948966
iteration,finite_difference,regular3,6,9,"[[0, 1], [0, 3], [0, 4], [1, 4], [1, 5], [2, 3], [2, 4], [2, 5], [3, 5]]",7.0,2,4,quantum_tilted_loss,Adam,"[4.525314226563329, 2.508640072545789, 6.277539181284928, 1.3863605664946994]",analytic_L-BFGS-B_parameter-shift_from_shared_initialization,"[4.400668108153182, 2.583331728252988, 4.277386505731298, 1.2627143830537833]",0.1083327878271136,0.9240050850114536,0.7967487849135514,13,18,8.791197452708817e-11,True,CONVERGENCE: NORM OF PROJECTED GRADIENT <= PGTOL,17,2.0,60,0.08,0.9,0.999,1e-08,0.05,20260725,default.qubit,2000,314159,300,1e-10,35.0,0.1279390614026299,0.905,6.335000000000001,1.0,0.77,0.07139417442351469,0.476504979996731,"[4.35338726608852, 2.5913842596923398, 5.897825906122172, 1.2444833080269428]",L2 distance to closest symmetry-equivalent optimal vector,3.141592653589793,1.5707963267948966
iteration,finite_difference,regular3,6,9,"[[0, 1], [0, 3], [0, 4], [1, 4], [1, 5], [2, 3], [2, 4], [2, 5], [3, 5]]",7.0,2,4,quantum_tilted_loss,Adam,"[4.525314226563329, 2.508640072545789, 6.277539181284928, 1.3863605664946994]",analytic_L-BFGS-B_parameter-shift_from_shared_initialization,"[4.400668108153182, 2.583331728252988, 4.277386505731298, 1.2627143830537833]",0.1083327878271136,0.9240050850114536,0.7967487849135514,13,18,8.791197452708817e-11,True,CONVERGENCE: NORM OF PROJECTED GRADIENT <= PGTOL,17,2.0,60,0.08,0.9,0.999,1e-08,0.05,20260725,default.qubit,2000,314159,300,1e-10,36.0,0.1250559407868351,0.9035714285714286,6.325,1.0,0.7745000000000001,0.06575569123149456,0.3082557148857379,"[4.357865011664487, 2.5884530864601465, 5.893871801136338, 1.2432722716003843]",L2 distance to closest symmetry-equivalent optimal vector,3.141592653589793,1.5707963267948966
iteration,finite_difference,regular3,6,9,"[[0, 1], [0, 3], [0, 4], [1, 4], [1, 5], [2, 3], [2, 4], [2, 5], [3, 5]]",7.0,2,4,quantum_tilted_loss,Adam,"[4.525314226563329, 2.508640072545789, 6.277539181284928, 1.3863605664946994]",analytic_L-BFGS-B_parameter-shift_from_shared_initialization,"[4.400668108153182, 2.583331728252988, 4.277386505731298, 1.2627143830537833]",0.1083327878271136,0.9240050850114536,0.7967487849135514,13,18,8.791197452708817e-11,True,CONVERGENCE: NORM OF PROJECTED GRADIENT <= PGTOL,17,2.0,60,0.08,0.9,0.999,1e-08,0.05,20260725,default.qubit,2000,314159,300,1e-10,37.0,0.1141748688587024,0.9149285714285716,6.4045000000000005,1.0,0.7915000000000001,0.05576397697281694,0.3659223823631733,"[4.365236264577301, 2.5835066608512567, 5.887776240384578, 1.245786978013881]",L2 distance to closest symmetry-equivalent optimal vector,3.141592653589793,1.5707963267948966
iteration,finite_difference,regular3,6,9,"[[0, 1], [0, 3], [0, 4], [1, 4], [1, 5], [2, 3], [2, 4], [2, 5], [3, 5]]",7.0,2,4,quantum_tilted_loss,Adam,"[4.525314226563329, 2.508640072545789, 6.277539181284928, 1.3863605664946994]",analytic_L-BFGS-B_parameter-shift_from_shared_initialization,"[4.400668108153182, 2.583331728252988, 4.277386505731298, 1.2627143830537833]",0.1083327878271136,0.9240050850114536,0.7967487849135514,13,18,8.791197452708817e-11,True,CONVERGENCE: NORM OF PROJECTED GRADIENT <= PGTOL,17,2.0,60,0.08,0.9,0.999,1e-08,0.05,20260725,default.qubit,2000,314159,300,1e-10,38.0,0.1046186370525903,0.9212857142857144,6.449000000000001,1.0,0.807,0.043045327963336696,0.4391787184142509,"[4.376622112915695, 2.575404634845964, 5.881812267946768, 1.2537192379232287]",L2 distance to closest symmetry-equivalent optimal vector,3.141592653589793,1.5707963267948966
iteration,finite_difference,regular3,6,9,"[[0, 1], [0, 3], [0, 4], [1, 4], [1, 5], [2, 3], [2, 4], [2, 5], [3, 5]]",7.0,2,4,quantum_tilted_loss,Adam,"[4.525314226563329, 2.508640072545789, 6.277539181284928, 1.3863605664946994]",analytic_L-BFGS-B_parameter-shift_from_shared_initialization,"[4.400668108153182, 2.583331728252988, 4.277386505731298, 1.2627143830537833]",0.1083327878271136,0.9240050850114536,0.7967487849135514,13,18,8.791197452708817e-11,True,CONVERGENCE: NORM OF PROJECTED GRADIENT <= PGTOL,17,2.0,60,0.08,0.9,0.999,1e-08,0.05,20260725,default.qubit,2000,314159,300,1e-10,39.0,0.1131855550896656,0.9176428571428572,6.4235,1.0,0.792,0.03091097935207386,0.3360418766175689,"[4.390551897491934, 2.569653523136121, 5.8739797837027785, 1.2634726317830487]",L2 distance to closest symmetry-equivalent optimal vector,3.141592653589793,1.5707963267948966
iteration,finite_difference,regular3,6,9,"[[0, 1], [0, 3], [0, 4], [1, 4], [1, 5], [2, 3], [2, 4], [2, 5], [3, 5]]",7.0,2,4,quantum_tilted_loss,Adam,"[4.525314226563329, 2.508640072545789, 6.277539181284928, 1.3863605664946994]",analytic_L-BFGS-B_parameter-shift_from_shared_initialization,"[4.400668108153182, 2.583331728252988, 4.277386505731298, 1.2627143830537833]",0.1083327878271136,0.9240050850114536,0.7967487849135514,13,18,8.791197452708817e-11,True,CONVERGENCE: NORM OF PROJECTED GRADIENT <= PGTOL,17,2.0,60,0.08,0.9,0.999,1e-08,0.05,20260725,default.qubit,2000,314159,300,1e-10,40.0,0.116605713183025,0.918,6.426,1.0,0.7839999999999999,0.02873964356471653,0.0964870529244784,"[4.402903935861195, 2.5635262985603053, 5.8660187487932305, 1.2732307147474162]",L2 distance to closest symmetry-equivalent optimal vector,3.141592653589793,1.5707963267948966
iteration,finite_difference,regular3,6,9,"[[0, 1], [0, 3], [0, 4], [1, 4], [1, 5], [2, 3], [2, 4], [2, 5], [3, 5]]",7.0,2,4,quantum_tilted_loss,Adam,"[4.525314226563329, 2.508640072545789, 6.277539181284928, 1.3863605664946994]",analytic_L-BFGS-B_parameter-shift_from_shared_initialization,"[4.400668108153182, 2.583331728252988, 4.277386505731298, 1.2627143830537833]",0.1083327878271136,0.9240050850114536,0.7967487849135514,13,18,8.791197452708817e-11,True,CONVERGENCE: NORM OF PROJECTED GRADIENT <= PGTOL,17,2.0,60,0.08,0.9,0.999,1e-08,0.05,20260725,default.qubit,2000,314159,300,1e-10,41.0,0.111064559000849,0.9230714285714284,6.461499999999999,1.0,0.793,0.03563108322579954,0.2204633930140153,"[4.414636015502483, 2.557955004528884, 5.8609124237957815, 1.2790988590986545]",L2 distance to closest symmetry-equivalent optimal vector,3.141592653589793,1.5707963267948966
iteration,finite_difference,regular3,6,9,"[[0, 1], [0, 3], [0, 4], [1, 4], [1, 5], [2, 3], [2, 4], [2, 5], [3, 5]]",7.0,2,4,quantum_tilted_loss,Adam,"[4.525314226563329, 2.508640072545789, 6.277539181284928, 1.3863605664946994]",analytic_L-BFGS-B_parameter-shift_from_shared_initialization,"[4.400668108153182, 2.583331728252988, 4.277386505731298, 1.2627143830537833]",0.1083327878271136,0.9240050850114536,0.7967487849135514,13,18,8.791197452708817e-11,True,CONVERGENCE: NORM OF PROJECTED GRADIENT <= PGTOL,17,2.0,60,0.08,0.9,0.999,1e-08,0.05,20260725,default.qubit,2000,314159,300,1e-10,42.0,0.1188754389354511,0.9186428571428572,6.4305,1.0,0.7805,0.04366921987886817,0.1271326640039387,"[4.423989286794408, 2.553289212643763, 5.855376459185029, 1.2829337396947773]",L2 distance to closest symmetry-equivalent optimal vector,3.141592653589793,1.5707963267948966
iteration,finite_difference,regular3,6,9,"[[0, 1], [0, 3], [0, 4], [1, 4], [1, 5], [2, 3], [2, 4], [2, 5], [3, 5]]",7.0,2,4,quantum_tilted_loss,Adam,"[4.525314226563329, 2.508640072545789, 6.277539181284928, 1.3863605664946994]",analytic_L-BFGS-B_parameter-shift_from_shared_initialization,"[4.400668108153182, 2.583331728252988, 4.277386505731298, 1.2627143830537833]",0.1083327878271136,0.9240050850114536,0.7967487849135514,13,18,8.791197452708817e-11,True,CONVERGENCE: NORM OF PROJECTED GRADIENT <= PGTOL,17,2.0,60,0.08,0.9,0.999,1e-08,0.05,20260725,default.qubit,2000,314159,300,1e-10,43.0,0.1129681979033192,0.923,6.461,1.0,0.7895000000000001,0.04399786443690183,0.4581709466691912,"[4.428167688269638, 2.554912687395573, 5.849379997973451, 1.2819630214488256]",L2 distance to closest symmetry-equivalent optimal vector,3.141592653589793,1.5707963267948966
iteration,finite_difference,regular3,6,9,"[[0, 1], [0, 3], [0, 4], [1, 4], [1, 5], [2, 3], [2, 4], [2, 5], [3, 5]]",7.0,2,4,quantum_tilted_loss,Adam,"[4.525314226563329, 2.508640072545789, 6.277539181284928, 1.3863605664946994]",analytic_L-BFGS-B_parameter-shift_from_shared_initialization,"[4.400668108153182, 2.583331728252988, 4.277386505731298, 1.2627143830537833]",0.1083327878271136,0.9240050850114536,0.7967487849135514,13,18,8.791197452708817e-11,True,CONVERGENCE: NORM OF PROJECTED GRADIENT <= PGTOL,17,2.0,60,0.08,0.9,0.999,1e-08,0.05,20260725,default.qubit,2000,314159,300,1e-10,44.0,0.1148757296321406,0.9202857142857144,6.442,1.0,0.7855,0.038045014681207336,0.4519428215205566,"[4.42690164820109, 2.560375977841359, 5.841743598706642, 1.2765272143893283]",L2 distance to closest symmetry-equivalent optimal vector,3.141592653589793,1.5707963267948966
iteration,finite_difference,regular3,6,9,"[[0, 1], [0, 3], [0, 4], [1, 4], [1, 5], [2, 3], [2, 4], [2, 5], [3, 5]]",7.0,2,4,quantum_tilted_loss,Adam,"[4.525314226563329, 2.508640072545789, 6.277539181284928, 1.3863605664946994]",analytic_L-BFGS-B_parameter-shift_from_shared_initialization,"[4.400668108153182, 2.583331728252988, 4.277386505731298, 1.2627143830537833]",0.1083327878271136,0.9240050850114536,0.7967487849135514,13,18,8.791197452708817e-11,True,CONVERGENCE: NORM OF PROJECTED GRADIENT <= PGTOL,17,2.0,60,0.08,0.9,0.999,1e-08,0.05,20260725,default.qubit,2000,314159,300,1e-10,45.0,0.1029856621871019,0.9277142857142858,6.494000000000001,1.0,0.8054999999999999,0.027974427085898774,0.4223214072982693,"[4.420589377713029, 2.5687203309291875, 5.835550178713669, 1.266268917595337]",L2 distance to closest symmetry-equivalent optimal vector,3.141592653589793,1.5707963267948966
iteration,finite_difference,regular3,6,9,"[[0, 1], [0, 3], [0, 4], [1, 4], [1, 5], [2, 3], [2, 4], [2, 5], [3, 5]]",7.0,2,4,quantum_tilted_loss,Adam,"[4.525314226563329, 2.508640072545789, 6.277539181284928, 1.3863605664946994]",analytic_L-BFGS-B_parameter-shift_from_shared_initialization,"[4.400668108153182, 2.583331728252988, 4.277386505731298, 1.2627143830537833]",0.1083327878271136,0.9240050850114536,0.7967487849135514,13,18,8.791197452708817e-11,True,CONVERGENCE: NORM OF PROJECTED GRADIENT <= PGTOL,17,2.0,60,0.08,0.9,0.999,1e-08,0.05,20260725,default.qubit,2000,314159,300,1e-10,46.0,0.1039584971370738,0.9285000000000002,6.499500000000001,1.0,0.803,0.022289264782575386,0.2571870215959079,"[4.412410855686511, 2.5800626306596364, 5.829981066618911, 1.2586000272478446]",L2 distance to closest symmetry-equivalent optimal vector,3.141592653589793,1.5707963267948966
iteration,finite_difference,regular3,6,9,"[[0, 1], [0, 3], [0, 4], [1, 4], [1, 5], [2, 3], [2, 4], [2, 5], [3, 5]]",7.0,2,4,quantum_tilted_loss,Adam,"[4.525314226563329, 2.508640072545789, 6.277539181284928, 1.3863605664946994]",analytic_L-BFGS-B_parameter-shift_from_shared_initialization,"[4.400668108153182, 2.583331728252988, 4.277386505731298, 1.2627143830537833]",0.1083327878271136,0.9240050850114536,0.7967487849135514,13,18,8.791197452708817e-11,True,CONVERGENCE: NORM OF PROJECTED GRADIENT <= PGTOL,17,2.0,60,0.08,0.9,0.999,1e-08,0.05,20260725,default.qubit,2000,314159,300,1e-10,47.0,0.1036373632709594,0.9272857142857144,6.4910000000000005,1.0,0.8035000000000001,0.024955739490703795,0.2222763911647379,"[4.404608646027347, 2.5919878783985433, 5.827475259831285, 1.2525394829298113]",L2 distance to closest symmetry-equivalent optimal vector,3.141592653589793,1.5707963267948966
iteration,finite_difference,regular3,6,9,"[[0, 1], [0, 3], [0, 4], [1, 4], [1, 5], [2, 3], [2, 4], [2, 5], [3, 5]]",7.0,2,4,quantum_tilted_loss,Adam,"[4.525314226563329, 2.508640072545789, 6.277539181284928, 1.3863605664946994]",analytic_L-BFGS-B_parameter-shift_from_shared_initialization,"[4.400668108153182, 2.583331728252988, 4.277386505731298, 1.2627143830537833]",0.1083327878271136,0.9240050850114536,0.7967487849135514,13,18,8.791197452708817e-11,True,CONVERGENCE: NORM OF PROJECTED GRADIENT <= PGTOL,17,2.0,60,0.08,0.9,0.999,1e-08,0.05,20260725,default.qubit,2000,314159,300,1e-10,48.0,0.1054279937570631,0.9269285714285714,6.4885,1.0,0.8005,0.03302578457750187,0.1214576988590826,"[4.39894843376256, 2.602863637719792, 5.826306410767799, 1.2476255842089714]",L2 distance to closest symmetry-equivalent optimal vector,3.141592653589793,1.5707963267948966
iteration,finite_difference,regular3,6,9,"[[0, 1], [0, 3], [0, 4], [1, 4], [1, 5], [2, 3], [2, 4], [2, 5], [3, 5]]",7.0,2,4,quantum_tilted_loss,Adam,"[4.525314226563329, 2.508640072545789, 6.277539181284928, 1.3863605664946994]",analytic_L-BFGS-B_parameter-shift_from_shared_initialization,"[4.400668108153182, 2.583331728252988, 4.277386505731298, 1.2627143830537833]",0.1083327878271136,0.9240050850114536,0.7967487849135514,13,18,8.791197452708817e-11,True,CONVERGENCE: NORM OF PROJECTED GRADIENT <= PGTOL,17,2.0,60,0.08,0.9,0.999,1e-08,0.05,20260725,default.qubit,2000,314159,300,1e-10,49.0,0.1064530796563715,0.9256428571428572,6.4795,1.0,0.7985,0.04005157389519186,0.1554100767138802,"[4.394709547149802, 2.6101835195055303, 5.825312938653883, 1.244698462787249]",L2 distance to closest symmetry-equivalent optimal vector,3.141592653589793,1.5707963267948966
iteration,finite_difference,regular3,6,9,"[[0, 1], [0, 3], [0, 4], [1, 4], [1, 5], [2, 3], [2, 4], [2, 5], [3, 5]]",7.0,2,4,quantum_tilted_loss,Adam,"[4.525314226563329, 2.508640072545789, 6.277539181284928, 1.3863605664946994]",analytic_L-BFGS-B_parameter-shift_from_shared_initialization,"[4.400668108153182, 2.583331728252988, 4.277386505731298, 1.2627143830537833]",0.1083327878271136,0.9240050850114536,0.7967487849135514,13,18,8.791197452708817e-11,True,CONVERGENCE: NORM OF PROJECTED GRADIENT <= PGTOL,17,2.0,60,0.08,0.9,0.999,1e-08,0.05,20260725,default.qubit,2000,314159,300,1e-10,50.0,0.1154361180613462,0.9259285714285715,6.4815000000000005,1.0,0.781,0.0445818880075022,0.2098480992561522,"[4.393796042954402, 2.615637133883156, 5.824121684769268, 1.2448890809832196]",L2 distance to closest symmetry-equivalent optimal vector,3.141592653589793,1.5707963267948966
iteration,finite_difference,regular3,6,9,"[[0, 1], [0, 3], [0, 4], [1, 4], [1, 5], [2, 3], [2, 4], [2, 5], [3, 5]]",7.0,2,4,quantum_tilted_loss,Adam,"[4.525314226563329, 2.508640072545789, 6.277539181284928, 1.3863605664946994]",analytic_L-BFGS-B_parameter-shift_from_shared_initialization,"[4.400668108153182, 2.583331728252988, 4.277386505731298, 1.2627143830537833]",0.1083327878271136,0.9240050850114536,0.7967487849135514,13,18,8.791197452708817e-11,True,CONVERGENCE: NORM OF PROJECTED GRADIENT <= PGTOL,17,2.0,60,0.08,0.9,0.999,1e-08,0.05,20260725,default.qubit,2000,314159,300,1e-10,51.0,0.1071237975292475,0.930357142857143,6.512500000000001,1.0,0.795,0.044697257221747506,0.2806130560599938,"[4.393886785205973, 2.618448084339686, 5.82390186261817, 1.2513506469713769]",L2 distance to closest symmetry-equivalent optimal vector,3.141592653589793,1.5707963267948966
iteration,finite_difference,regular3,6,9,"[[0, 1], [0, 3], [0, 4], [1, 4], [1, 5], [2, 3], [2, 4], [2, 5], [3, 5]]",7.0,2,4,quantum_tilted_loss,Adam,"[4.525314226563329, 2.508640072545789, 6.277539181284928, 1.3863605664946994]",analytic_L-BFGS-B_parameter-shift_from_shared_initialization,"[4.400668108153182, 2.583331728252988, 4.277386505731298, 1.2627143830537833]",0.1083327878271136,0.9240050850114536,0.7967487849135514,13,18,8.791197452708817e-11,True,CONVERGENCE: NORM OF PROJECTED GRADIENT <= PGTOL,17,2.0,60,0.08,0.9,0.999,1e-08,0.05,20260725,default.qubit,2000,314159,300,1e-10,52.0,0.1163327950199736,0.925,6.475,1.0,0.7785000000000001,0.04222392763446922,0.2232083027180732,"[4.395985150848605, 2.617610126822519, 5.824802038101336, 1.2564486173914478]",L2 distance to closest symmetry-equivalent optimal vector,3.141592653589793,1.5707963267948966
iteration,finite_difference,regular3,6,9,"[[0, 1], [0, 3], [0, 4], [1, 4], [1, 5], [2, 3], [2, 4], [2, 5], [3, 5]]",7.0,2,4,quantum_tilted_loss,Adam,"[4.525314226563329, 2.508640072545789, 6.277539181284928, 1.3863605664946994]",analytic_L-BFGS-B_parameter-shift_from_shared_initialization,"[4.400668108153182, 2.583331728252988, 4.277386505731298, 1.2627143830537833]",0.1083327878271136,0.9240050850114536,0.7967487849135514,13,18,8.791197452708817e-11,True,CONVERGENCE: NORM OF PROJECTED GRADIENT <= PGTOL,17,2.0,60,0.08,0.9,0.999,1e-08,0.05,20260725,default.qubit,2000,314159,300,1e-10,53.0,0.1119459187699108,0.9287857142857144,6.5015,1.0,0.787,0.0363221681235385,0.275904594934417,"[4.40069450778805, 2.6127482603084653, 5.826913677975563, 1.2614534679954565]",L2 distance to closest symmetry-equivalent optimal vector,3.141592653589793,1.5707963267948966
iteration,finite_difference,regular3,6,9,"[[0, 1], [0, 3], [0, 4], [1, 4], [1, 5], [2, 3], [2, 4], [2, 5], [3, 5]]",7.0,2,4,quantum_tilted_loss,Adam,"[4.525314226563329, 2.508640072545789, 6.277539181284928, 1.3863605664946994]",analytic_L-BFGS-B_parameter-shift_from_shared_initialization,"[4.400668108153182, 2.583331728252988, 4.277386505731298, 1.2627143830537833]",0.1083327878271136,0.9240050850114536,0.7967487849135514,13,18,8.791197452708817e-11,True,CONVERGENCE: NORM OF PROJECTED GRADIENT <= PGTOL,17,2.0,60,0.08,0.9,0.999,1e-08,0.05,20260725,default.qubit,2000,314159,300,1e-10,54.0,0.1149430515177178,0.9245714285714286,6.472,1.0,0.782,0.032513524988804846,0.1471133059506839,"[4.40598320201485, 2.6089530770094536, 5.828885854216569, 1.2624859088611207]",L2 distance to closest symmetry-equivalent optimal vector,3.141592653589793,1.5707963267948966
iteration,finite_difference,regular3,6,9,"[[0, 1], [0, 3], [0, 4], [1, 4], [1, 5], [2, 3], [2, 4], [2, 5], [3, 5]]",7.0,2,4,quantum_tilted_loss,Adam,"[4.525314226563329, 2.508640072545789, 6.277539181284928, 1.3863605664946994]",analytic_L-BFGS-B_parameter-shift_from_shared_initialization,"[4.400668108153182, 2.583331728252988, 4.277386505731298, 1.2627143830537833]",0.1083327878271136,0.9240050850114536,0.7967487849135514,13,18,8.791197452708817e-11,True,CONVERGENCE: NORM OF PROJECTED GRADIENT <= PGTOL,17,2.0,60,0.08,0.9,0.999,1e-08,0.05,20260725,default.qubit,2000,314159,300,1e-10,55.0,0.1105307253166014,0.9283571428571428,6.4985,1.0,0.79,0.029331917873309053,0.1170039070434458,"[4.412220184633204, 2.6044701940234214, 5.8314530825119615, 1.2622765880563738]",L2 distance to closest symmetry-equivalent optimal vector,3.141592653589793,1.5707963267948966
iteration,finite_difference,regular3,6,9,"[[0, 1], [0, 3], [0, 4], [1, 4], [1, 5], [2, 3], [2, 4], [2, 5], [3, 5]]",7.0,2,4,quantum_tilted_loss,Adam,"[4.525314226563329, 2.508640072545789, 6.277539181284928, 1.3863605664946994]",analytic_L-BFGS-B_parameter-shift_from_shared_initialization,"[4.400668108153182, 2.583331728252988, 4.277386505731298, 1.2627143830537833]",0.1083327878271136,0.9240050850114536,0.7967487849135514,13,18,8.791197452708817e-11,True,CONVERGENCE: NORM OF PROJECTED GRADIENT <= PGTOL,17,2.0,60,0.08,0.9,0.999,1e-08,0.05,20260725,default.qubit,2000,314159,300,1e-10,56.0,0.1046217363675088,0.932214285714286,6.525500000000001,1.0,0.7995,0.027944522697482193,0.1207631144804652,"[4.419280408497011, 2.5990169905152056, 5.834466303523006, 1.2632693646492814]",L2 distance to closest symmetry-equivalent optimal vector,3.141592653589793,1.5707963267948966
iteration,finite_difference,regular3,6,9,"[[0, 1], [0, 3], [0, 4], [1, 4], [1, 5], [2, 3], [2, 4], [2, 5], [3, 5]]",7.0,2,4,quantum_tilted_loss,Adam,"[4.525314226563329, 2.508640072545789, 6.277539181284928, 1.3863605664946994]",analytic_L-BFGS-B_parameter-shift_from_shared_initialization,"[4.400668108153182, 2.583331728252988, 4.277386505731298, 1.2627143830537833]",0.1083327878271136,0.9240050850114536,0.7967487849135514,13,18,8.791197452708817e-11,True,CONVERGENCE: NORM OF PROJECTED GRADIENT <= PGTOL,17,2.0,60,0.08,0.9,0.999,1e-08,0.05,20260725,default.qubit,2000,314159,300,1e-10,57.0,0.1264034044416625,0.9215714285714286,6.4510000000000005,1.0,0.763,0.031117036683518957,0.1512502395521583,"[4.426555407363749, 2.5946334395576387, 5.835824737204171, 1.2669175381953575]",L2 distance to closest symmetry-equivalent optimal vector,3.141592653589793,1.5707963267948966
iteration,finite_difference,regular3,6,9,"[[0, 1], [0, 3], [0, 4], [1, 4], [1, 5], [2, 3], [2, 4], [2, 5], [3, 5]]",7.0,2,4,quantum_tilted_loss,Adam,"[4.525314226563329, 2.508640072545789, 6.277539181284928, 1.3863605664946994]",analytic_L-BFGS-B_parameter-shift_from_shared_initialization,"[4.400668108153182, 2.583331728252988, 4.277386505731298, 1.2627143830537833]",0.1083327878271136,0.9240050850114536,0.7967487849135514,13,18,8.791197452708817e-11,True,CONVERGENCE: NORM OF PROJECTED GRADIENT <= PGTOL,17,2.0,60,0.08,0.9,0.999,1e-08,0.05,20260725,default.qubit,2000,314159,300,1e-10,58.0,0.1139391477391865,0.9273571428571428,6.4915,1.0,0.7845,0.031871604535825715,0.2986217674418778,"[4.428158764761379, 2.5917334334218958, 5.835534203867695, 1.2681445320620872]",L2 distance to closest symmetry-equivalent optimal vector,3.141592653589793,1.5707963267948966
iteration,finite_difference,regular3,6,9,"[[0, 1], [0, 3], [0, 4], [1, 4], [1, 5], [2, 3], [2, 4], [2, 5], [3, 5]]",7.0,2,4,quantum_tilted_loss,Adam,"[4.525314226563329, 2.508640072545789, 6.277539181284928, 1.3863605664946994]",analytic_L-BFGS-B_parameter-shift_from_shared_initialization,"[4.400668108153182, 2.583331728252988, 4.277386505731298, 1.2627143830537833]",0.1083327878271136,0.9240050850114536,0.7967487849135514,13,18,8.791197452708817e-11,True,CONVERGENCE: NORM OF PROJECTED GRADIENT <= PGTOL,17,2.0,60,0.08,0.9,0.999,1e-08,0.05,20260725,default.qubit,2000,314159,300,1e-10,59.0,0.1120570511366351,0.9287142857142856,6.501,1.0,0.7875000000000001,0.028344845556465676,0.2784289713110608,"[4.425124327912212, 2.5875877884568537, 5.8348468523509, 1.265773985809556]",L2 distance to closest symmetry-equivalent optimal vector,3.141592653589793,1.5707963267948966
iteration,finite_difference,regular3,6,9,"[[0, 1], [0, 3], [0, 4], [1, 4], [1, 5], [2, 3], [2, 4], [2, 5], [3, 5]]",7.0,2,4,quantum_tilted_loss,Adam,"[4.525314226563329, 2.508640072545789, 6.277539181284928, 1.3863605664946994]",analytic_L-BFGS-B_parameter-shift_from_shared_initialization,"[4.400668108153182, 2.583331728252988, 4.277386505731298, 1.2627143830537833]",0.1083327878271136,0.9240050850114536,0.7967487849135514,13,18,8.791197452708817e-11,True,CONVERGENCE: NORM OF PROJECTED GRADIENT <= PGTOL,17,2.0,60,0.08,0.9,0.999,1e-08,0.05,20260725,default.qubit,2000,314159,300,1e-10,60.0,0.0993457393429406,0.9317142857142856,6.522,1.0,0.81,0.024388584843603255,0.2015947900523214,"[4.420126478242904, 2.585208178670966, 5.833960387336828, 1.2594932200977387]",L2 distance to closest symmetry-equivalent optimal vector,3.141592653589793,1.5707963267948966
iteration,parameter_shift,regular3,6,9,"[[0, 1], [0, 3], [0, 4], [1, 4], [1, 5], [2, 3], [2, 4], [2, 5], [3, 5]]",7.0,2,4,quantum_tilted_loss,Adam,"[4.525314226563329, 2.508640072545789, 6.277539181284928, 1.3863605664946994]",analytic_L-BFGS-B_parameter-shift_from_shared_initialization,"[4.400668108153182, 2.583331728252988, 4.277386505731298, 1.2627143830537833]",0.1083327878271136,0.9240050850114536,0.7967487849135514,13,18,8.791197452708817e-11,True,CONVERGENCE: NORM OF PROJECTED GRADIENT <= PGTOL,17,2.0,60,0.08,0.9,0.999,1e-08,0.05,20260725,default.qubit,2000,314159,300,1e-10,0.0,0.8951078103686664,0.6477857142857142,4.5345,1.0,0.146,0.4698411978168108,,"[4.525314226563329, 2.508640072545789, 6.277539181284928, 1.3863605664946994]",L2 distance to closest symmetry-equivalent optimal vector,3.141592653589793,1.5707963267948966
iteration,parameter_shift,regular3,6,9,"[[0, 1], [0, 3], [0, 4], [1, 4], [1, 5], [2, 3], [2, 4], [2, 5], [3, 5]]",7.0,2,4,quantum_tilted_loss,Adam,"[4.525314226563329, 2.508640072545789, 6.277539181284928, 1.3863605664946994]",analytic_L-BFGS-B_parameter-shift_from_shared_initialization,"[4.400668108153182, 2.583331728252988, 4.277386505731298, 1.2627143830537833]",0.1083327878271136,0.9240050850114536,0.7967487849135514,13,18,8.791197452708817e-11,True,CONVERGENCE: NORM OF PROJECTED GRADIENT <= PGTOL,17,2.0,60,0.08,0.9,0.999,1e-08,0.05,20260725,default.qubit,2000,314159,300,1e-10,1.0,0.4552622152493862,0.7932857142857143,5.553,1.0,0.38,0.3871403258667644,3.1559438376659563,"[4.44531422868927, 2.428640074523559, 6.197539181544639, 1.3063605684570778]",L2 distance to closest symmetry-equivalent optimal vector,3.141592653589793,1.5707963267948966
iteration,parameter_shift,regular3,6,9,"[[0, 1], [0, 3], [0, 4], [1, 4], [1, 5], [2, 3], [2, 4], [2, 5], [3, 5]]",7.0,2,4,quantum_tilted_loss,Adam,"[4.525314226563329, 2.508640072545789, 6.277539181284928, 1.3863605664946994]",analytic_L-BFGS-B_parameter-shift_from_shared_initialization,"[4.400668108153182, 2.583331728252988, 4.277386505731298, 1.2627143830537833]",0.1083327878271136,0.9240050850114536,0.7967487849135514,13,18,8.791197452708817e-11,True,CONVERGENCE: NORM OF PROJECTED GRADIENT <= PGTOL,17,2.0,60,0.08,0.9,0.999,1e-08,0.05,20260725,default.qubit,2000,314159,300,1e-10,2.0,0.2132709597875783,0.8985000000000001,6.2895,1.0,0.6285,0.35847807363085715,2.86937056035323,"[4.373712119629672, 2.3528429541922327, 6.118974001420162, 1.2262867584013422]",L2 distance to closest symmetry-equivalent optimal vector,3.141592653589793,1.5707963267948966
iteration,parameter_shift,regular3,6,9,"[[0, 1], [0, 3], [0, 4], [1, 4], [1, 5], [2, 3], [2, 4], [2, 5], [3, 5]]",7.0,2,4,quantum_tilted_loss,Adam,"[4.525314226563329, 2.508640072545789, 6.277539181284928, 1.3863605664946994]",analytic_L-BFGS-B_parameter-shift_from_shared_initialization,"[4.400668108153182, 2.583331728252988, 4.277386505731298, 1.2627143830537833]",0.1083327878271136,0.9240050850114536,0.7967487849135514,13,18,8.791197452708817e-11,True,CONVERGENCE: NORM OF PROJECTED GRADIENT <= PGTOL,17,2.0,60,0.08,0.9,0.999,1e-08,0.05,20260725,default.qubit,2000,314159,300,1e-10,3.0,0.3034794179633807,0.8659285714285715,6.0615000000000006,1.0,0.4995,0.3743206185557046,0.8523435565225048,"[4.309977910445549, 2.2932665450290024, 6.049094588446308, 1.1767616673898316]",L2 distance to closest symmetry-equivalent optimal vector,3.141592653589793,1.5707963267948966
iteration,parameter_shift,regular3,6,9,"[[0, 1], [0, 3], [0, 4], [1, 4], [1, 5], [2, 3], [2, 4], [2, 5], [3, 5]]",7.0,2,4,quantum_tilted_loss,Adam,"[4.525314226563329, 2.508640072545789, 6.277539181284928, 1.3863605664946994]",analytic_L-BFGS-B_parameter-shift_from_shared_initialization,"[4.400668108153182, 2.583331728252988, 4.277386505731298, 1.2627143830537833]",0.1083327878271136,0.9240050850114536,0.7967487849135514,13,18,8.791197452708817e-11,True,CONVERGENCE: NORM OF PROJECTED GRADIENT <= PGTOL,17,2.0,60,0.08,0.9,0.999,1e-08,0.05,20260725,default.qubit,2000,314159,300,1e-10,4.0,0.3313424177267713,0.8439285714285714,5.9075,1.0,0.476,0.3435603189729266,2.112802803034144,"[4.3041504231024605, 2.300629346614081, 5.998863721676202, 1.184658875202758]",L2 distance to closest symmetry-equivalent optimal vector,3.141592653589793,1.5707963267948966
iteration,parameter_shift,regular3,6,9,"[[0, 1], [0, 3], [0, 4], [1, 4], [1, 5], [2, 3], [2, 4], [2, 5], [3, 5]]",7.0,2,4,quantum_tilted_loss,Adam,"[4.525314226563329, 2.508640072545789, 6.277539181284928, 1.3863605664946994]",analytic_L-BFGS-B_parameter-shift_from_shared_initialization,"[4.400668108153182, 2.583331728252988, 4.277386505731298, 1.2627143830537833]",0.1083327878271136,0.9240050850114536,0.7967487849135514,13,18,8.791197452708817e-11,True,CONVERGENCE: NORM OF PROJECTED GRADIENT <= PGTOL,17,2.0,60,0.08,0.9,0.999,1e-08,0.05,20260725,default.qubit,2000,314159,300,1e-10,5.0,0.2583646587477475,0.857857142857143,6.005000000000001,1.0,0.5715,0.2883115230469793,2.532890888958533,"[4.328629535936031, 2.333658549607594, 5.965728533884345, 1.220520895500504]",L2 distance to closest symmetry-equivalent optimal vector,3.141592653589793,1.5707963267948966
iteration,parameter_shift,regular3,6,9,"[[0, 1], [0, 3], [0, 4], [1, 4], [1, 5], [2, 3], [2, 4], [2, 5], [3, 5]]",7.0,2,4,quantum_tilted_loss,Adam,"[4.525314226563329, 2.508640072545789, 6.277539181284928, 1.3863605664946994]",analytic_L-BFGS-B_parameter-shift_from_shared_initialization,"[4.400668108153182, 2.583331728252988, 4.277386505731298, 1.2627143830537833]",0.1083327878271136,0.9240050850114536,0.7967487849135514,13,18,8.791197452708817e-11,True,CONVERGENCE: NORM OF PROJECTED GRADIENT <= PGTOL,17,2.0,60,0.08,0.9,0.999,1e-08,0.05,20260725,default.qubit,2000,314159,300,1e-10,6.0,0.1774014835806079,0.8870000000000002,6.209000000000001,1.0,0.6905,0.2299209592266247,1.727246314076403,"[4.363942673215765, 2.3771798175238468, 5.943027789646468, 1.2672656171640397]",L2 distance to closest symmetry-equivalent optimal vector,3.141592653589793,1.5707963267948966
iteration,parameter_shift,regular3,6,9,"[[0, 1], [0, 3], [0, 4], [1, 4], [1, 5], [2, 3], [2, 4], [2, 5], [3, 5]]",7.0,2,4,quantum_tilted_loss,Adam,"[4.525314226563329, 2.508640072545789, 6.277539181284928, 1.3863605664946994]",analytic_L-BFGS-B_parameter-shift_from_shared_initialization,"[4.400668108153182, 2.583331728252988, 4.277386505731298, 1.2627143830537833]",0.1083327878271136,0.9240050850114536,0.7967487849135514,13,18,8.791197452708817e-11,True,CONVERGENCE: NORM OF PROJECTED GRADIENT <= PGTOL,17,2.0,60,0.08,0.9,0.999,1e-08,0.05,20260725,default.qubit,2000,314159,300,1e-10,7.0,0.1465377742501367,0.9062142857142856,6.3435,1.0,0.7395,0.18477729629510675,0.8293014956634296,"[4.4002262156047, 2.4239404319578317, 5.925795144750934, 1.314802746567955]",L2 distance to closest symmetry-equivalent optimal vector,3.141592653589793,1.5707963267948966
iteration,parameter_shift,regular3,6,9,"[[0, 1], [0, 3], [0, 4], [1, 4], [1, 5], [2, 3], [2, 4], [2, 5], [3, 5]]",7.0,2,4,quantum_tilted_loss,Adam,"[4.525314226563329, 2.508640072545789, 6.277539181284928, 1.3863605664946994]",analytic_L-BFGS-B_parameter-shift_from_shared_initialization,"[4.400668108153182, 2.583331728252988, 4.277386505731298, 1.2627143830537833]",0.1083327878271136,0.9240050850114536,0.7967487849135514,13,18,8.791197452708817e-11,True,CONVERGENCE: NORM OF PROJECTED GRADIENT <= PGTOL,17,2.0,60,0.08,0.9,0.999,1e-08,0.05,20260725,default.qubit,2000,314159,300,1e-10,8.0,0.1595088177183099,0.9082142857142858,6.3575,1.0,0.716,0.15996196864890525,0.3870509350183445,"[4.429846767707443, 2.469548086123952, 5.910317187832762, 1.3517595508908904]",L2 distance to closest symmetry-equivalent optimal vector,3.141592653589793,1.5707963267948966
iteration,parameter_shift,regular3,6,9,"[[0, 1], [0, 3], [0, 4], [1, 4], [1, 5], [2, 3], [2, 4], [2, 5], [3, 5]]",7.0,2,4,quantum_tilted_loss,Adam,"[4.525314226563329, 2.508640072545789, 6.277539181284928, 1.3863605664946994]",analytic_L-BFGS-B_parameter-shift_from_shared_initialization,"[4.400668108153182, 2.583331728252988, 4.277386505731298, 1.2627143830537833]",0.1083327878271136,0.9240050850114536,0.7967487849135514,13,18,8.791197452708817e-11,True,CONVERGENCE: NORM OF PROJECTED GRADIENT <= PGTOL,17,2.0,60,0.08,0.9,0.999,1e-08,0.05,20260725,default.qubit,2000,314159,300,1e-10,9.0,0.1699541563938257,0.9087857142857144,6.3615,1.0,0.6954999999999999,0.14510055206475922,0.7420820633167671,"[4.4495053136455525, 2.5128185940541723, 5.894869148723604, 1.3700334557043106]",L2 distance to closest symmetry-equivalent optimal vector,3.141592653589793,1.5707963267948966
iteration,parameter_shift,regular3,6,9,"[[0, 1], [0, 3], [0, 4], [1, 4], [1, 5], [2, 3], [2, 4], [2, 5], [3, 5]]",7.0,2,4,quantum_tilted_loss,Adam,"[4.525314226563329, 2.508640072545789, 6.277539181284928, 1.3863605664946994]",analytic_L-BFGS-B_parameter-shift_from_shared_initialization,"[4.400668108153182, 2.583331728252988, 4.277386505731298, 1.2627143830537833]",0.1083327878271136,0.9240050850114536,0.7967487849135514,13,18,8.791197452708817e-11,True,CONVERGENCE: NORM OF PROJECTED GRADIENT <= PGTOL,17,2.0,60,0.08,0.9,0.999,1e-08,0.05,20260725,default.qubit,2000,314159,300,1e-10,10.0,0.1750790456868448,0.9144285714285714,6.401,1.0,0.6845000000000001,0.1289335178548178,0.990410629721366,"[4.4574921275104735, 2.5541065401618286, 5.8792966683472025, 1.3702908695740283]",L2 distance to closest symmetry-equivalent optimal vector,3.141592653589793,1.5707963267948966
iteration,parameter_shift,regular3,6,9,"[[0, 1], [0, 3], [0, 4], [1, 4], [1, 5], [2, 3], [2, 4], [2, 5], [3, 5]]",7.0,2,4,quantum_tilted_loss,Adam,"[4.525314226563329, 2.508640072545789, 6.277539181284928, 1.3863605664946994]",analytic_L-BFGS-B_parameter-shift_from_shared_initialization,"[4.400668108153182, 2.583331728252988, 4.277386505731298, 1.2627143830537833]",0.1083327878271136,0.9240050850114536,0.7967487849135514,13,18,8.791197452708817e-11,True,CONVERGENCE: NORM OF PROJECTED GRADIENT <= PGTOL,17,2.0,60,0.08,0.9,0.999,1e-08,0.05,20260725,default.qubit,2000,314159,300,1e-10,11.0,0.1467494196198,0.9313571428571428,6.519499999999999,1.0,0.7245,0.10979693566942605,0.9928310109205956,"[4.456089778356255, 2.5926868379126238, 5.863560184395541, 1.3557725612384024]",L2 distance to closest symmetry-equivalent optimal vector,3.141592653589793,1.5707963267948966
iteration,parameter_shift,regular3,6,9,"[[0, 1], [0, 3], [0, 4], [1, 4], [1, 5], [2, 3], [2, 4], [2, 5], [3, 5]]",7.0,2,4,quantum_tilted_loss,Adam,"[4.525314226563329, 2.508640072545789, 6.277539181284928, 1.3863605664946994]",analytic_L-BFGS-B_parameter-shift_from_shared_initialization,"[4.400668108153182, 2.583331728252988, 4.277386505731298, 1.2627143830537833]",0.1083327878271136,0.9240050850114536,0.7967487849135514,13,18,8.791197452708817e-11,True,CONVERGENCE: NORM OF PROJECTED GRADIENT <= PGTOL,17,2.0,60,0.08,0.9,0.999,1e-08,0.05,20260725,default.qubit,2000,314159,300,1e-10,12.0,0.1322368087297279,0.9388571428571428,6.571999999999999,1.0,0.7450000000000001,0.09481975079739458,0.7942478806025735,"[4.448226234633987, 2.6274639407217673, 5.848183084196606, 1.3318617443155332]",L2 distance to closest symmetry-equivalent optimal vector,3.141592653589793,1.5707963267948966
iteration,parameter_shift,regular3,6,9,"[[0, 1], [0, 3], [0, 4], [1, 4], [1, 5], [2, 3], [2, 4], [2, 5], [3, 5]]",7.0,2,4,quantum_tilted_loss,Adam,"[4.525314226563329, 2.508640072545789, 6.277539181284928, 1.3863605664946994]",analytic_L-BFGS-B_parameter-shift_from_shared_initialization,"[4.400668108153182, 2.583331728252988, 4.277386505731298, 1.2627143830537833]",0.1083327878271136,0.9240050850114536,0.7967487849135514,13,18,8.791197452708817e-11,True,CONVERGENCE: NORM OF PROJECTED GRADIENT <= PGTOL,17,2.0,60,0.08,0.9,0.999,1e-08,0.05,20260725,default.qubit,2000,314159,300,1e-10,13.0,0.1271620464827927,0.9405714285714284,6.584,1.0,0.7525,0.09127062081257031,0.6575059698683362,"[4.436279165650634, 2.6564817586738854, 5.833588545315736, 1.301421729096435]",L2 distance to closest symmetry-equivalent optimal vector,3.141592653589793,1.5707963267948966
iteration,parameter_shift,regular3,6,9,"[[0, 1], [0, 3], [0, 4], [1, 4], [1, 5], [2, 3], [2, 4], [2, 5], [3, 5]]",7.0,2,4,quantum_tilted_loss,Adam,"[4.525314226563329, 2.508640072545789, 6.277539181284928, 1.3863605664946994]",analytic_L-BFGS-B_parameter-shift_from_shared_initialization,"[4.400668108153182, 2.583331728252988, 4.277386505731298, 1.2627143830537833]",0.1083327878271136,0.9240050850114536,0.7967487849135514,13,18,8.791197452708817e-11,True,CONVERGENCE: NORM OF PROJECTED GRADIENT <= PGTOL,17,2.0,60,0.08,0.9,0.999,1e-08,0.05,20260725,default.qubit,2000,314159,300,1e-10,14.0,0.1415873469165617,0.9356428571428572,6.5495,1.0,0.727,0.10096093034220537,0.4867711965282046,"[4.422590776852437, 2.6777265303166544, 5.820519086664052, 1.2687843551214604]",L2 distance to closest symmetry-equivalent optimal vector,3.141592653589793,1.5707963267948966
iteration,parameter_shift,regular3,6,9,"[[0, 1], [0, 3], [0, 4], [1, 4], [1, 5], [2, 3], [2, 4], [2, 5], [3, 5]]",7.0,2,4,quantum_tilted_loss,Adam,"[4.525314226563329, 2.508640072545789, 6.277539181284928, 1.3863605664946994]",analytic_L-BFGS-B_parameter-shift_from_shared_initialization,"[4.400668108153182, 2.583331728252988, 4.277386505731298, 1.2627143830537833]",0.1083327878271136,0.9240050850114536,0.7967487849135514,13,18,8.791197452708817e-11,True,CONVERGENCE: NORM OF PROJECTED GRADIENT <= PGTOL,17,2.0,60,0.08,0.9,0.999,1e-08,0.05,20260725,default.qubit,2000,314159,300,1e-10,15.0,0.1526625526546457,0.9238571428571428,6.4670000000000005,1.0,0.711,0.11597121005939534,0.5121306613945326,"[4.41058021359371, 2.6891268671964026, 5.808930609276555, 1.2378603436581377]",L2 distance to closest symmetry-equivalent optimal vector,3.141592653589793,1.5707963267948966
iteration,parameter_shift,regular3,6,9,"[[0, 1], [0, 3], [0, 4], [1, 4], [1, 5], [2, 3], [2, 4], [2, 5], [3, 5]]",7.0,2,4,quantum_tilted_loss,Adam,"[4.525314226563329, 2.508640072545789, 6.277539181284928, 1.3863605664946994]",analytic_L-BFGS-B_parameter-shift_from_shared_initialization,"[4.400668108153182, 2.583331728252988, 4.277386505731298, 1.2627143830537833]",0.1083327878271136,0.9240050850114536,0.7967487849135514,13,18,8.791197452708817e-11,True,CONVERGENCE: NORM OF PROJECTED GRADIENT <= PGTOL,17,2.0,60,0.08,0.9,0.999,1e-08,0.05,20260725,default.qubit,2000,314159,300,1e-10,16.0,0.1631518289447371,0.9193571428571428,6.4355,1.0,0.6950000000000001,0.12792736995021523,0.6320803455737553,"[4.401114597990858, 2.6905657842452957, 5.799094091757896, 1.2131526498877057]",L2 distance to closest symmetry-equivalent optimal vector,3.141592653589793,1.5707963267948966
iteration,parameter_shift,regular3,6,9,"[[0, 1], [0, 3], [0, 4], [1, 4], [1, 5], [2, 3], [2, 4], [2, 5], [3, 5]]",7.0,2,4,quantum_tilted_loss,Adam,"[4.525314226563329, 2.508640072545789, 6.277539181284928, 1.3863605664946994]",analytic_L-BFGS-B_parameter-shift_from_shared_initialization,"[4.400668108153182, 2.583331728252988, 4.277386505731298, 1.2627143830537833]",0.1083327878271136,0.9240050850114536,0.7967487849135514,13,18,8.791197452708817e-11,True,CONVERGENCE: NORM OF PROJECTED GRADIENT <= PGTOL,17,2.0,60,0.08,0.9,0.999,1e-08,0.05,20260725,default.qubit,2000,314159,300,1e-10,17.0,0.1516778985685286,0.9195714285714284,6.436999999999999,1.0,0.7154999999999999,0.13165933465353663,0.7998715234918936,"[4.396082930350352, 2.6824674549097125, 5.79134453286124, 1.1974865367198098]",L2 distance to closest symmetry-equivalent optimal vector,3.141592653589793,1.5707963267948966
iteration,parameter_shift,regular3,6,9,"[[0, 1], [0, 3], [0, 4], [1, 4], [1, 5], [2, 3], [2, 4], [2, 5], [3, 5]]",7.0,2,4,quantum_tilted_loss,Adam,"[4.525314226563329, 2.508640072545789, 6.277539181284928, 1.3863605664946994]",analytic_L-BFGS-B_parameter-shift_from_shared_initialization,"[4.400668108153182, 2.583331728252988, 4.277386505731298, 1.2627143830537833]",0.1083327878271136,0.9240050850114536,0.7967487849135514,13,18,8.791197452708817e-11,True,CONVERGENCE: NORM OF PROJECTED GRADIENT <= PGTOL,17,2.0,60,0.08,0.9,0.999,1e-08,0.05,20260725,default.qubit,2000,314159,300,1e-10,18.0,0.1520618187257581,0.9115,6.3805000000000005,1.0,0.7185,0.12597881908524866,0.8225601042544116,"[4.395134094449337, 2.6667929181028707, 5.785653878433384, 1.1922559042216334]",L2 distance to closest symmetry-equivalent optimal vector,3.141592653589793,1.5707963267948966
iteration,parameter_shift,regular3,6,9,"[[0, 1], [0, 3], [0, 4], [1, 4], [1, 5], [2, 3], [2, 4], [2, 5], [3, 5]]",7.0,2,4,quantum_tilted_loss,Adam,"[4.525314226563329, 2.508640072545789, 6.277539181284928, 1.3863605664946994]",analytic_L-BFGS-B_parameter-shift_from_shared_initialization,"[4.400668108153182, 2.583331728252988, 4.277386505731298, 1.2627143830537833]",0.1083327878271136,0.9240050850114536,0.7967487849135514,13,18,8.791197452708817e-11,True,CONVERGENCE: NORM OF PROJECTED GRADIENT <= PGTOL,17,2.0,60,0.08,0.9,0.999,1e-08,0.05,20260725,default.qubit,2000,314159,300,1e-10,19.0,0.1373924317712171,0.9144285714285714,6.401,1.0,0.7424999999999999,0.11262173890845614,0.7627292504963733,"[4.398065031134942, 2.646183147703293, 5.781772886383216, 1.197015842802343]",L2 distance to closest symmetry-equivalent optimal vector,3.141592653589793,1.5707963267948966
iteration,parameter_shift,regular3,6,9,"[[0, 1], [0, 3], [0, 4], [1, 4], [1, 5], [2, 3], [2, 4], [2, 5], [3, 5]]",7.0,2,4,quantum_tilted_loss,Adam,"[4.525314226563329, 2.508640072545789, 6.277539181284928, 1.3863605664946994]",analytic_L-BFGS-B_parameter-shift_from_shared_initialization,"[4.400668108153182, 2.583331728252988, 4.277386505731298, 1.2627143830537833]",0.1083327878271136,0.9240050850114536,0.7967487849135514,13,18,8.791197452708817e-11,True,CONVERGENCE: NORM OF PROJECTED GRADIENT <= PGTOL,17,2.0,60,0.08,0.9,0.999,1e-08,0.05,20260725,default.qubit,2000,314159,300,1e-10,20.0,0.1381908259938435,0.911642857142857,6.381499999999999,1.0,0.742,0.0951517280204767,0.6530422383753954,"[4.404605892363065, 2.6231435783097283, 5.780394935304381, 1.2092525949607569]",L2 distance to closest symmetry-equivalent optimal vector,3.141592653589793,1.5707963267948966
iteration,parameter_shift,regular3,6,9,"[[0, 1], [0, 3], [0, 4], [1, 4], [1, 5], [2, 3], [2, 4], [2, 5], [3, 5]]",7.0,2,4,quantum_tilted_loss,Adam,"[4.525314226563329, 2.508640072545789, 6.277539181284928, 1.3863605664946994]",analytic_L-BFGS-B_parameter-shift_from_shared_initialization,"[4.400668108153182, 2.583331728252988, 4.277386505731298, 1.2627143830537833]",0.1083327878271136,0.9240050850114536,0.7967487849135514,13,18,8.791197452708817e-11,True,CONVERGENCE: NORM OF PROJECTED GRADIENT <= PGTOL,17,2.0,60,0.08,0.9,0.999,1e-08,0.05,20260725,default.qubit,2000,314159,300,1e-10,21.0,0.1238289014247351,0.9161428571428571,6.413,1.0,0.7675,0.0788008900332188,0.4704108144217849,"[4.413108489277863, 2.600718403664586, 5.781607503797585, 1.2263791892286569]",L2 distance to closest symmetry-equivalent optimal vector,3.141592653589793,1.5707963267948966
iteration,parameter_shift,regular3,6,9,"[[0, 1], [0, 3], [0, 4], [1, 4], [1, 5], [2, 3], [2, 4], [2, 5], [3, 5]]",7.0,2,4,quantum_tilted_loss,Adam,"[4.525314226563329, 2.508640072545789, 6.277539181284928, 1.3863605664946994]",analytic_L-BFGS-B_parameter-shift_from_shared_initialization,"[4.400668108153182, 2.583331728252988, 4.277386505731298, 1.2627143830537833]",0.1083327878271136,0.9240050850114536,0.7967487849135514,13,18,8.791197452708817e-11,True,CONVERGENCE: NORM OF PROJECTED GRADIENT <= PGTOL,17,2.0,60,0.08,0.9,0.999,1e-08,0.05,20260725,default.qubit,2000,314159,300,1e-10,22.0,0.1188586611296187,0.9133571428571432,6.393500000000001,1.0,0.7785000000000001,0.06862137809789405,0.3196730646227229,"[4.421524098917138, 2.5808785661462723, 5.785115622533839, 1.2456723702393813]",L2 distance to closest symmetry-equivalent optimal vector,3.141592653589793,1.5707963267948966
iteration,parameter_shift,regular3,6,9,"[[0, 1], [0, 3], [0, 4], [1, 4], [1, 5], [2, 3], [2, 4], [2, 5], [3, 5]]",7.0,2,4,quantum_tilted_loss,Adam,"[4.525314226563329, 2.508640072545789, 6.277539181284928, 1.3863605664946994]",analytic_L-BFGS-B_parameter-shift_from_shared_initialization,"[4.400668108153182, 2.583331728252988, 4.277386505731298, 1.2627143830537833]",0.1083327878271136,0.9240050850114536,0.7967487849135514,13,18,8.791197452708817e-11,True,CONVERGENCE: NORM OF PROJECTED GRADIENT <= PGTOL,17,2.0,60,0.08,0.9,0.999,1e-08,0.05,20260725,default.qubit,2000,314159,300,1e-10,23.0,0.1207785508309547,0.9071428571428573,6.35,1.0,0.7775000000000001,0.06557954542344457,0.3816900367768696,"[4.428435958682021, 2.5655474826516285, 5.791536332440877, 1.2648399162641542]",L2 distance to closest symmetry-equivalent optimal vector,3.141592653589793,1.5707963267948966
iteration,parameter_shift,regular3,6,9,"[[0, 1], [0, 3], [0, 4], [1, 4], [1, 5], [2, 3], [2, 4], [2, 5], [3, 5]]",7.0,2,4,quantum_tilted_loss,Adam,"[4.525314226563329, 2.508640072545789, 6.277539181284928, 1.3863605664946994]",analytic_L-BFGS-B_parameter-shift_from_shared_initialization,"[4.400668108153182, 2.583331728252988, 4.277386505731298, 1.2627143830537833]",0.1083327878271136,0.9240050850114536,0.7967487849135514,13,18,8.791197452708817e-11,True,CONVERGENCE: NORM OF PROJECTED GRADIENT <= PGTOL,17,2.0,60,0.08,0.9,0.999,1e-08,0.05,20260725,default.qubit,2000,314159,300,1e-10,24.0,0.1156048045023774,0.9174285714285714,6.422,1.0,0.7845,0.06675587937646947,0.3954530098077209,"[4.432851927105664, 2.5548669033317015, 5.800238247309946, 1.2803671369353185]",L2 distance to closest symmetry-equivalent optimal vector,3.141592653589793,1.5707963267948966
iteration,parameter_shift,regular3,6,9,"[[0, 1], [0, 3], [0, 4], [1, 4], [1, 5], [2, 3], [2, 4], [2, 5], [3, 5]]",7.0,2,4,quantum_tilted_loss,Adam,"[4.525314226563329, 2.508640072545789, 6.277539181284928, 1.3863605664946994]",analytic_L-BFGS-B_parameter-shift_from_shared_initialization,"[4.400668108153182, 2.583331728252988, 4.277386505731298, 1.2627143830537833]",0.1083327878271136,0.9240050850114536,0.7967487849135514,13,18,8.791197452708817e-11,True,CONVERGENCE: NORM OF PROJECTED GRADIENT <= PGTOL,17,2.0,60,0.08,0.9,0.999,1e-08,0.05,20260725,default.qubit,2000,314159,300,1e-10,25.0,0.1222765498683926,0.9187142857142856,6.430999999999999,1.0,0.7715000000000001,0.0664807229375349,0.4969591696034944,"[4.433590623955673, 2.5497018212553932, 5.810749227551313, 1.2910613237961233]",L2 distance to closest symmetry-equivalent optimal vector,3.141592653589793,1.5707963267948966
iteration,parameter_shift,regular3,6,9,"[[0, 1], [0, 3], [0, 4], [1, 4], [1, 5], [2, 3], [2, 4], [2, 5], [3, 5]]",7.0,2,4,quantum_tilted_loss,Adam,"[4.525314226563329, 2.508640072545789, 6.277539181284928, 1.3863605664946994]",analytic_L-BFGS-B_parameter-shift_from_shared_initialization,"[4.400668108153182, 2.583331728252988, 4.277386505731298, 1.2627143830537833]",0.1083327878271136,0.9240050850114536,0.7967487849135514,13,18,8.791197452708817e-11,True,CONVERGENCE: NORM OF PROJECTED GRADIENT <= PGTOL,17,2.0,60,0.08,0.9,0.999,1e-08,0.05,20260725,default.qubit,2000,314159,300,1e-10,26.0,0.1264071526604998,0.9117857142857144,6.3825,1.0,0.766,0.06220910588601654,0.4898816210335871,"[4.430173946655187, 2.548989026616939, 5.822071683427688, 1.2964510854196654]",L2 distance to closest symmetry-equivalent optimal vector,3.141592653589793,1.5707963267948966
iteration,parameter_shift,regular3,6,9,"[[0, 1], [0, 3], [0, 4], [1, 4], [1, 5], [2, 3], [2, 4], [2, 5], [3, 5]]",7.0,2,4,quantum_tilted_loss,Adam,"[4.525314226563329, 2.508640072545789, 6.277539181284928, 1.3863605664946994]",analytic_L-BFGS-B_parameter-shift_from_shared_initialization,"[4.400668108153182, 2.583331728252988, 4.277386505731298, 1.2627143830537833]",0.1083327878271136,0.9240050850114536,0.7967487849135514,13,18,8.791197452708817e-11,True,CONVERGENCE: NORM OF PROJECTED GRADIENT <= PGTOL,17,2.0,60,0.08,0.9,0.999,1e-08,0.05,20260725,default.qubit,2000,314159,300,1e-10,27.0,0.1255968024837495,0.9138571428571428,6.397,1.0,0.768,0.05390909234694468,0.4579897326984314,"[4.4230933169393145, 2.5512346074102443, 5.834557390539463, 1.2971733791628157]",L2 distance to closest symmetry-equivalent optimal vector,3.141592653589793,1.5707963267948966
iteration,parameter_shift,regular3,6,9,"[[0, 1], [0, 3], [0, 4], [1, 4], [1, 5], [2, 3], [2, 4], [2, 5], [3, 5]]",7.0,2,4,quantum_tilted_loss,Adam,"[4.525314226563329, 2.508640072545789, 6.277539181284928, 1.3863605664946994]",analytic_L-BFGS-B_parameter-shift_from_shared_initialization,"[4.400668108153182, 2.583331728252988, 4.277386505731298, 1.2627143830537833]",0.1083327878271136,0.9240050850114536,0.7967487849135514,13,18,8.791197452708817e-11,True,CONVERGENCE: NORM OF PROJECTED GRADIENT <= PGTOL,17,2.0,60,0.08,0.9,0.999,1e-08,0.05,20260725,default.qubit,2000,314159,300,1e-10,28.0,0.1147277184141741,0.9239285714285714,6.4675,1.0,0.7855000000000001,0.042593106332289146,0.4161358301868234,"[4.413260434092478, 2.5559831159088615, 5.847246713889025, 1.29282722282721]",L2 distance to closest symmetry-equivalent optimal vector,3.141592653589793,1.5707963267948966
iteration,parameter_shift,regular3,6,9,"[[0, 1], [0, 3], [0, 4], [1, 4], [1, 5], [2, 3], [2, 4], [2, 5], [3, 5]]",7.0,2,4,quantum_tilted_loss,Adam,"[4.525314226563329, 2.508640072545789, 6.277539181284928, 1.3863605664946994]",analytic_L-BFGS-B_parameter-shift_from_shared_initialization,"[4.400668108153182, 2.583331728252988, 4.277386505731298, 1.2627143830537833]",0.1083327878271136,0.9240050850114536,0.7967487849135514,13,18,8.791197452708817e-11,True,CONVERGENCE: NORM OF PROJECTED GRADIENT <= PGTOL,17,2.0,60,0.08,0.9,0.999,1e-08,0.05,20260725,default.qubit,2000,314159,300,1e-10,29.0,0.1116548680334313,0.920357142857143,6.442500000000001,1.0,0.793,0.03310180181123197,0.2596241298161897,"[4.402339887764998, 2.5616931095901694, 5.859318491778183, 1.2850907480728904]",L2 distance to closest symmetry-equivalent optimal vector,3.141592653589793,1.5707963267948966
iteration,parameter_shift,regular3,6,9,"[[0, 1], [0, 3], [0, 4], [1, 4], [1, 5], [2, 3], [2, 4], [2, 5], [3, 5]]",7.0,2,4,quantum_tilted_loss,Adam,"[4.525314226563329, 2.508640072545789, 6.277539181284928, 1.3863605664946994]",analytic_L-BFGS-B_parameter-shift_from_shared_initialization,"[4.400668108153182, 2.583331728252988, 4.277386505731298, 1.2627143830537833]",0.1083327878271136,0.9240050850114536,0.7967487849135514,13,18,8.791197452708817e-11,True,CONVERGENCE: NORM OF PROJECTED GRADIENT <= PGTOL,17,2.0,60,0.08,0.9,0.999,1e-08,0.05,20260725,default.qubit,2000,314159,300,1e-10,30.0,0.1183991266822977,0.9169285714285714,6.4185,1.0,0.7825,0.031109740025126602,0.2010296285021073,"[4.390885411709203, 2.56784679147144, 5.8701706771110125, 1.2749154566992151]",L2 distance to closest symmetry-equivalent optimal vector,3.141592653589793,1.5707963267948966
iteration,parameter_shift,regular3,6,9,"[[0, 1], [0, 3], [0, 4], [1, 4], [1, 5], [2, 3], [2, 4], [2, 5], [3, 5]]",7.0,2,4,quantum_tilted_loss,Adam,"[4.525314226563329, 2.508640072545789, 6.277539181284928, 1.3863605664946994]",analytic_L-BFGS-B_parameter-shift_from_shared_initialization,"[4.400668108153182, 2.583331728252988, 4.277386505731298, 1.2627143830537833]",0.1083327878271136,0.9240050850114536,0.7967487849135514,13,18,8.791197452708817e-11,True,CONVERGENCE: NORM OF PROJECTED GRADIENT <= PGTOL,17,2.0,60,0.08,0.9,0.999,1e-08,0.05,20260725,default.qubit,2000,314159,300,1e-10,31.0,0.1032178074442473,0.9257142857142858,6.48,1.0,0.8079999999999999,0.03864239336237366,0.0609294035766163,"[4.3803907800826885, 2.5736162558219546, 5.879534446256263, 1.264893934167295]",L2 distance to closest symmetry-equivalent optimal vector,3.141592653589793,1.5707963267948966
iteration,parameter_shift,regular3,6,9,"[[0, 1], [0, 3], [0, 4], [1, 4], [1, 5], [2, 3], [2, 4], [2, 5], [3, 5]]",7.0,2,4,quantum_tilted_loss,Adam,"[4.525314226563329, 2.508640072545789, 6.277539181284928, 1.3863605664946994]",analytic_L-BFGS-B_parameter-shift_from_shared_initialization,"[4.400668108153182, 2.583331728252988, 4.277386505731298, 1.2627143830537833]",0.1083327878271136,0.9240050850114536,0.7967487849135514,13,18,8.791197452708817e-11,True,CONVERGENCE: NORM OF PROJECTED GRADIENT <= PGTOL,17,2.0,60,0.08,0.9,0.999,1e-08,0.05,20260725,default.qubit,2000,314159,300,1e-10,32.0,0.1093401380937794,0.9182857142857144,6.428,1.0,0.7989999999999999,0.04879463797893085,0.1346993780396241,"[4.372298197074358, 2.579194701427954, 5.887082847141959, 1.2559513428486078]",L2 distance to closest symmetry-equivalent optimal vector,3.141592653589793,1.5707963267948966
iteration,parameter_shift,regular3,6,9,"[[0, 1], [0, 3], [0, 4], [1, 4], [1, 5], [2, 3], [2, 4], [2, 5], [3, 5]]",7.0,2,4,quantum_tilted_loss,Adam,"[4.525314226563329, 2.508640072545789, 6.277539181284928, 1.3863605664946994]",analytic_L-BFGS-B_parameter-shift_from_shared_initialization,"[4.400668108153182, 2.583331728252988, 4.277386505731298, 1.2627143830537833]",0.1083327878271136,0.9240050850114536,0.7967487849135514,13,18,8.791197452708817e-11,True,CONVERGENCE: NORM OF PROJECTED GRADIENT <= PGTOL,17,2.0,60,0.08,0.9,0.999,1e-08,0.05,20260725,default.qubit,2000,314159,300,1e-10,33.0,0.1151436450160151,0.9142857142857144,6.4,1.0,0.7905,0.056809678597689435,0.2535060046526249,"[4.366982025546316, 2.5828339751586316, 5.892101471679617, 1.2499279528348106]",L2 distance to closest symmetry-equivalent optimal vector,3.141592653589793,1.5707963267948966
iteration,parameter_shift,regular3,6,9,"[[0, 1], [0, 3], [0, 4], [1, 4], [1, 5], [2, 3], [2, 4], [2, 5], [3, 5]]",7.0,2,4,quantum_tilted_loss,Adam,"[4.525314226563329, 2.508640072545789, 6.277539181284928, 1.3863605664946994]",analytic_L-BFGS-B_parameter-shift_from_shared_initialization,"[4.400668108153182, 2.583331728252988, 4.277386505731298, 1.2627143830537833]",0.1083327878271136,0.9240050850114536,0.7967487849135514,13,18,8.791197452708817e-11,True,CONVERGENCE: NORM OF PROJECTED GRADIENT <= PGTOL,17,2.0,60,0.08,0.9,0.999,1e-08,0.05,20260725,default.qubit,2000,314159,300,1e-10,34.0,0.1167379615897856,0.9164285714285716,6.415000000000001,1.0,0.7870000000000001,0.06054043140944045,0.3115753956632158,"[4.365354638952612, 2.5846693535407654, 5.894572859566629, 1.2464577266312962]",L2 distance to closest symmetry-equivalent optimal vector,3.141592653589793,1.5707963267948966
iteration,parameter_shift,regular3,6,9,"[[0, 1], [0, 3], [0, 4], [1, 4], [1, 5], [2, 3], [2, 4], [2, 5], [3, 5]]",7.0,2,4,quantum_tilted_loss,Adam,"[4.525314226563329, 2.508640072545789, 6.277539181284928, 1.3863605664946994]",analytic_L-BFGS-B_parameter-shift_from_shared_initialization,"[4.400668108153182, 2.583331728252988, 4.277386505731298, 1.2627143830537833]",0.1083327878271136,0.9240050850114536,0.7967487849135514,13,18,8.791197452708817e-11,True,CONVERGENCE: NORM OF PROJECTED GRADIENT <= PGTOL,17,2.0,60,0.08,0.9,0.999,1e-08,0.05,20260725,default.qubit,2000,314159,300,1e-10,35.0,0.1161935212760174,0.9155714285714288,6.409000000000001,1.0,0.788,0.06013148326264599,0.3217526819754425,"[4.366586836211368, 2.583740524919586, 5.894694029709296, 1.2456614183826773]",L2 distance to closest symmetry-equivalent optimal vector,3.141592653589793,1.5707963267948966
iteration,parameter_shift,regular3,6,9,"[[0, 1], [0, 3], [0, 4], [1, 4], [1, 5], [2, 3], [2, 4], [2, 5], [3, 5]]",7.0,2,4,quantum_tilted_loss,Adam,"[4.525314226563329, 2.508640072545789, 6.277539181284928, 1.3863605664946994]",analytic_L-BFGS-B_parameter-shift_from_shared_initialization,"[4.400668108153182, 2.583331728252988, 4.277386505731298, 1.2627143830537833]",0.1083327878271136,0.9240050850114536,0.7967487849135514,13,18,8.791197452708817e-11,True,CONVERGENCE: NORM OF PROJECTED GRADIENT <= PGTOL,17,2.0,60,0.08,0.9,0.999,1e-08,0.05,20260725,default.qubit,2000,314159,300,1e-10,36.0,0.1144981703178875,0.9175,6.422499999999999,1.0,0.791,0.056103932179580825,0.2920360239421986,"[4.369964397697687, 2.5810935383879205, 5.89264827929818, 1.2477896411876148]",L2 distance to closest symmetry-equivalent optimal vector,3.141592653589793,1.5707963267948966
iteration,parameter_shift,regular3,6,9,"[[0, 1], [0, 3], [0, 4], [1, 4], [1, 5], [2, 3], [2, 4], [2, 5], [3, 5]]",7.0,2,4,quantum_tilted_loss,Adam,"[4.525314226563329, 2.508640072545789, 6.277539181284928, 1.3863605664946994]",analytic_L-BFGS-B_parameter-shift_from_shared_initialization,"[4.400668108153182, 2.583331728252988, 4.277386505731298, 1.2627143830537833]",0.1083327878271136,0.9240050850114536,0.7967487849135514,13,18,8.791197452708817e-11,True,CONVERGENCE: NORM OF PROJECTED GRADIENT <= PGTOL,17,2.0,60,0.08,0.9,0.999,1e-08,0.05,20260725,default.qubit,2000,314159,300,1e-10,37.0,0.1276975443893194,0.9094285714285716,6.3660000000000005,1.0,0.7685,0.04969249378649075,0.2450804913665569,"[4.374979835658283, 2.577311451677242, 5.888990912404934, 1.2523262416651562]",L2 distance to closest symmetry-equivalent optimal vector,3.141592653589793,1.5707963267948966
iteration,parameter_shift,regular3,6,9,"[[0, 1], [0, 3], [0, 4], [1, 4], [1, 5], [2, 3], [2, 4], [2, 5], [3, 5]]",7.0,2,4,quantum_tilted_loss,Adam,"[4.525314226563329, 2.508640072545789, 6.277539181284928, 1.3863605664946994]",analytic_L-BFGS-B_parameter-shift_from_shared_initialization,"[4.400668108153182, 2.583331728252988, 4.277386505731298, 1.2627143830537833]",0.1083327878271136,0.9240050850114536,0.7967487849135514,13,18,8.791197452708817e-11,True,CONVERGENCE: NORM OF PROJECTED GRADIENT <= PGTOL,17,2.0,60,0.08,0.9,0.999,1e-08,0.05,20260725,default.qubit,2000,314159,300,1e-10,38.0,0.1089836408388517,0.916642857142857,6.416499999999999,1.0,0.7999999999999999,0.04158762325485768,0.2572222957237429,"[4.3814528736342115, 2.5727494265847337, 5.883185518319831, 1.2579048041737808]",L2 distance to closest symmetry-equivalent optimal vector,3.141592653589793,1.5707963267948966
iteration,parameter_shift,regular3,6,9,"[[0, 1], [0, 3], [0, 4], [1, 4], [1, 5], [2, 3], [2, 4], [2, 5], [3, 5]]",7.0,2,4,quantum_tilted_loss,Adam,"[4.525314226563329, 2.508640072545789, 6.277539181284928, 1.3863605664946994]",analytic_L-BFGS-B_parameter-shift_from_shared_initialization,"[4.400668108153182, 2.583331728252988, 4.277386505731298, 1.2627143830537833]",0.1083327878271136,0.9240050850114536,0.7967487849135514,13,18,8.791197452708817e-11,True,CONVERGENCE: NORM OF PROJECTED GRADIENT <= PGTOL,17,2.0,60,0.08,0.9,0.999,1e-08,0.05,20260725,default.qubit,2000,314159,300,1e-10,39.0,0.1029993110218135,0.9262142857142855,6.483499999999999,1.0,0.808,0.03410974442877555,0.2354587008435852,"[4.3893013116672615, 2.56771648325922, 5.876133055297502, 1.2657507910406858]",L2 distance to closest symmetry-equivalent optimal vector,3.141592653589793,1.5707963267948966
iteration,parameter_shift,regular3,6,9,"[[0, 1], [0, 3], [0, 4], [1, 4], [1, 5], [2, 3], [2, 4], [2, 5], [3, 5]]",7.0,2,4,quantum_tilted_loss,Adam,"[4.525314226563329, 2.508640072545789, 6.277539181284928, 1.3863605664946994]",analytic_L-BFGS-B_parameter-shift_from_shared_initialization,"[4.400668108153182, 2.583331728252988, 4.277386505731298, 1.2627143830537833]",0.1083327878271136,0.9240050850114536,0.7967487849135514,13,18,8.791197452708817e-11,True,CONVERGENCE: NORM OF PROJECTED GRADIENT <= PGTOL,17,2.0,60,0.08,0.9,0.999,1e-08,0.05,20260725,default.qubit,2000,314159,300,1e-10,40.0,0.1102611844564621,0.9195,6.4365000000000006,1.0,0.7965000000000002,0.03118328104267193,0.12682676985239,"[4.396698899669437, 2.562723733738104, 5.868314547371106, 1.27396902743184]",L2 distance to closest symmetry-equivalent optimal vector,3.141592653589793,1.5707963267948966
iteration,parameter_shift,regular3,6,9,"[[0, 1], [0, 3], [0, 4], [1, 4], [1, 5], [2, 3], [2, 4], [2, 5], [3, 5]]",7.0,2,4,quantum_tilted_loss,Adam,"[4.525314226563329, 2.508640072545789, 6.277539181284928, 1.3863605664946994]",analytic_L-BFGS-B_parameter-shift_from_shared_initialization,"[4.400668108153182, 2.583331728252988, 4.277386505731298, 1.2627143830537833]",0.1083327878271136,0.9240050850114536,0.7967487849135514,13,18,8.791197452708817e-11,True,CONVERGENCE: NORM OF PROJECTED GRADIENT <= PGTOL,17,2.0,60,0.08,0.9,0.999,1e-08,0.05,20260725,default.qubit,2000,314159,300,1e-10,41.0,0.1169916839463117,0.9162857142857144,6.414,1.0,0.7839999999999999,0.03284164391736665,0.0794712278342348,"[4.403118655444797, 2.5586153222855006, 5.860567050857142, 1.2802728227779852]",L2 distance to closest symmetry-equivalent optimal vector,3.141592653589793,1.5707963267948966
iteration,parameter_shift,regular3,6,9,"[[0, 1], [0, 3], [0, 4], [1, 4], [1, 5], [2, 3], [2, 4], [2, 5], [3, 5]]",7.0,2,4,quantum_tilted_loss,Adam,"[4.525314226563329, 2.508640072545789, 6.277539181284928, 1.3863605664946994]",analytic_L-BFGS-B_parameter-shift_from_shared_initialization,"[4.400668108153182, 2.583331728252988, 4.277386505731298, 1.2627143830537833]",0.1083327878271136,0.9240050850114536,0.7967487849135514,13,18,8.791197452708817e-11,True,CONVERGENCE: NORM OF PROJECTED GRADIENT <= PGTOL,17,2.0,60,0.08,0.9,0.999,1e-08,0.05,20260725,default.qubit,2000,314159,300,1e-10,42.0,0.1052603964340025,0.9225714285714286,6.458,1.0,0.8035,0.03507299961113403,0.1886976290745417,"[4.406939711630295, 2.5566440873653993, 5.852832716203912, 1.2840903203943368]",L2 distance to closest symmetry-equivalent optimal vector,3.141592653589793,1.5707963267948966
iteration,parameter_shift,regular3,6,9,"[[0, 1], [0, 3], [0, 4], [1, 4], [1, 5], [2, 3], [2, 4], [2, 5], [3, 5]]",7.0,2,4,quantum_tilted_loss,Adam,"[4.525314226563329, 2.508640072545789, 6.277539181284928, 1.3863605664946994]",analytic_L-BFGS-B_parameter-shift_from_shared_initialization,"[4.400668108153182, 2.583331728252988, 4.277386505731298, 1.2627143830537833]",0.1083327878271136,0.9240050850114536,0.7967487849135514,13,18,8.791197452708817e-11,True,CONVERGENCE: NORM OF PROJECTED GRADIENT <= PGTOL,17,2.0,60,0.08,0.9,0.999,1e-08,0.05,20260725,default.qubit,2000,314159,300,1e-10,43.0,0.1104088867787048,0.9250714285714288,6.4755,1.0,0.7935000000000001,0.03524890175856761,0.2029879554634625,"[4.409133772228993, 2.556771116763702, 5.846368611327316, 1.2842099669187874]",L2 distance to closest symmetry-equivalent optimal vector,3.141592653589793,1.5707963267948966
iteration,parameter_shift,regular3,6,9,"[[0, 1], [0, 3], [0, 4], [1, 4], [1, 5], [2, 3], [2, 4], [2, 5], [3, 5]]",7.0,2,4,quantum_tilted_loss,Adam,"[4.525314226563329, 2.508640072545789, 6.277539181284928, 1.3863605664946994]",analytic_L-BFGS-B_parameter-shift_from_shared_initialization,"[4.400668108153182, 2.583331728252988, 4.277386505731298, 1.2627143830537833]",0.1083327878271136,0.9240050850114536,0.7967487849135514,13,18,8.791197452708817e-11,True,CONVERGENCE: NORM OF PROJECTED GRADIENT <= PGTOL,17,2.0,60,0.08,0.9,0.999,1e-08,0.05,20260725,default.qubit,2000,314159,300,1e-10,44.0,0.1194041295885293,0.9173571428571428,6.4215,1.0,0.778,0.032462114470137936,0.2131190448544378,"[4.409589834274427, 2.5593016066298238, 5.840993897971397, 1.2812902855522519]",L2 distance to closest symmetry-equivalent optimal vector,3.141592653589793,1.5707963267948966
iteration,parameter_shift,regular3,6,9,"[[0, 1], [0, 3], [0, 4], [1, 4], [1, 5], [2, 3], [2, 4], [2, 5], [3, 5]]",7.0,2,4,quantum_tilted_loss,Adam,"[4.525314226563329, 2.508640072545789, 6.277539181284928, 1.3863605664946994]",analytic_L-BFGS-B_parameter-shift_from_shared_initialization,"[4.400668108153182, 2.583331728252988, 4.277386505731298, 1.2627143830537833]",0.1083327878271136,0.9240050850114536,0.7967487849135514,13,18,8.791197452708817e-11,True,CONVERGENCE: NORM OF PROJECTED GRADIENT <= PGTOL,17,2.0,60,0.08,0.9,0.999,1e-08,0.05,20260725,default.qubit,2000,314159,300,1e-10,45.0,0.1147011685566204,0.921,6.447,1.0,0.7865,0.026228855049632648,0.2700371163443991,"[4.407431193381903, 2.5646706598824847, 5.836815331843498, 1.2755501912053566]",L2 distance to closest symmetry-equivalent optimal vector,3.141592653589793,1.5707963267948966
iteration,parameter_shift,regular3,6,9,"[[0, 1], [0, 3], [0, 4], [1, 4], [1, 5], [2, 3], [2, 4], [2, 5], [3, 5]]",7.0,2,4,quantum_tilted_loss,Adam,"[4.525314226563329, 2.508640072545789, 6.277539181284928, 1.3863605664946994]",analytic_L-BFGS-B_parameter-shift_from_shared_initialization,"[4.400668108153182, 2.583331728252988, 4.277386505731298, 1.2627143830537833]",0.1083327878271136,0.9240050850114536,0.7967487849135514,13,18,8.791197452708817e-11,True,CONVERGENCE: NORM OF PROJECTED GRADIENT <= PGTOL,17,2.0,60,0.08,0.9,0.999,1e-08,0.05,20260725,default.qubit,2000,314159,300,1e-10,46.0,0.1193887508496491,0.9159285714285714,6.4115,1.0,0.778,0.01941605467753169,0.1883994796942372,"[4.404535183564405, 2.572429187296608, 5.833942071278074, 1.2690676677769248]",L2 distance to closest symmetry-equivalent optimal vector,3.141592653589793,1.5707963267948966
iteration,parameter_shift,regular3,6,9,"[[0, 1], [0, 3], [0, 4], [1, 4], [1, 5], [2, 3], [2, 4], [2, 5], [3, 5]]",7.0,2,4,quantum_tilted_loss,Adam,"[4.525314226563329, 2.508640072545789, 6.277539181284928, 1.3863605664946994]",analytic_L-BFGS-B_parameter-shift_from_shared_initialization,"[4.400668108153182, 2.583331728252988, 4.277386505731298, 1.2627143830537833]",0.1083327878271136,0.9240050850114536,0.7967487849135514,13,18,8.791197452708817e-11,True,CONVERGENCE: NORM OF PROJECTED GRADIENT <= PGTOL,17,2.0,60,0.08,0.9,0.999,1e-08,0.05,20260725,default.qubit,2000,314159,300,1e-10,47.0,0.1067670937346415,0.9261428571428572,6.4830000000000005,1.0,0.798,0.015456744405733278,0.153954551142534,"[4.402056197742979, 2.581010693485256, 5.832972244404579, 1.2622296547624456]",L2 distance to closest symmetry-equivalent optimal vector,3.141592653589793,1.5707963267948966
iteration,parameter_shift,regular3,6,9,"[[0, 1], [0, 3], [0, 4], [1, 4], [1, 5], [2, 3], [2, 4], [2, 5], [3, 5]]",7.0,2,4,quantum_tilted_loss,Adam,"[4.525314226563329, 2.508640072545789, 6.277539181284928, 1.3863605664946994]",analytic_L-BFGS-B_parameter-shift_from_shared_initialization,"[4.400668108153182, 2.583331728252988, 4.277386505731298, 1.2627143830537833]",0.1083327878271136,0.9240050850114536,0.7967487849135514,13,18,8.791197452708817e-11,True,CONVERGENCE: NORM OF PROJECTED GRADIENT <= PGTOL,17,2.0,60,0.08,0.9,0.999,1e-08,0.05,20260725,default.qubit,2000,314159,300,1e-10,48.0,0.1042381455677906,0.9287142857142856,6.501,1.0,0.802,0.017903853838817117,0.0676021454158212,"[4.400312683646861, 2.5893761628289353, 5.8327933947620565, 1.255854960945263]",L2 distance to closest symmetry-equivalent optimal vector,3.141592653589793,1.5707963267948966
iteration,parameter_shift,regular3,6,9,"[[0, 1], [0, 3], [0, 4], [1, 4], [1, 5], [2, 3], [2, 4], [2, 5], [3, 5]]",7.0,2,4,quantum_tilted_loss,Adam,"[4.525314226563329, 2.508640072545789, 6.277539181284928, 1.3863605664946994]",analytic_L-BFGS-B_parameter-shift_from_shared_initialization,"[4.400668108153182, 2.583331728252988, 4.277386505731298, 1.2627143830537833]",0.1083327878271136,0.9240050850114536,0.7967487849135514,13,18,8.791197452708817e-11,True,CONVERGENCE: NORM OF PROJECTED GRADIENT <= PGTOL,17,2.0,60,0.08,0.9,0.999,1e-08,0.05,20260725,default.qubit,2000,314159,300,1e-10,49.0,0.1157590573619708,0.9202857142857144,6.442000000000001,1.0,0.7830000000000001,0.02249190594120306,0.1207956150842257,"[4.399747236550157, 2.596399332912368, 5.833730537910622, 1.2515158689930017]",L2 distance to closest symmetry-equivalent optimal vector,3.141592653589793,1.5707963267948966
iteration,parameter_shift,regular3,6,9,"[[0, 1], [0, 3], [0, 4], [1, 4], [1, 5], [2, 3], [2, 4], [2, 5], [3, 5]]",7.0,2,4,quantum_tilted_loss,Adam,"[4.525314226563329, 2.508640072545789, 6.277539181284928, 1.3863605664946994]",analytic_L-BFGS-B_parameter-shift_from_shared_initialization,"[4.400668108153182, 2.583331728252988, 4.277386505731298, 1.2627143830537833]",0.1083327878271136,0.9240050850114536,0.7967487849135514,13,18,8.791197452708817e-11,True,CONVERGENCE: NORM OF PROJECTED GRADIENT <= PGTOL,17,2.0,60,0.08,0.9,0.999,1e-08,0.05,20260725,default.qubit,2000,314159,300,1e-10,50.0,0.1103894376817236,0.926357142857143,6.484500000000001,1.0,0.7910000000000001,0.026641214994908465,0.1119079766116408,"[4.40058973047229, 2.601987181096062, 5.834772294600456, 1.2492281031699066]",L2 distance to closest symmetry-equivalent optimal vector,3.141592653589793,1.5707963267948966
iteration,parameter_shift,regular3,6,9,"[[0, 1], [0, 3], [0, 4], [1, 4], [1, 5], [2, 3], [2, 4], [2, 5], [3, 5]]",7.0,2,4,quantum_tilted_loss,Adam,"[4.525314226563329, 2.508640072545789, 6.277539181284928, 1.3863605664946994]",analytic_L-BFGS-B_parameter-shift_from_shared_initialization,"[4.400668108153182, 2.583331728252988, 4.277386505731298, 1.2627143830537833]",0.1083327878271136,0.9240050850114536,0.7967487849135514,13,18,8.791197452708817e-11,True,CONVERGENCE: NORM OF PROJECTED GRADIENT <= PGTOL,17,2.0,60,0.08,0.9,0.999,1e-08,0.05,20260725,default.qubit,2000,314159,300,1e-10,51.0,0.1123876907915427,0.9282142857142855,6.4975,1.0,0.786,0.028517286489572764,0.138930777499821,"[4.40232354157254, 2.6054226196227783, 5.8363720905743435, 1.2491868532734665]",L2 distance to closest symmetry-equivalent optimal vector,3.141592653589793,1.5707963267948966
iteration,parameter_shift,regular3,6,9,"[[0, 1], [0, 3], [0, 4], [1, 4], [1, 5], [2, 3], [2, 4], [2, 5], [3, 5]]",7.0,2,4,quantum_tilted_loss,Adam,"[4.525314226563329, 2.508640072545789, 6.277539181284928, 1.3863605664946994]",analytic_L-BFGS-B_parameter-shift_from_shared_initialization,"[4.400668108153182, 2.583331728252988, 4.277386505731298, 1.2627143830537833]",0.1083327878271136,0.9240050850114536,0.7967487849135514,13,18,8.791197452708817e-11,True,CONVERGENCE: NORM OF PROJECTED GRADIENT <= PGTOL,17,2.0,60,0.08,0.9,0.999,1e-08,0.05,20260725,default.qubit,2000,314159,300,1e-10,52.0,0.1039622525034359,0.929142857142857,6.504,1.0,0.802,0.02887421037775068,0.1500260155835277,"[4.405548835972721, 2.6071476147302053, 5.837478281563502, 1.2513956083461741]",L2 distance to closest symmetry-equivalent optimal vector,3.141592653589793,1.5707963267948966
iteration,parameter_shift,regular3,6,9,"[[0, 1], [0, 3], [0, 4], [1, 4], [1, 5], [2, 3], [2, 4], [2, 5], [3, 5]]",7.0,2,4,quantum_tilted_loss,Adam,"[4.525314226563329, 2.508640072545789, 6.277539181284928, 1.3863605664946994]",analytic_L-BFGS-B_parameter-shift_from_shared_initialization,"[4.400668108153182, 2.583331728252988, 4.277386505731298, 1.2627143830537833]",0.1083327878271136,0.9240050850114536,0.7967487849135514,13,18,8.791197452708817e-11,True,CONVERGENCE: NORM OF PROJECTED GRADIENT <= PGTOL,17,2.0,60,0.08,0.9,0.999,1e-08,0.05,20260725,default.qubit,2000,314159,300,1e-10,53.0,0.1186128414543395,0.9226428571428572,6.458500000000001,1.0,0.7765,0.02753482058713503,0.1203033877761615,"[4.408612719933318, 2.6066543425733277, 5.838834373902813, 1.2547324364829116]",L2 distance to closest symmetry-equivalent optimal vector,3.141592653589793,1.5707963267948966
iteration,parameter_shift,regular3,6,9,"[[0, 1], [0, 3], [0, 4], [1, 4], [1, 5], [2, 3], [2, 4], [2, 5], [3, 5]]",7.0,2,4,quantum_tilted_loss,Adam,"[4.525314226563329, 2.508640072545789, 6.277539181284928, 1.3863605664946994]",analytic_L-BFGS-B_parameter-shift_from_shared_initialization,"[4.400668108153182, 2.583331728252988, 4.277386505731298, 1.2627143830537833]",0.1083327878271136,0.9240050850114536,0.7967487849135514,13,18,8.791197452708817e-11,True,CONVERGENCE: NORM OF PROJECTED GRADIENT <= PGTOL,17,2.0,60,0.08,0.9,0.999,1e-08,0.05,20260725,default.qubit,2000,314159,300,1e-10,54.0,0.115199199613691,0.9235714285714286,6.465,1.0,0.783,0.025202455649564866,0.1155313020146834,"[4.411704206186277, 2.604147550387778, 5.840056392104004, 1.2589686086492597]",L2 distance to closest symmetry-equivalent optimal vector,3.141592653589793,1.5707963267948966
iteration,parameter_shift,regular3,6,9,"[[0, 1], [0, 3], [0, 4], [1, 4], [1, 5], [2, 3], [2, 4], [2, 5], [3, 5]]",7.0,2,4,quantum_tilted_loss,Adam,"[4.525314226563329, 2.508640072545789, 6.277539181284928, 1.3863605664946994]",analytic_L-BFGS-B_parameter-shift_from_shared_initialization,"[4.400668108153182, 2.583331728252988, 4.277386505731298, 1.2627143830537833]",0.1083327878271136,0.9240050850114536,0.7967487849135514,13,18,8.791197452708817e-11,True,CONVERGENCE: NORM OF PROJECTED GRADIENT <= PGTOL,17,2.0,60,0.08,0.9,0.999,1e-08,0.05,20260725,default.qubit,2000,314159,300,1e-10,55.0,0.0994138807532638,0.9360714285714286,6.5525,1.0,0.8089999999999999,0.021864818671124497,0.1477564337215747,"[4.412667808282513, 2.5999437580802116, 5.840609417010605, 1.2635869280526009]",L2 distance to closest symmetry-equivalent optimal vector,3.141592653589793,1.5707963267948966
iteration,parameter_shift,regular3,6,9,"[[0, 1], [0, 3], [0, 4], [1, 4], [1, 5], [2, 3], [2, 4], [2, 5], [3, 5]]",7.0,2,4,quantum_tilted_loss,Adam,"[4.525314226563329, 2.508640072545789, 6.277539181284928, 1.3863605664946994]",analytic_L-BFGS-B_parameter-shift_from_shared_initialization,"[4.400668108153182, 2.583331728252988, 4.277386505731298, 1.2627143830537833]",0.1083327878271136,0.9240050850114536,0.7967487849135514,13,18,8.791197452708817e-11,True,CONVERGENCE: NORM OF PROJECTED GRADIENT <= PGTOL,17,2.0,60,0.08,0.9,0.999,1e-08,0.05,20260725,default.qubit,2000,314159,300,1e-10,56.0,0.1153820101866133,0.9262857142857144,6.484000000000001,1.0,0.7815000000000001,0.017600399464323808,0.1363052540491915,"[4.41189595557855, 2.5941155219855685, 5.841386875667999, 1.2673224484408128]",L2 distance to closest symmetry-equivalent optimal vector,3.141592653589793,1.5707963267948966
iteration,parameter_shift,regular3,6,9,"[[0, 1], [0, 3], [0, 4], [1, 4], [1, 5], [2, 3], [2, 4], [2, 5], [3, 5]]",7.0,2,4,quantum_tilted_loss,Adam,"[4.525314226563329, 2.508640072545789, 6.277539181284928, 1.3863605664946994]",analytic_L-BFGS-B_parameter-shift_from_shared_initialization,"[4.400668108153182, 2.583331728252988, 4.277386505731298, 1.2627143830537833]",0.1083327878271136,0.9240050850114536,0.7967487849135514,13,18,8.791197452708817e-11,True,CONVERGENCE: NORM OF PROJECTED GRADIENT <= PGTOL,17,2.0,60,0.08,0.9,0.999,1e-08,0.05,20260725,default.qubit,2000,314159,300,1e-10,57.0,0.1030480680972224,0.9315,6.5205,1.0,0.804,0.013150891838976442,0.127709948725128,"[4.409349659346451, 2.5887118423592397, 5.842559388393391, 1.268797792733236]",L2 distance to closest symmetry-equivalent optimal vector,3.141592653589793,1.5707963267948966
iteration,parameter_shift,regular3,6,9,"[[0, 1], [0, 3], [0, 4], [1, 4], [1, 5], [2, 3], [2, 4], [2, 5], [3, 5]]",7.0,2,4,quantum_tilted_loss,Adam,"[4.525314226563329, 2.508640072545789, 6.277539181284928, 1.3863605664946994]",analytic_L-BFGS-B_parameter-shift_from_shared_initialization,"[4.400668108153182, 2.583331728252988, 4.277386505731298, 1.2627143830537833]",0.1083327878271136,0.9240050850114536,0.7967487849135514,13,18,8.791197452708817e-11,True,CONVERGENCE: NORM OF PROJECTED GRADIENT <= PGTOL,17,2.0,60,0.08,0.9,0.999,1e-08,0.05,20260725,default.qubit,2000,314159,300,1e-10,58.0,0.1127176345121186,0.9215714285714286,6.4510000000000005,1.0,0.7885,0.008094865573179028,0.1322734644371712,"[4.405308383297403, 2.5831813913637913, 5.844136742334931, 1.2679680720641522]",L2 distance to closest symmetry-equivalent optimal vector,3.141592653589793,1.5707963267948966
iteration,parameter_shift,regular3,6,9,"[[0, 1], [0, 3], [0, 4], [1, 4], [1, 5], [2, 3], [2, 4], [2, 5], [3, 5]]",7.0,2,4,quantum_tilted_loss,Adam,"[4.525314226563329, 2.508640072545789, 6.277539181284928, 1.3863605664946994]",analytic_L-BFGS-B_parameter-shift_from_shared_initialization,"[4.400668108153182, 2.583331728252988, 4.277386505731298, 1.2627143830537833]",0.1083327878271136,0.9240050850114536,0.7967487849135514,13,18,8.791197452708817e-11,True,CONVERGENCE: NORM OF PROJECTED GRADIENT <= PGTOL,17,2.0,60,0.08,0.9,0.999,1e-08,0.05,20260725,default.qubit,2000,314159,300,1e-10,59.0,0.1095673809302231,0.9205714285714286,6.444,1.0,0.7949999999999999,0.008260439594451567,0.0623860196563053,"[4.401963307781609, 2.5769652633363087, 5.845373385227253, 1.2669726045787006]",L2 distance to closest symmetry-equivalent optimal vector,3.141592653589793,1.5707963267948966
iteration,parameter_shift,regular3,6,9,"[[0, 1], [0, 3], [0, 4], [1, 4], [1, 5], [2, 3], [2, 4], [2, 5], [3, 5]]",7.0,2,4,quantum_tilted_loss,Adam,"[4.525314226563329, 2.508640072545789, 6.277539181284928, 1.3863605664946994]",analytic_L-BFGS-B_parameter-shift_from_shared_initialization,"[4.400668108153182, 2.583331728252988, 4.277386505731298, 1.2627143830537833]",0.1083327878271136,0.9240050850114536,0.7967487849135514,13,18,8.791197452708817e-11,True,CONVERGENCE: NORM OF PROJECTED GRADIENT <= PGTOL,17,2.0,60,0.08,0.9,0.999,1e-08,0.05,20260725,default.qubit,2000,314159,300,1e-10,60.0,0.120055820068716,0.917,6.419,1.0,0.7775,0.011247302463305683,0.0879215312544176,"[4.399048908351847, 2.5724001325102517, 5.847078641099581, 1.2644922977073092]",L2 distance to closest symmetry-equivalent optimal vector,3.141592653589793,1.5707963267948966
